{"sidebar":{"social-profile-icons-2":{"title":"","facebook":"#","behance":"#","flickr":"#","gplus":"#","pinterest":"#","instagram":"#","dribbble":"#","linkedin":"#","soundcloud":"#","twitter":"#","vimeo":"#","stumbleupon":"#","tumblr":"#","github":"#","youtube":"#","foursquare":"#","reddit":"#","dropbox":"#","skype":"#","email":"#","rss":"#"},"single_category_posts_widget-2":{"title":"Featured Category","cat":3,"title_length":7,"qty":4,"comment_num":0,"date":0,"show_thumb1":1,"box_layout":"vertical-small","show_excerpt":0,"excerpt_length":10},"tag_cloud-2":{"title":"","count":0,"taxonomy":"post_tag"},"mts_post_slider_widget-2":{"title":"Featured Posts","cat":null,"slides_num":3,"slider_nav":"bullets","show_title":0}}}