{"sidebar":{"search-3":{"title":""},"mts_popular_posts_widget-2":{"title":"Popular Posts","qty":3,"title_length":7,"comment_num":0,"date":1,"days":9999,"show_thumb3":1,"box_layout":"vertical-small","show_excerpt":0,"excerpt_length":10},"mts_ad_300_widget-1":{"title":"","ad":"https:\/\/demo.mythemeshop.com\/ad-sense-viral\/files\/2016\/10\/sidebar-banner.jpg","link":"http:\/\/mythemeshop.com\/themes\/writer\/"}},"footer-first":{"text-3":{"title":"","text":"<a style=\"font-size: 33px; line-height: 1; color: #000;\" href=\"https:\/\/demo.mythemeshop.com\/viral-photography\/\">Photography<\/a>\r\n<p style=\"font-size: 15px;\">Best Viral WordPress Theme<\/p>","filter":"content"},"social-profile-icons-2":{"title":"","facebook":"#","behance":"","flickr":"","gplus":"#","pinterest":"#","instagram":"#","dribbble":"","linkedin":"","soundcloud":"","twitter":"#","vimeo":"","stumbleupon":"","tumblr":"","github":"","youtube":"","foursquare":"","reddit":"","dropbox":"","skype":"","email":"","rss":""}},"footer-first-2":{"mts_widget_recent_tweets-2":{"title":"","consumerkey":"uALGWYZANMHuIz8SnJx6A","consumersecret":"h85rBBN1C54EDAlKM06itZho1EKfkB9xsJThMwE","accesstoken":"28959960-PSRUVP19F74YJ8F1rYSs6cnjaqxPqwxyBv68I0vF9","accesstokensecret":"kCTN92q50F8MnIUmi4hbanYbChTmuJJp5K3e3aUGA","cachetime":"24","username":"mythemeshopteam","tweetstoshow":"2"}},"footer-first-3":{"single_category_posts_widget-2":{"title":"Featured Category","cat":1,"title_length":7,"qty":2,"comment_num":0,"date":1,"show_thumb1":1,"box_layout":"horizontal-small","show_excerpt":0,"excerpt_length":10}},"footer-first-4":{"mts_post_slider_widget-2":{"title":"","cat":null,"slides_num":3,"slider_nav":"bullets","show_title":0}}}