{"sidebar":{"social-profile-icons-2":{"title":"Follow Us On","facebook":"#","behance":"#","flickr":"#","gplus":"#","pinterest":"#","instagram":"#","dribbble":"#","linkedin":"#","soundcloud":"#","twitter":"#","vimeo":"#","stumbleupon":"#","tumblr":"#","github":"#","youtube":"#","foursquare":"#","reddit":"#","dropbox":"#","skype":"#","email":"#","rss":"#"},"mts_recent_posts_widget-2":{"title":"Recent Posts","qty":3,"title_length":7,"comment_num":0,"date":0,"show_thumb2":1,"box_layout":"vertical-small","show_excerpt":0,"excerpt_length":10},"mts_widget_recent_tweets-2":{"title":"Latest Tweets","consumerkey":"uALGWYZANMHuIz8SnJx6A","consumersecret":"h85rBBN1C54EDAlKM06itZho1EKfkB9xsJThMwE","accesstoken":"28959960-PSRUVP19F74YJ8F1rYSs6cnjaqxPqwxyBv68I0vF9","accesstokensecret":"kCTN92q50F8MnIUmi4hbanYbChTmuJJp5K3e3aUGA","cachetime":"24","username":"mythemeshopteam","tweetstoshow":"5"}},"footer-first":{"categories-2":{"title":"","count":0,"hierarchical":0,"dropdown":0}},"footer-first-2":{"archives-2":{"title":"","count":0,"dropdown":0}},"footer-first-3":{"nav_menu-2":{"nav_menu":11}},"footer-first-4":{"recent-posts-2":{"title":"","number":3,"show_date":false}}}