{"sidebar":{"single_category_posts_widget-2":{"title":"Featured Category","cat":4,"title_length":20,"qty":4,"comment_num":0,"date":0,"show_thumb1":1,"box_layout":"vertical-small","show_excerpt":0,"excerpt_length":10},"wpt_widget-2":{"tabs":{"popular":"1","recent":"1"},"tab_order":{"popular":"1","recent":"2","comments":"3","tags":"4"},"allow_pagination":"1","post_num":"5","title_length":"7","comment_num":"5","show_thumb":"1","thumb_size":"small","show_date":null,"show_excerpt":null,"excerpt_length":"15","show_comment_num":null,"show_avatar":"1","show_love":null},"tag_cloud-2":{"title":"","count":0,"taxonomy":"post_tag"}},"footer-first":{"mts_popular_posts_widget-2":{"title":"Popular Posts","qty":3,"title_length":20,"comment_num":0,"date":0,"days":999,"show_thumb3":1,"box_layout":"horizontal-small","show_excerpt":0,"excerpt_length":10}},"footer-first-2":{"mts_widget_recent_tweets-2":{"title":"Latest Tweet","consumerkey":"uALGWYZANMHuIz8SnJx6A","consumersecret":"h85rBBN1C54EDAlKM06itZho1EKfkB9xsJThMwE","accesstoken":"28959960-PSRUVP19F74YJ8F1rYSs6cnjaqxPqwxyBv68I0vF9","accesstokensecret":"kCTN92q50F8MnIUmi4hbanYbChTmuJJp5K3e3aUGA","cachetime":"24","username":"mythemeshopteam","tweetstoshow":"3"}},"footer-first-3":{"facebook-like-widget-2":{"title":"Find us on Facebook","page_url":"https:\/\/www.facebook.com\/MyThemeShop","width":"360","show_faces":"on","show_stream":null,"show_header":"on"}}}