{"sidebar":{"social-profile-icons-1":{"title":"Follow Us","facebook":"#","behance":"#","flickr":"#","gplus":"#","pinterest":"#","instagram":"#","dribbble":"#","linkedin":"#","soundcloud":"#","twitter":"#","vimeo":"#","stumbleupon":"#","tumblr":"#","github":"#","youtube":"#","foursquare":"#","reddit":"#","dropbox":"#","skype":"#","email":"#","rss":"#"},"facebook-like-widget-1":{"title":"Find us on Facebook","page_url":"https:\/\/www.facebook.com\/MyThemeShop","width":"300","show_faces":"on","show_stream":null,"show_header":"on"},"tag_cloud-2":{"title":"","count":0,"taxonomy":"post_tag"},"categories-4":{"title":"","count":1,"hierarchical":0,"dropdown":0},"mts_recent_posts_widget-2":{"title":"Recent Posts","qty":4,"title_length":7,"comment_num":1,"date":1,"show_thumb2":1,"box_layout":"horizontal-small","show_excerpt":0,"excerpt_length":10}}}