{"sidebar":{"mts_recent_postthumbs_widget-2":{"qty":12},"facebook-like-widget-4":{"title":"Find us on Facebook","page_url":"http:\/\/facebook.com\/MyThemeShop","width":"300","show_faces":"on","show_stream":null,"show_header":"on"},"media_video-2":{"attachment_id":0,"url":"https:\/\/www.youtube.com\/watch?v=wy4krbuoNOo","title":"","preload":"metadata","content":"","mp4":"","m4v":"","webm":"","ogv":"","flv":"","loop":false},"mts_popular_posts_widget-2":{"title":"Popular Posts","qty":5,"title_length":7,"comment_num":0,"date":1,"days":9999,"show_thumb3":1,"box_layout":"horizontal-small","show_excerpt":0,"excerpt_length":10},"tag_cloud-2":{"title":"","count":0,"taxonomy":"post_tag"}},"widget-header":{"mts_ad_728_widget-2":{"title":"","ad":"https:\/\/demo.mythemeshop.com\/viral-food\/files\/2017\/06\/food-img.jpg","link":"https:\/\/mythemeshop.com\/themes\/viral\/"}},"footer-first":{"meta-2":{"title":""}},"footer-first-2":{"recent-posts-2":{"title":"","number":3,"show_date":false}},"footer-first-3":{"text-2":{"title":"Text Widget","text":"Lorem ipsum dolor sit amet, consectetur adipiscing elit. Morbi auctor elementum sollicitudin. Quisque justo ex, egestas sit amet nunc at, cursus consectetur massa. Nunc tempor quis dolor id porta. Nullam ornare diam nisi, eget fermentum massa ullamcorper maximus.","filter":"content"}}}