{"sidebar":{"mts_ad_300_widget-3":{"title":"","ad":"https:\/\/demo.mythemeshop.com\/dividend\/wp-content\/themes\/mts_dividend\/images\/300x250.png","link":"http:\/\/mythemeshop.com\/"},"mts_deals_recent_posts_widget-2":{"title":"Hottest Deals","qty":4,"title_length":7,"comment_num":0,"date":0,"show_thumb2":1,"box_layout":"horizontal-small","deals_btn":1,"show_excerpt":0,"excerpt_length":10},"single_category_posts_widget-2":{"title":"Featured Category","cat":18,"title_length":7,"qty":4,"comment_num":0,"date":0,"show_thumb1":1,"box_layout":"horizontal-small","show_excerpt":0,"excerpt_length":10}},"widget-subscribe":{"wp_subscribe-2":{"title":"<span>Don't miss out,<\/span> subscribe!","service":"aweber","aweber_consumer_key":"","aweber_consumer_secret":"","aweber_access_key":"","aweber_access_secret":"","aweber_account_id":"","aweber_list_id":"none","feedburner_id":"","mailchimp_api_key":"","mailchimp_list_id":"none","mailchimp_double_optin":"0","include_name_field":"0","text":"","name_placeholder":"Enter your name here","email_placeholder":"Enter your email here","button_text":"GO","success_message":"Thank you for subscribing.","error_message":"Something went wrong.","footer_text":"Weekly deals + Free eBook. No spam"}},"post-layout-2home-layout-2":{"facebook-like-widget-2":{"title":"","page_url":"https:\/\/www.facebook.com\/MyThemeShop","width":"374","show_faces":"on","show_stream":"on","show_header":"on"}},"post-layout-6featured":{"mts_ad_300_widget-2":{"title":"","ad":"https:\/\/demo.mythemeshop.com\/dividend\/files\/2017\/08\/img1.jpg","link":"http:\/\/mythemeshop.com\/themes\/dividend\/"}},"widget-single-subscribe":{"wp_subscribe-4":{"title":"<span>Don't miss out,<\/span> subscribe!","service":"aweber","aweber_consumer_key":"","aweber_consumer_secret":"","aweber_access_key":"","aweber_access_secret":"","aweber_account_id":"","aweber_list_id":"none","feedburner_id":"","mailchimp_api_key":"","mailchimp_list_id":"none","mailchimp_double_optin":"0","include_name_field":"0","text":"","name_placeholder":"Enter your name here","email_placeholder":"Enter your email here","button_text":"GO","success_message":"Thank you for subscribing.","error_message":"Something went wrong.","footer_text":"Weekly deals + Free eBook. No spam"}},"widget-deals-subscribe":{"wp_subscribe-3":{"title":"<span>Don't miss out,<\/span> subscribe!","service":"feedburner","aweber_consumer_key":"","aweber_consumer_secret":"","aweber_access_key":"","aweber_access_secret":"","aweber_account_id":"","aweber_list_id":"none","feedburner_id":"","mailchimp_api_key":"","mailchimp_list_id":"none","mailchimp_double_optin":"0","include_name_field":"0","text":"","name_placeholder":"Enter your name here","email_placeholder":"Enter your email here","button_text":"GO","success_message":"Thank you for subscribing.","error_message":"Something went wrong.","footer_text":"Weekly deals + Free eBook. No spam"}},"footer-first":{"mts_recent_posts_widget-2":{"title":"Recent Posts","qty":4,"title_length":7,"comment_num":1,"date":1,"show_thumb2":0,"box_layout":"horizontal-small","show_excerpt":0,"excerpt_length":10}},"footer-first-2":{"mts_popular_posts_widget-2":{"title":"Popular Posts","qty":4,"title_length":7,"comment_num":1,"date":1,"days":999,"show_thumb3":0,"box_layout":"horizontal-small","show_excerpt":0,"excerpt_length":10}},"footer-first-3":{"text-2":{"title":"","text":"Nullam non magna ut metus auctor iaculis non et turpis. Cras accumsan felis felis, a sodales est tincidunt ut.","filter":true,"visual":true},"archives-4":{"title":"","count":0,"dropdown":0}},"shop-sidebar":{"woocommerce_product_search-1":{"title":"Search Products"},"woocommerce_price_filter-1":{"title":"Filter by price"},"woocommerce_top_rated_products-1":{"title":"Top Rated Products","number":"3"},"woocommerce_recent_reviews-1":{"title":"Recent Reviews","number":"3"}},"product-sidebar":{"woocommerce_products-1":{"title":"New Arrivals","number":"3","show":"","orderby":"date","order":"desc","hide_free":0,"show_hidden":0},"woocommerce_recently_viewed_products-1":{"title":"Recently Viewed","number":"3"}}}