{"sidebar":{"mts_ad_300_widget-2":{"title":"","ad":"https:\/\/demo.mythemeshop.com\/clean-portfolio\/files\/2017\/07\/img1.jpg","link":"https:\/\/mythemeshop.com\/themes\/clean\/"},"mts_ad_300_widget-3":{"title":"","ad":"https:\/\/demo.mythemeshop.com\/clean-portfolio\/files\/2017\/07\/img2.jpg","link":"https:\/\/mythemeshop.com\/themes\/clean\/"},"mts_ad_300_widget-4":{"title":"","ad":"https:\/\/demo.mythemeshop.com\/clean-portfolio\/files\/2017\/07\/img3.jpg","link":"https:\/\/mythemeshop.com\/themes\/clean\/"},"mts_ad_300_widget-5":{"title":"","ad":"https:\/\/demo.mythemeshop.com\/clean-portfolio\/files\/2017\/07\/img3-2.jpg","link":"https:\/\/mythemeshop.com\/themes\/clean\/"}}}