{"sidebar":{"search-2":{"title":""},"about_author_widget-2":{"title":"About Me"},"wpt_widget-2":{"tabs":{"popular":"1","recent":"1"},"tab_order":{"popular":"1","recent":"2","comments":"3","tags":"4"},"allow_pagination":"1","post_num":"5","title_length":"15","comment_num":"5","show_thumb":"1","thumb_size":"small","show_date":"1","show_excerpt":null,"excerpt_length":"15","show_comment_num":null,"show_avatar":"1"},"text-3":{"title":"Text Widget","text":"Nam ipsum risus, rutrum vitae, vestibulum eu, molestie vel, lacus. Class aptent taciti sociosqu ad litora torquent per conubia nostra, per inceptos hymenaeos. Praesent blandit laoreet nibh. Nulla consequat massa quis enim. Vestibulum turpis sem, aliquet eget, lobortis pellentesque, rutrum eu, nisl.","filter":false},"wp_subscribe-4":{"title":"Get more stuff","service":"mailchimp","feedburner_id":"","mailchimp_api_key":"","mailchimp_list_id":"","mailchimp_double_optin":"0","aweber_list_id":"","getresponse_api_key":"","getresponse_list_id":"","include_name_field":"1","text":"Subscribe to our mailing list and get interesting stuff and updates to your email inbox.","name_placeholder":"Enter your name here","email_placeholder":"Enter your email here","button_text":"Sign Up Now","success_message":"Thank you for subscribing.","error_message":"Something went wrong.","footer_text":"we respect your privacy and take protecting it seriously","background_color":"#2a2f2d","title_color":"#c0c0c0","text_color":"#959494","field_text_color":"#999999","field_background_color":"#e7e7e7","button_text_color":"#2a2f2d","button_background_color":"#ffa054","footer_text_color":"#959494"},"mts_ad_300_widget-2":{"title":"","ad":"http:\/\/demo.mythemeshop.com\/steadyincome\/wp-content\/themes\/steadyincome\/images\/300x250.png","link":"http:\/\/mythemeshop.com\/"}},"banner":{"wp_subscribe-2":{"title":"Get 'Making Money In Your PJs' E-Book for Free!","service":"mailchimp","feedburner_id":"","mailchimp_api_key":"","mailchimp_list_id":"","mailchimp_double_optin":"0","aweber_list_id":"","getresponse_api_key":"","getresponse_list_id":"","include_name_field":"1","text":"","name_placeholder":"Name","email_placeholder":"Email","button_text":"Get this book now!","success_message":"Thank you for subscribing.","error_message":"Something went wrong.","footer_text":"100% Privacy. No Spam.","background_color":"#f5f5f5","title_color":"#2a2f2d","text_color":"#959494","field_text_color":"#999999","field_background_color":"#e7e7e7","button_text_color":"#2a2f2d","button_background_color":"#ffa054","footer_text_color":"#959494"}},"footer-first":{"text-2":{"title":"About Me","text":"Suspendisse enim turpis, dictum sed, iaculis a, condimentum nec, nisi. Pellentesque ut neque. Phasellus leo dolor, tempus non, auctor et, hendrerit quis, nisi. In ut quam vitae odio lacinia tincidunt. Aenean vulputate eleifend tellus.\r\n\r\n<div class=\"readMore\"><a href=\"http:\/\/demo.mythemeshop.com\/steadyincome\/blog\/\" >Read more<\/a><\/div>","filter":false}},"footer-first-2":{"mts_recent_posts_widget-2":{"title":"Recent Posts","qty":3,"title_length":7,"comment_num":0,"date":1,"show_thumb2":1,"box_layout":"horizontal-small","show_excerpt":0,"excerpt_length":10}},"footer-first-3":{"mts_popular_posts_widget-2":{"title":"Popular Posts","qty":3,"title_length":7,"comment_num":0,"date":1,"days":99999,"show_thumb3":1,"box_layout":"horizontal-small","show_excerpt":0,"excerpt_length":10}},"footer-first-4":{"wp_subscribe-3":{"title":"Newsletter","service":"feedburner","feedburner_id":"","mailchimp_api_key":"","mailchimp_list_id":"","mailchimp_double_optin":"0","aweber_list_id":"","getresponse_api_key":"","getresponse_list_id":"","include_name_field":"0","text":"","name_placeholder":"Enter your name here","email_placeholder":"Email","button_text":"Subscribe Now!","success_message":"Thank you for subscribing.","error_message":"Something went wrong.","footer_text":"100% Privacy. No spam.","background_color":"#2a2f2d","title_color":"#c0c0c0","text_color":"#c0c0c0","field_text_color":"#ababab","field_background_color":"#e7e7e7","button_text_color":"#000000","button_background_color":"#ffa054","footer_text_color":"#c0c0c0"},"social-profile-icons-3":{"title":"Connect With Me","facebook":"#","behance":"#","flickr":"","gplus":"#","pinterest":"#","instagram":"#","dribbble":"#","linkedin":"#","soundcloud":"","twitter":"","vimeo":"","stumbleupon":"","tumblr":"","github":"","youtube":"","foursquare":"","reddit":"","dropbox":"","skype":"","email":"","rss":""}}}