{"sidebar":{"search-2":{"title":""},"single_category_posts_widget-2":{"title":"Featured Category","cat":2,"title_length":7,"qty":5,"comment_num":1,"date":1,"show_thumb1":1,"box_layout":"horizontal-small","show_excerpt":0,"excerpt_length":10}},"footer-bottom":{"mts_recent_posts_widget-2":{"title":"Recent Posts","qty":2,"title_length":7,"comment_num":1,"date":1,"show_thumb2":1,"box_layout":"horizontal-small","show_excerpt":0,"excerpt_length":10}},"footer-bottom-2":{"text-3":{"title":"Text Widget","text":"Ut tincidunt tincidunt erat. Praesent blandit laoreet nibh. Donec pede justo, fringilla vel, aliquet nec, vulputate eget, arcu. In hac habitasse platea dictumst. Suspendisse non nisl sit amet velit hendrerit rutrum.\r\n\r\nSed hendrerit. Fusce fermentum. In enim justo, rhoncus ut, imperdiet a, venenatis vitae, justo.","filter":true}},"footer-bottom-3":{"tag_cloud-2":{"title":"","taxonomy":"post_tag"},"social-profile-icons-2":{"title":"","facebook":"#","behance":"","flickr":"","gplus":"#","pinterest":"#","instagram":"#","dribbble":"#","linkedin":"","soundcloud":"#","twitter":"#","vimeo":"#","stumbleupon":"#","tumblr":"#","github":"#","youtube":"#","foursquare":"#","reddit":"#","dropbox":"","skype":"","email":"#","rss":"#"}},"shop-sidebar":{"woocommerce_product_search-2":{"title":""},"woocommerce_price_filter-2":{"title":"Filter by price"},"woocommerce_product_categories-2":{"title":"Product Categories","orderby":"name","dropdown":0,"count":0,"hierarchical":1,"show_children_only":0,"hide_empty":0},"woocommerce_top_rated_products-2":{"title":"Top Rated Products","number":5}},"product-sidebar":{"text-2":{"title":"Satisfaction Guaranteed","text":"Sed augue ipsum, egestas nec, vestibulum et, malesuada adipiscing, dui. Curabitur at lacus ac velit ornare lobortis. Praesent ac sem eget est egestas volutpat. Curabitur at lacus ac velit ornare lobortis. Donec sodales sagittis magna.","filter":false},"woocommerce_recently_viewed_products-2":{"title":"Recently Viewed Products","number":5}}}