{"sidebar":{"mts_ad_300_widget-2":{"title":"","ad":"https:\/\/demo.mythemeshop.com\/bloggingbox-fitness\/wp-content\/themes\/mts_iblog\/images\/300x250.png","link":"http:\/\/mythemeshop.com\/"},"wpt_widget-2":{"tabs":{"latest":{"tab_name":"Latest","icon":"Select Tab Icon","num_post":"5","show_thumbnail":"1","thumb_size":"small","small_thumb_align":"left","custom_thumb_align":"left","custom_thumb_w":"65","custom_thumb_h":"65","show_date":"1","show_comment":"1","show_excerpt":"0","excerpt_length":"15","allow_pagination":"1","title_length":"10"},"popular":{"tab_name":"Popular","icon":"Select Tab Icon","popular_query_by":"views","num_post":"5","days":"","custom_days":"90","show_thumbnail":"1","thumb_size":"small","small_thumb_align":"left","custom_thumb_align":"left","custom_thumb_w":"65","custom_thumb_h":"65","show_date":"1","show_comment":"1","show_excerpt":"0","excerpt_length":"15","allow_pagination":"1","title_length":"10"}},"template":{"style":"","pagination_style":"","loader":"wpt-load8","bg":"","color":"","link_color":"","link_hover_color":"","list_hover_bg":"","tab_bg":"","tab_color":"","tab_hover_bg":"","tab_hover_color":"","tab_active_bg":"","tab_active_color":"","nav_bg":"","nav_color":"","nav_button_bg":"","nav_button_color":"","nav_hover_bg":"","nav_hover_color":"","nav_active_bg":"","nav_active_color":""},"use_ajax":"1"},"facebook-like-widget-2":{"title":"Find us on Facebook","page_url":"https:\/\/www.facebook.com\/MyThemeShop","width":"260","show_faces":"on","show_stream":null,"show_header":"on"},"mts_post_slider_widget-2":{"title":"Featured Posts","cat":null,"slides_num":3,"slider_nav":"arrows","show_title":0},"tag_cloud-2":{"title":"","taxonomy":"post_tag"},"wp_subscribe-2":{"title":"Get more stuff","service":"feedburner","aweber_consumer_key":"","aweber_consumer_secret":"","aweber_access_key":"","aweber_access_secret":"","aweber_account_id":"","aweber_list_id":"none","feedburner_id":"","mailchimp_api_key":"","mailchimp_list_id":"none","mailchimp_double_optin":"0","include_name_field":"0","text":"Subscribe to our mailing list and get interesting stuff and updates to your email inbox.","name_placeholder":"Enter your name here","email_placeholder":"Enter your email here","button_text":"Sign Up Now","success_message":"Thank you for subscribing.","error_message":"Something went wrong.","footer_text":"we respect your privacy and take protecting it seriously"}}}