{"purple":{"last_tab":"main","mts_logo":"3036","mts_favicon":"","mts_touch_icon":"","mts_metro_icon":"","mts_twitter_username":"","mts_feedburner":"","mts_ajax_search":"0","mts_responsive":"1","mts_shop_products":"9","async_js":"1","remove_ver_params":"1","disable_emojis":"0","prefetching":"0","mts_color_scheme":"#6c62ff","mts_button_background":{"color":"#6c62ff","use":"gradient","image_pattern":"nobg","image_upload":"","repeat":"repeat","attachment":"scroll","position":"","size":"cover","gradient":{"from":"#6C62FF","to":"#A179FF","direction":"65deg"},"parallax":"0"},"mts_button_hover_background":"#A179FF","mts_layout":"cslayout","mts_background":{"color":"#fefefe","use":"pattern","image_pattern":"nobg","image_upload":"","repeat":"repeat","attachment":"scroll","position":"left top","size":"cover","gradient":{"from":"#ffffff","to":"#000000","direction":"0deg"},"parallax":"0"},"mts_lightbox":"0","mts_header_style":"header-default","mts_sticky_nav":"0","mts_header_margin":{"top":"0","bottom":"0"},"mts_header_padding":{"top":"20px","bottom":"20px"},"mts_header_border":{"color":"","direction":"all","size":"","style":"none"},"header_search_box":"0","mts_header_section2":"1","mts_main_navigation_background":{"color":"","use":"pattern","image_pattern":"nobg","image_upload":"","repeat":"repeat","attachment":"scroll","position":"left top","size":"cover","gradient":{"from":"#ffffff","to":"#000000","direction":"0deg"},"parallax":"0"},"main_navigation_dropdown_color":"#6c62ff","main_navigation_dropdown_hover_color":"#253858","featured_area":"1","featured_area_title":"Julia Conner","featured_area_subtitle":"Professional Blogger","featured_area_desc":"Lorem ipsum dolor sit amet, consectetur adipisicing elit. Nemo enim ipsam voluptatem ","featured_area_image":"https:\/\/demo.mythemeshop.com\/purple-beta\/wp-content\/themes\/mts_purple\/images\/featured-area-author.png","featured_area_image_position":"right","featured_area_background":{"color":"","use":"upload","image_pattern":"nobg","image_upload":"https:\/\/demo.mythemeshop.com\/purple-beta\/wp-content\/themes\/mts_purple\/images\/featured-area.jpg","repeat":"no-repeat","attachment":"scroll","position":"","size":"cover","gradient":{"from":"#ffffff","to":"#000000","direction":"0deg"},"parallax":"0"},"featured_area_title_font":{"preview-color":"dark","font-family":"Montserrat","font-backup":"","font-weight":"900","font-style":"","color":"#ffffff","font-size":"60px","line-height":"1.1","letter-spacing":"","margin-top":"","margin-bottom":"","css-selectors":".featured-area-title","additional-css":"text-transform: uppercase;"},"featured_area_subtitle_font":{"preview-color":"dark","font-family":"Montserrat","font-backup":"","font-weight":"600","font-style":"","color":"#cbbfff","font-size":"20px","line-height":"","letter-spacing":"","margin-top":"","margin-bottom":"","css-selectors":".featured-area-subtitle","additional-css":"text-transform: uppercase;"},"featured_area_desc_font":{"preview-color":"dark","font-family":"Montserrat","font-backup":"","font-weight":"500","font-style":"","color":"#e7e1ff","font-size":"18px","line-height":"35px","letter-spacing":"","margin-top":"","margin-bottom":"","css-selectors":".featured-area-desc","additional-css":""},"featured_subscribe_title_font":{"preview-color":"dark","font-family":"Montserrat","font-backup":"","font-weight":"700","font-style":"","color":"#ffffff","font-size":"20px","line-height":"1.4","letter-spacing":"","margin-top":"","margin-bottom":"","css-selectors":".featured-subscribe .widget #wp-subscribe .title, .featured-subscribe .widget h3","additional-css":""},"featured_subscribe_text_font":{"preview-color":"dark","font-family":"Montserrat","font-backup":"","font-weight":"500","font-style":"","color":"#ffffff","font-size":"14px","line-height":"28px","letter-spacing":"","margin-top":"","margin-bottom":"","css-selectors":".featured-subscribe, .featured-subscribe .widget #wp-subscribe p, .featured-subscribe .widget .wp-subscribe .wps-consent-wrapper label, .featured-subscribe .post-info","additional-css":""},"featured_subscribe_input_font":{"preview-color":"light","font-family":"Montserrat","font-backup":"","font-weight":"500","font-style":"","color":"#6554c0","font-size":"14px","line-height":"","letter-spacing":"","margin-top":"","margin-bottom":"","css-selectors":".featured-subscribe #wp-subscribe input.email-field, .featured-subscribe #wp-subscribe input.name-field","additional-css":""},"featured_subscribe_input_height":"46","featured_subscribe_input_border_radius":"4","featured_subscribe_input_border":{"color":"","direction":"all","size":"","style":"none"},"featured_subscribe_input_background":"#ffffff","featured_subscribe_submit_background":{"color":"#a179ff","use":"pattern","image_pattern":"nobg","image_upload":"","repeat":"repeat","attachment":"scroll","position":"left top","size":"cover","gradient":{"from":"#ffffff","to":"#000000","direction":"0deg"},"parallax":"0"},"featured_subscribe_submit_font":{"preview-color":"dark","font-family":"Montserrat","font-backup":"","font-weight":"700","font-style":"","color":"#ffffff","font-size":"14px","line-height":"","letter-spacing":"","margin-top":"","margin-bottom":"","css-selectors":".featured-subscribe .widget #wp-subscribe input.submit","additional-css":""},"mts_top_footer":"1","mts_top_footer_num":"4","footer_sections_position":"bottom","mts_copyrights":"Theme by <a href=\"http:\/\/mythemeshop.com\/\" rel=\"nofollow\">MyThemeShop<\/a>","mts_top_footer_margin":{"top":"50px","right":"0","bottom":"0","left":"0"},"mts_top_footer_padding":{"top":"80px","right":"0","bottom":"0","left":"0"},"mts_footer_background":{"color":"","use":"upload","image_pattern":"nobg","image_upload":"https:\/\/demo.mythemeshop.com\/purple-beta\/wp-content\/themes\/mts_purple\/images\/footer-bg.jpg","repeat":"no-repeat","attachment":"scroll","position":"","size":"cover","gradient":{"from":"#ffffff","to":"#000000","direction":"0deg"},"parallax":"0"},"mts_copyrights_background":{"color":"","use":"pattern","image_pattern":"nobg","image_upload":"","repeat":"repeat","attachment":"scroll","position":"left top","size":"cover","gradient":{"from":"#ffffff","to":"#000000","direction":"0deg"},"parallax":"0"},"copyrights_border":{"color":"","direction":"all","size":"","style":"none"},"footer_logo_social_icons":"1","footer_logo_social":[{"group_title":"Facebook","group_sort":"1","footer_logo_social_title":"Facebook","footer_logo_social_icon":"facebook","footer_logo_social_link":"#","footer_logo_social_bgcolor":"#a792ff","footer_logo_social_hover_bgcolor":"","footer_logo_social_color":"#ffffff","footer_logo_social_hover_color":"","footer_logo_social_border_radius":"20","footer_logo_social_border_size":"1","footer_logo_social_border_style":"none","footer_logo_social_border_color":""},{"group_title":"Twitter","group_sort":"2","footer_logo_social_title":"Twitter","footer_logo_social_icon":"twitter","footer_logo_social_link":"#","footer_logo_social_bgcolor":"#a792ff","footer_logo_social_hover_bgcolor":"","footer_logo_social_color":"#ffffff","footer_logo_social_hover_color":"","footer_logo_social_border_radius":"20","footer_logo_social_border_size":"1","footer_logo_social_border_style":"none","footer_logo_social_border_color":""},{"group_title":"Instagram","group_sort":"3","footer_logo_social_title":"Instagram","footer_logo_social_icon":"instagram","footer_logo_social_link":"#","footer_logo_social_bgcolor":"#a792ff","footer_logo_social_hover_bgcolor":"","footer_logo_social_color":"#ffffff","footer_logo_social_hover_color":"","footer_logo_social_border_radius":"20","footer_logo_social_border_size":"1","footer_logo_social_border_style":"none","footer_logo_social_border_color":""}],"footer_logo_social_width":"40","footer_logo_social_height":"40","footer_logo_social_font_size":"15","show_top_button":"1","bt_top_button_position":"floating","top_button_icon":"angle-up","top_button_text":"","top_button_color":"#ffffff","top_button_font_size":"40","top_button_padding":{"top":"25px","right":"35px","bottom":"25px","left":"32px"},"top_button_position":{"top":"auto","right":"0px","bottom":"100px","left":"auto"},"button_border_top_radius":{"top":"100px","right":"0","bottom":"0","left":"100px"},"top_button_border":{"color":"","direction":"all","size":"","style":"none"},"footer_brands_section":"0","footer_brands_alignment":"center","brands_section_title":"Our Brands:","brands_margin":{"top":"0","right":"0","bottom":"0","left":"0"},"brands_padding":{"top":"30px","right":"0","bottom":"27px","left":"0"},"brands_border":{"color":"","direction":"all","size":"","style":"none"},"social_button_layout":"circular","mts_social_button_position":"bottom","mts_social_buttons_on_pages":"0","mts_social_buttons":{"enabled":{"facebookshare":"Facebook Share","twitter":"Twitter","pinterest":"Pinterest","reddit":"Reddit"},"disabled":{"facebook":"Facebook Like","linkedin":"LinkedIn","stumble":"StumbleUpon"}},"social_styling_margin":{"top":"0","right":"0","bottom":"0","left":"-152px"},"social_styling_box_shadow":"1","social_styling_border":{"color":"","direction":"all","size":"","style":"none"},"social_styling_background":{"color":"","use":"pattern","image_pattern":"nobg","image_upload":"","repeat":"repeat","attachment":"scroll","position":"left top","size":"cover","gradient":{"from":"#ffffff","to":"#000000","direction":"0deg"},"parallax":"0"},"detect_adblocker":"0","detect_adblocker_type":"popup","detect_adblocker_title":"Ad Blocker Detected","detect_adblocker_description":"Our website is made possible by displaying online advertisements to our visitors. Please consider supporting us by disabling your ad blocker.","background_clickable":"0","background_link":"","background_link_new_tab":"1","mts_header_adcode":"","header_adcode_show":"all","header_ad_size":"27","mts_header_adcode_margin":{"top":"20px","bottom":"0"},"navigation_ad":"0","navigation_adcode":"","navigation_ad_size":"26","navigation_ad_background":"#252525","mts_postfooter_adcode":"","mts_postfooter_adcode_time":"0","mts_posttop_adcode":"","mts_posttop_adcode_time":"0","mts_postend_adcode":"","mts_postend_adcode_time":"0","search_content":"all","search_results_per_page":"9","search_position":"above","mts_header_code":"","mts_analytics_code":"","mts_custom_css":"","retina_images":"1","images_responsive":"0","status_opengraph":"1","dynamic_css_compiler":"1","dynamic_css_db_caching":"0","cache_server_ip":""},"purple_homepage":{"last_tab":"homepage-general","mts_featured_categories":[{"group_title":"","group_sort":"1","mts_featured_title":"Categories","unique_id":"5c9a650a066d5","mts_thumb_layout":"layout-category","mts_featured_category":"latest","mts_featured_category_postsnum":"","mts_featured_category_excerpt":""},{"group_title":"","group_sort":"1","mts_featured_title":"Latest Posts","unique_id":"5c9ca135221f2","mts_thumb_layout":"layout-default","mts_featured_category":"latest","mts_featured_category_postsnum":"4","mts_featured_category_excerpt":"20"}],"cat_section_5c9a650a066d5":[{"group_title":"Life Style","group_sort":"4","cat_section_title":"Business","cat_section_category":"56","cat_section_icon":"flask","cat_section_color":"#6c62ff"},{"group_title":"","group_sort":"5","cat_section_title":"Culture","cat_section_category":"57","cat_section_icon":"line-chart","cat_section_color":"#6c62ff"},{"group_title":"","group_sort":"6","cat_section_title":"Featured","cat_section_category":"59","cat_section_icon":"bar-chart","cat_section_color":"#6c62ff"},{"group_title":"","group_sort":"7","cat_section_title":"Hottest","cat_section_category":"60","cat_section_icon":"fire","cat_section_color":"#6c62ff"},{"group_title":"","group_sort":"8","cat_section_title":"Politics","cat_section_category":"61","cat_section_icon":"cubes","cat_section_color":"#6c62ff"},{"group_title":"","group_sort":"9","cat_section_title":"Trending","cat_section_category":"62","cat_section_icon":"soccer-ball-o","cat_section_color":"#6c62ff"}],"mts_featured_category_background_5c9a650a066d5":{"color":"#ffffff","use":"pattern","image_pattern":"nobg","image_upload":"","repeat":"repeat","attachment":"scroll","position":"left top","size":"cover","gradient":{"from":"#ffffff","to":"#000000","direction":"0deg"},"parallax":"0"},"post_border_5c9a650a066d5":{"color":"","direction":"all","size":"","style":"none"},"mts_featured_category_margin_5c9a650a066d5":{"top":"-110px","bottom":"30px"},"mts_featured_category_padding_5c9a650a066d5":{"top":"30px","right":"10px","bottom":"30px","left":"10px"},"post_category_shadow5c9a650a066d5":"1","mts_featured_category_title_5c9ca135221f2":"0","mts_featured_category_title_background_5c9ca135221f2":{"color":"","use":"pattern","image_pattern":"nobg","image_upload":"","repeat":"repeat","attachment":"scroll","position":"left top","size":"cover","gradient":{"from":"#ffffff","to":"#000000","direction":"0deg"},"parallax":"0"},"mts_featured_category_title_margin_5c9ca135221f2":{"top":"0","right":"0","bottom":"30px","left":"0"},"mts_featured_category_title_padding_5c9ca135221f2":{"top":"0","right":"0","bottom":"0","left":"0"},"post_title_border_5c9ca135221f2":{"color":"","direction":"all","size":"","style":"none"},"mts_featured_category_title_font_5c9ca135221f2":{"preview-color":"light","font-family":"Montserrat","font-backup":"","font-weight":"700","font-style":"","color":"#253858","font-size":"27px","line-height":"","letter-spacing":"","margin-top":"","margin-bottom":"","css-selectors":".title-container.title-id-5c9ca135221f2 h3.featured-category-title","additional-css":""},"post_number_5c9ca135221f2":"1","post_number_background_5c9ca135221f2":{"color":"#6c62ff","use":"gradient","image_pattern":"nobg","image_upload":"","repeat":"repeat","attachment":"scroll","position":"","size":"cover","gradient":{"from":"#6C62FF","to":"#A179FF","direction":"60deg"},"parallax":"0"},"post_number_font_5c9ca135221f2":{"preview-color":"dark","font-family":"Montserrat","font-backup":"","font-weight":"900","font-style":"","color":"#ffffff","font-size":"35px","line-height":"","letter-spacing":"","margin-top":"","margin-bottom":"","css-selectors":".layout-5c9ca135221f2 .post-number","additional-css":""},"mts_home_headline_meta_info5c9ca135221f2":{"enabled":{"author":"Author Name","date":"Date","comment":"Comment Count"},"disabled":{"category":"Categories"}},"mts_meta_info_author_icon_5c9ca135221f2":"circle","mts_meta_info_date_icon_5c9ca135221f2":"circle","mts_meta_info_comment_icon_5c9ca135221f2":"circle","mts_meta_info_category_icon_5c9ca135221f2":"circle","mts_meta_info_margin_5c9ca135221f2":{"top":"0","right":"0","bottom":"0","left":"0"},"mts_meta_info_padding_5c9ca135221f2":{"top":"38px","right":"50px","bottom":"38px","left":"50px"},"post_meta_info_border_5c9ca135221f2":{"color":"#eaebef","direction":"top","size":"2","style":"solid"},"mts_meta_info_font_5c9ca135221f2":{"preview-color":"light","font-family":"Montserrat","font-backup":"","font-weight":"500","font-style":"","color":"#6c62ff","font-size":"14px","line-height":"","letter-spacing":"","margin-top":"","margin-bottom":"","css-selectors":".layout-5c9ca135221f2 .latestPost .post-info, .layout-5c9ca135221f2 .latestPost .post-info a","additional-css":""},"mts_featured_category_background_5c9ca135221f2":{"color":"","use":"pattern","image_pattern":"nobg","image_upload":"","repeat":"repeat","attachment":"scroll","position":"left top","size":"cover","gradient":{"from":"#ffffff","to":"#000000","direction":"0deg"},"parallax":"0"},"post_border_5c9ca135221f2":{"color":"","direction":"all","size":"","style":"none"},"mts_featured_category_margin_5c9ca135221f2":{"top":"0","bottom":"0"},"mts_featured_category_padding_5c9ca135221f2":{"top":"0","right":"0","bottom":"0","left":"0"},"mts_featured_category_font_5c9ca135221f2":{"preview-color":"light","font-family":"Montserrat","font-backup":"","font-weight":"700","font-style":"","color":"#253858","font-size":"27px","line-height":"40px","letter-spacing":"","margin-top":"","margin-bottom":"","css-selectors":".layout-5c9ca135221f2 .latestPost .title a","additional-css":""},"mts_featured_category_excerpt_font_5c9ca135221f2":{"preview-color":"light","font-family":"Montserrat","font-backup":"","font-weight":"500","font-style":"","color":"#5e6c84","font-size":"14px","line-height":"25px","letter-spacing":"","margin-top":"","margin-bottom":"","css-selectors":".layout-5c9ca135221f2 .latestPost .front-view-content","additional-css":""},"mts_pagenavigation_type":"1","load_more_alignment":"center","mts_pagenavigation_bgcolor":"#e7e4fd","mts_pagenavigation_hover_bgcolor":"#fbcd39","mts_pagenavigation_color":"#6c62ff","mts_pagenavigation_hover_color":"#253858","mts_pagenavigation_margin":{"top":"0","right":"8px","bottom":"0","left":"0"},"mts_pagenavigation_padding":{"top":"12px","right":"15px","bottom":"13px","left":"15px"},"load_more_margin":{"top":"20px","right":"0","bottom":"30px","left":"0"},"load_more_padding":{"top":"13px","right":"25px","bottom":"13px","left":"25px"},"mts_pagenavigation_border_radius":"20","mts_loadmore_border_radius":"4","pagenavigation_border":{"color":"","direction":"all","size":"","style":"none"},"load_more_border":{"color":"","direction":"all","size":"","style":"none"}},"purple_sidebars":{"last_tab":"sidebars-general","mts_sidebar_for_home":"mts_defaultsidebar","mts_sidebar_for_post":"mts_defaultsidebar","mts_sidebar_for_page":"mts_defaultsidebar","mts_sidebar_for_archive":"mts_defaultsidebar","mts_sidebar_for_category":"mts_defaultsidebar","mts_sidebar_for_tag":"mts_defaultsidebar","mts_sidebar_for_date":"mts_defaultsidebar","mts_sidebar_for_author":"mts_defaultsidebar","mts_sidebar_for_search":"mts_defaultsidebar","mts_sidebar_for_notfound":"mts_defaultsidebar","mts_sidebar_for_shop":"mts_defaultsidebar","mts_sidebar_for_product":"mts_defaultsidebar","mts_sidebar_title_styling_background":{"color":"","use":"pattern","image_pattern":"nobg","image_upload":"","repeat":"repeat","attachment":"scroll","position":"left top","size":"cover","gradient":{"from":"#ffffff","to":"#000000","direction":"0deg"},"parallax":"0"},"mts_sidebar_title_styling_margin":{"top":"0","bottom":"22px"},"mts_sidebar_title_styling_padding":{"top":"0","right":"0","bottom":"0","left":"0"},"widget_title_border":{"color":"","direction":"all","size":"","style":"none"},"mts_sidebar_styling_background":{"color":"#ffffff","use":"pattern","image_pattern":"nobg","image_upload":"","repeat":"repeat","attachment":"scroll","position":"left top","size":"cover","gradient":{"from":"#ffffff","to":"#000000","direction":"0deg"},"parallax":"0"},"mts_sidebar_styling_margin":{"top":"0","right":"0","bottom":"30px","left":"0"},"mts_sidebar_styling_padding":{"top":"30px","right":"30px","bottom":"30px","left":"30px"},"sidebar_styling_border":{"color":"","direction":"all","size":"","style":"none"}},"purple_single":{"last_tab":"single-general","mts_show_featured":"1","full_width_header_height":"500","show_prev_next":"0","mts_single_post_layout":{"enabled":{"content":"Post Content","tags":"Tags","author":"Author Box","related":"Related Posts"},"disabled":{"subscribe":"Subscribe Box"}},"related_post_title":"Related Posts","mts_related_posts_taxonomy":"categories","mts_single_headline_meta_info":{"enabled":{"author":"Author Name","date":"Date","comment":"Comment Count"},"disabled":{"category":"Categories"}},"mts_single_meta_info_author_icon":"circle","mts_single_meta_info_date_icon":"circle","mts_single_meta_info_comment_icon":"circle","mts_single_meta_info_category_icon":"circle","single_meta_info_background":"","mts_breadcrumb":"0","breadcrumb_icon":"angle-right","mts_author_comment":"1","mts_comment_date":"1","single_title_background":{"color":"","use":"pattern","image_pattern":"nobg","image_upload":"","repeat":"repeat","attachment":"scroll","position":"left top","size":"cover","gradient":{"from":"#ffffff","to":"#000000","direction":"0deg"},"parallax":"0"},"single_title_padding":{"top":"0","right":"0","bottom":"0","left":"0"},"single_title_border":{"color":"","direction":"all","size":"","style":"none"},"single_page_titles_font":{"preview-color":"light","font-family":"Montserrat","font-backup":"","font-weight":"700","font-style":"","color":"#6c62ff","font-size":"22px","line-height":"","letter-spacing":"","margin-top":"","margin-bottom":"","css-selectors":"#respond h4, .total-comments","additional-css":"text-align: center;"},"single_background":{"color":"#ffffff","use":"pattern","image_pattern":"nobg","image_upload":"","repeat":"repeat","attachment":"scroll","position":"left top","size":"cover","gradient":{"from":"#ffffff","to":"#000000","direction":"0deg"},"parallax":"0"},"mts_single_styling_margin":{"top":"0","bottom":"40px"},"mts_single_styling_padding":{"top":"40px","right":"50px","bottom":"40px","left":"50px"},"single_styling_border":{"color":"","direction":"all","size":"","style":"none"},"breadcrumb_font":{"preview-color":"light","font-family":"Montserrat","font-backup":"","font-weight":"600","font-style":"","color":"#253858","font-size":"14px","line-height":"","letter-spacing":"","margin-top":"","margin-bottom":"","css-selectors":".breadcrumb, .rank-math-breadcrumb","additional-css":""},"mts_single_meta_info_font":{"preview-color":"dark","font-family":"Montserrat","font-backup":"","font-weight":"500","font-style":"","color":"#6c62ff","font-size":"14px","line-height":"","letter-spacing":"","margin-top":"","margin-bottom":"","css-selectors":".single_post .post-info, .single_post .post-info a","additional-css":""},"related_posts_background":{"color":"","use":"pattern","image_pattern":"nobg","image_upload":"","repeat":"repeat","attachment":"scroll","position":"left top","size":"cover","gradient":{"from":"#ffffff","to":"#000000","direction":"0deg"},"parallax":"0"},"related_posts_layouts":"default","related_posts_grid":"grid2","mts_related_postsnum":"2","related_post_number":"1","related_post_number_background":{"color":"#6c62ff","use":"gradient","image_pattern":"nobg","image_upload":"","repeat":"repeat","attachment":"scroll","position":"","size":"cover","gradient":{"from":"#6C62FF","to":"#A179FF","direction":"60deg"},"parallax":"0"},"related_post_number_font":{"preview-color":"dark","font-family":"Montserrat","font-backup":"","font-weight":"900","font-style":"","color":"#ffffff","font-size":"35px","line-height":"","letter-spacing":"","margin-top":"","margin-bottom":"","css-selectors":".related-posts .post-number","additional-css":""},"related_posts_adcode":"","related_posts_position":"default","related_posts_margin":{"top":"0","right":"0","bottom":"30px","left":"0"},"related_posts_padding":{"top":"0","right":"0","bottom":"0","left":"0"},"related_post_title_font":{"preview-color":"light","font-family":"Montserrat","font-backup":"","font-weight":"700","font-style":"","color":"#6a61fc","font-size":"22px","line-height":"42px","letter-spacing":"","margin-top":"","margin-bottom":"","css-selectors":".related-posts h4","additional-css":"text-align: center;"},"related_posts_font":{"preview-color":"light","font-family":"Montserrat","font-backup":"","font-weight":"700","font-style":"","color":"#253858","font-size":"27px","line-height":"40px","letter-spacing":"","margin-top":"","margin-bottom":"","css-selectors":".related-posts .title a","additional-css":""},"related_posts_excerpt_font":{"preview-color":"light","font-family":"Montserrat","font-backup":"","font-weight":"500","font-style":"","color":"#5e6c84","font-size":"14px","line-height":"25px","letter-spacing":"","margin-top":"","margin-bottom":"","css-selectors":".related-posts .front-view-content","additional-css":""},"related_posts_meta_font":{"preview-color":"light","font-family":"Montserrat","font-backup":"","font-weight":"500","font-style":"","color":"#6c62ff","font-size":"14px","line-height":"","letter-spacing":"","margin-top":"","margin-bottom":"","css-selectors":".related-posts .post-info, .related-posts .post-info a","additional-css":""},"related_article_background":{"color":"","use":"pattern","image_pattern":"nobg","image_upload":"","repeat":"repeat","attachment":"scroll","position":"left top","size":"cover","gradient":{"from":"#ffffff","to":"#000000","direction":"0deg"},"parallax":"0"},"related_article_padding":{"top":"0","right":"0","bottom":"0","left":"0"},"related_article_text_padding":{"top":"40px","right":"40px","bottom":"35px","left":"40px"},"single_subscribe_background":{"color":"#f7f8fa","use":"pattern","image_pattern":"nobg","image_upload":"","repeat":"repeat","attachment":"scroll","position":"left top","size":"cover","gradient":{"from":"#ffffff","to":"#000000","direction":"0deg"},"parallax":"0"},"single_subscribe_margin":{"top":"0","right":"0","bottom":"40","left":"0"},"single_subscribe_padding":{"top":"50px","right":"10%","bottom":"50px","left":"10%"},"single_subscribe_border_radius":"0","single_subscribe_border":{"color":"","direction":"all","size":"","style":"none"},"single_subscribe_title_font":{"preview-color":"light","font-family":"Montserrat","font-backup":"","font-weight":"700","font-style":"","color":"#253858","font-size":"28px","line-height":"","letter-spacing":"","margin-top":"","margin-bottom":"","css-selectors":".single-subscribe .widget #wp-subscribe .title","additional-css":""},"single_subscribe_text_font":{"preview-color":"light","font-family":"Montserrat","font-backup":"","font-weight":"500","font-style":"","color":"#505f79","font-size":"15px","line-height":"","letter-spacing":"","margin-top":"","margin-bottom":"","css-selectors":".single-subscribe .widget #wp-subscribe p.text","additional-css":""},"single_subscribe_input_background":"#ffffff","single_subscribe_input_height":"46","single_subscribe_input_border_radius":"4","single_subscribe_input_border":{"color":"","direction":"all","size":"","style":"none"},"single_subscribe_input_font":{"preview-color":"light","font-family":"Montserrat","font-backup":"","font-weight":"500","font-style":"","color":"#505f79","font-size":"14px","line-height":"","letter-spacing":"","margin-top":"","margin-bottom":"","css-selectors":".single-subscribe .widget #wp-subscribe input.email-field, .single-subscribe .widget #wp-subscribe input.name-field","additional-css":""},"single_subscribe_submit_backgroud":"#6c62ff","single_subscribe_submit_border_radius":"4","single_subscribe_submit_border":{"color":"","direction":"all","size":"","style":"none"},"single_subscribe_submit_padding":{"top":"0","right":"0","bottom":"0","left":"0"},"single_subscribe_submit_font":{"preview-color":"dark","font-family":"Montserrat","font-backup":"","font-weight":"500","font-style":"","color":"#ffffff","font-size":"16px","line-height":"","letter-spacing":"","margin-top":"","margin-bottom":"","css-selectors":".single-subscribe .widget #wp-subscribe input.submit","additional-css":""},"single_subscribe_small_text_font":{"preview-color":"light","font-family":"Montserrat","font-backup":"","font-weight":"500","font-style":"","color":"#505f79","font-size":"14px","line-height":"20px","letter-spacing":"","margin-top":"","margin-bottom":"","css-selectors":".single-subscribe .widget .wp-subscribe-wrap p.footer-text, .single-subscribe .widget .wp-subscribe .wps-consent-wrapper label, .single-subscribe .widget .wp-subscribe-wrap .error, .single-subscribe .widget .wp-subscribe-wrap .thanks","additional-css":""},"single_authorbox_background":{"color":"#ffffff","use":"pattern","image_pattern":"nobg","image_upload":"","repeat":"repeat","attachment":"scroll","position":"left top","size":"cover","gradient":{"from":"#ffffff","to":"#000000","direction":"0deg"},"parallax":"0"},"single_authorbox_margin":{"top":"0","right":"0","bottom":"42","left":"0"},"single_authorbox_padding":{"top":"30","right":"10%","bottom":"10","left":"10%"},"single_authorbox_border_radius":"0","single_authorbox_border":{"color":"","direction":"all","size":"","style":"none"},"single_authorbox_author_name_font":{"preview-color":"light","font-family":"Montserrat","font-backup":"","font-weight":"700","font-style":"","color":"#6c62ff","font-size":"22px","line-height":"30px","letter-spacing":"","margin-top":"","margin-bottom":"","css-selectors":".postauthor h5, .postauthor h5 a","additional-css":""},"single_authorbox_text_font":{"preview-color":"light","font-family":"Montserrat","font-backup":"","font-weight":"500","font-style":"","color":"#5e6c84","font-size":"14px","line-height":"25px","letter-spacing":"","margin-top":"","margin-bottom":"","css-selectors":".postauthor p","additional-css":""},"single_author_image_margin":{"top":"0","right":"0","bottom":"10","left":"0"},"single_author_image_border_radius":"150","authorbox_social_share":"1","author_social_margin":{"top":"0","right":"10","bottom":"20","left":"0"},"author_social_padding":{"top":"8","right":"8","bottom":"8","left":"8"},"author_social_border_radius":"20"},"purple_typography":{"last_tab":"typography-collection","purple_logo":{"preview-color":"dark","font-family":"Montserrat","font-backup":"","font-weight":"900","font-style":"","color":"#ffffff","font-size":"35px","line-height":"","letter-spacing":"","margin-top":"","margin-bottom":"","css-selectors":"#logo a","additional-css":""},"secondary_navigation_font":{"preview-color":"dark","font-family":"Montserrat","font-backup":"","font-weight":"600","font-style":"","color":"#e4dffe","font-size":"16px","line-height":"","letter-spacing":"","margin-top":"","margin-bottom":"","css-selectors":"#secondary-navigation a, .header-default .header-search span.sbutton","additional-css":""},"home_title_font":{"preview-color":"light","font-family":"Montserrat","font-backup":"","font-weight":"700","font-style":"","color":"#253858","font-size":"27px","line-height":"40px","letter-spacing":"","margin-top":"","margin-bottom":"","css-selectors":".latestPost .title a","additional-css":""},"single_title_font":{"preview-color":"dark","font-family":"Montserrat","font-backup":"","font-weight":"800","font-style":"","color":"#ffffff","font-size":"40px","line-height":"1.375","letter-spacing":"","margin-top":"","margin-bottom":"","css-selectors":".single-title","additional-css":""},"page_title_font":{"preview-color":"dark","font-family":"Montserrat","font-backup":"","font-weight":"800","font-style":"","color":"#ffffff","font-size":"40px","line-height":"1.375","letter-spacing":"","margin-top":"","margin-bottom":"","css-selectors":".page-title, .title.entry-title","additional-css":""},"content_font":{"preview-color":"light","font-family":"Montserrat","font-backup":"","font-weight":"500","font-style":"","color":"#5e6c84","font-size":"14px","line-height":"25px","letter-spacing":"","margin-top":"","margin-bottom":"","css-selectors":"body","additional-css":""},"sidebar_title_font":{"preview-color":"light","font-family":"Montserrat","font-backup":"","font-weight":"700","font-style":"","color":"#6c62ff","font-size":"22px","line-height":"32px","letter-spacing":"","margin-top":"","margin-bottom":"","css-selectors":"#sidebar .widget h3.widget-title, .widget #wp-subscribe .title","additional-css":"text-align: center;"},"sidebar_url":{"preview-color":"light","font-family":"Montserrat","font-backup":"","font-weight":"500","font-style":"","color":"#6c62ff","font-size":"14px","line-height":"23px","letter-spacing":"","margin-top":"","margin-bottom":"","css-selectors":".sidebar .widget a","additional-css":""},"sidebar_post_title":{"preview-color":"light","font-family":"Montserrat","font-backup":"","font-weight":"700","font-style":"","color":"#253858","font-size":"16px","line-height":"23px","letter-spacing":"","margin-top":"","margin-bottom":"","css-selectors":".sidebar .post-title a, .sidebar .entry-title a","additional-css":""},"sidebar_font":{"preview-color":"light","font-family":"Montserrat","font-backup":"","font-weight":"500","font-style":"","color":"#5e6c84","font-size":"14px","line-height":"25px","letter-spacing":"","margin-top":"","margin-bottom":"","css-selectors":"#sidebar .widget, #sidebar .widget p, #sidebar .widget .post-excerpt","additional-css":""},"top_footer_title_font":{"preview-color":"dark","font-family":"Montserrat","font-backup":"","font-weight":"700","font-style":"","color":"#ffffff","font-size":"16px","line-height":"","letter-spacing":"","margin-top":"","margin-bottom":"","css-selectors":".footer-widgets h3, .brands-title, .f-widget .widget #wp-subscribe .title","additional-css":"text-transform: uppercase;"},"top_footer_link_font":{"preview-color":"dark","font-family":"Montserrat","font-backup":"","font-weight":"500","font-style":"","color":"#ffffff","font-size":"14px","line-height":"23px","letter-spacing":"","margin-top":"","margin-bottom":"","css-selectors":".f-widget a, #site-footer .wpt_widget_content a, #site-footer .wp_review_tab_widget_content a","additional-css":""},"top_footer_post_title":{"preview-color":"dark","font-family":"Montserrat","font-backup":"","font-weight":"600","font-style":"","color":"#ffffff","font-size":"14px","line-height":"23px","letter-spacing":"","margin-top":"","margin-bottom":"","css-selectors":"#site-footer .post-title a, #site-footer .entry-title a","additional-css":""},"top_footer_font":{"preview-color":"dark","font-family":"Montserrat","font-backup":"","font-weight":"500","font-style":"","color":"#ffffff","font-size":"14px","line-height":"23px","letter-spacing":"","margin-top":"","margin-bottom":"","css-selectors":".footer-widgets, footer .widget .wpt_excerpt, footer .advanced-recent-posts p, footer .popular-posts p, footer .category-posts p","additional-css":""},"top_footer_meta_font":{"preview-color":"dark","font-family":"Montserrat","font-backup":"","font-weight":"500","font-style":"","color":"#ffffff","font-size":"12px","line-height":"1.5","letter-spacing":"","margin-top":"","margin-bottom":"","css-selectors":"#site-footer .widget .post-info, #site-footer .widget .post-info a, #site-footer .widget .wpt_widget_content .wpt-postmeta, #site-footer .wp_review_tab_widget_content .wp-review-tab-postmeta","additional-css":"text-transform: uppercase;"},"copyrights_font":{"preview-color":"dark","font-family":"Montserrat","font-backup":"","font-weight":"500","font-style":"","color":"#ffffff","font-size":"14px","line-height":"","letter-spacing":"","margin-top":"","margin-bottom":"","css-selectors":"#copyright-note, #copyright-note a","additional-css":""},"h1_headline":{"preview-color":"light","font-family":"Montserrat","font-backup":"","font-weight":"700","font-style":"","color":"#6c62ff","font-size":"28px","line-height":"","letter-spacing":"","margin-top":"","margin-bottom":"","css-selectors":"h1","additional-css":""},"h2_headline":{"preview-color":"light","font-family":"Montserrat","font-backup":"","font-weight":"700","font-style":"","color":"#6c62ff","font-size":"24px","line-height":"","letter-spacing":"","margin-top":"","margin-bottom":"","css-selectors":"h2","additional-css":""},"h3_headline":{"preview-color":"light","font-family":"Montserrat","font-backup":"","font-weight":"700","font-style":"","color":"#6c62ff","font-size":"22px","line-height":"","letter-spacing":"","margin-top":"","margin-bottom":"","css-selectors":"h3","additional-css":""},"h4_headline":{"preview-color":"light","font-family":"Montserrat","font-backup":"","font-weight":"700","font-style":"","color":"#6c62ff","font-size":"20px","line-height":"","letter-spacing":"","margin-top":"","margin-bottom":"","css-selectors":"h4","additional-css":""},"h5_headline":{"preview-color":"light","font-family":"Montserrat","font-backup":"","font-weight":"700","font-style":"","color":"#6c62ff","font-size":"18px","line-height":"","letter-spacing":"","margin-top":"","margin-bottom":"","css-selectors":"h5","additional-css":""},"h6_headline":{"preview-color":"light","font-family":"Montserrat","font-backup":"","font-weight":"700","font-style":"","color":"#6c62ff","font-size":"16px","line-height":"","letter-spacing":"","margin-top":"","margin-bottom":"","css-selectors":"h6","additional-css":""},"typography-subsets":{"latin":"latin"}},"mts-opts-backup":"1"}
