{"sidebar":{"mts_aboutme_widget-3":{"title":"","aboutme_image_url":"https:\/\/demo.mythemeshop.com\/purple-beta\/files\/2019\/03\/adolescence-attractive-beautiful-57329.jpg","aboutme_description":"Lorem ipsum dolor sit amet, consectetur adipiscing elit.","author_name":"Julia Conner","facebook":"#","twitter":"#","instagram":"#","pinterest":"#","linkedin":"","dribbble":""},"mts_popular_posts_widget-3":{"title":"Popular Posts","qty":4,"title_length":8,"category":0,"author_name":0,"date":1,"days":3000,"show_thumb3":1,"box_layout":"horizontal-small","border_radius":2,"show_excerpt":0,"excerpt_length":10},"wp_subscribe-5":{"title":"Newsletter","service":"feedburner","aweber_consumer_key":"","aweber_consumer_secret":"","aweber_access_key":"","aweber_access_secret":"","aweber_account_id":"","aweber_list_id":"none","feedburner_id":"","mailchimp_api_key":"","mailchimp_list_id":"none","mailchimp_double_optin":"0","include_name_field":"0","text":"Enter your email address below to subscribe to my newsletter","name_placeholder":"Enter your name here","email_placeholder":"Your Email Address","consent_text":"Agree to Subscribe","button_text":"Subscribe","success_message":"Thank you for subscribing.","error_message":"Something went wrong.","footer_text":""},"categories-6":{"title":"","count":0,"hierarchical":0,"dropdown":0},"mts_instagram_widget-3":{"title":"Instagram","instagram_username":"victoriassecret","instagram_num_post":"15","instagram_grid":"five-grid","instagram_follow_text":"Subscribe","instagram_follow_uri":"#"}},"featured-subscribe":{"wp_subscribe-2":{"title":"","service":"aweber","aweber_consumer_key":"","aweber_consumer_secret":"","aweber_access_key":"","aweber_access_secret":"","aweber_account_id":"","aweber_list_id":"none","feedburner_id":"","mailchimp_api_key":"","mailchimp_list_id":"none","mailchimp_double_optin":"0","include_name_field":"1","text":"","name_placeholder":"Your Name","email_placeholder":"Your Email Address","consent_text":"Agree to Subscribe","button_text":"Subscribe","success_message":"Thank you for subscribing.","error_message":"Something went wrong.","footer_text":""}},"footer-top-1":{"text-2":{"title":"","text":"<p><a href=\"https:\/\/demo.mythemeshop.com\/purple-beta\/\"><img class=\"alignleft size-full wp-image-3036\" src=\"https:\/\/demo.mythemeshop.com\/purple-beta\/files\/2019\/03\/logo1.png\" alt=\"\" width=\"163\" height=\"45\" \/><\/a><\/p><p>Lorem ipsum dolor sit amet, consectetur adipiscing elit. Si longus, levis dictata sunt. Istic sum, inquit. Quorum altera prosunt, nocent altera. Virtutibus igitur rectissime mihi videris et ad consuetudinem nostrae orationis vitia posuisse contraria. Tibi hoc incredibile, quod beatissimum. <\/p>","filter":true,"visual":true}},"footer-top-2":{"categories-5":{"title":"Quick Link","count":0,"hierarchical":0,"dropdown":0}},"footer-top-3":{"recent-comments-3":{"title":"Comments","number":3}},"footer-top-4":{"wp_subscribe-4":{"title":"Get more stuff","service":"feedburner","aweber_consumer_key":"","aweber_consumer_secret":"","aweber_access_key":"","aweber_access_secret":"","aweber_account_id":"","aweber_list_id":"none","feedburner_id":"","mailchimp_api_key":"","mailchimp_list_id":"none","mailchimp_double_optin":"0","include_name_field":"0","text":"","name_placeholder":"Enter your name here","email_placeholder":"Email Address","consent_text":"","button_text":"Subscribe","success_message":"Thank you for subscribing.","error_message":"Something went wrong.","footer_text":"we respect your privacy and take protecting it seriously"}},"post-layout-defaultlatest":{"mts_aboutme_widget-2":{"title":"","aboutme_image_url":"https:\/\/demo.mythemeshop.com\/purple-beta\/files\/2019\/03\/adolescence-attractive-beautiful-57329.jpg","aboutme_description":"Lorem ipsum dolor sit amet, consectetur adipiscing elit.","author_name":"Julia Conner","facebook":"#","twitter":"#","instagram":"#","pinterest":"#","linkedin":"","dribbble":""},"mts_recent_posts_widget-2":{"title":"Recent Posts","qty":4,"title_length":8,"category":1,"author_name":0,"date":1,"show_thumb2":1,"box_layout":"horizontal-small","border_radius":2,"show_excerpt":0,"excerpt_length":10},"wp_subscribe-3":{"title":"Newsletter","service":"feedburner","aweber_consumer_key":"","aweber_consumer_secret":"","aweber_access_key":"","aweber_access_secret":"","aweber_account_id":"","aweber_list_id":"none","feedburner_id":"","mailchimp_api_key":"","mailchimp_list_id":"none","mailchimp_double_optin":"0","include_name_field":"0","text":"Enter your email address below to subscribe to my newsletter","name_placeholder":"Enter your name here","email_placeholder":"Your Email Address","consent_text":"Agree to Subscribe","button_text":"Subscribe","success_message":"Thank you for subscribing.","error_message":"Something went wrong.","footer_text":""},"categories-4":{"title":"","count":0,"hierarchical":0,"dropdown":0},"mts_instagram_widget-2":{"title":"Instagram","instagram_username":"victoriassecret","instagram_num_post":"15","instagram_grid":"five-grid","instagram_follow_text":"Subscribe","instagram_follow_uri":"#"}}}