{"risen":{"last_tab":"main","mts_logo":"","logo_shadow":"0","mts_favicon":"","mts_touch_icon":"","mts_metro_icon":"","mts_twitter_username":"","mts_feedburner":"","mts_ajax_search":"0","mts_responsive":"1","mts_shop_products":"9","async_js":"1","remove_ver_params":"1","disable_emojis":"0","prefetching":"0","primary_color_scheme":"#ff0024","mts_layout":"sclayout","mts_background":{"color":"#f5f5f5","use":"pattern","image_pattern":"pattern38","image_upload":"","repeat":"repeat","attachment":"scroll","position":"left top","size":"cover","gradient":{"from":"#ffffff","to":"#000000","direction":"0deg"},"parallax":"0"},"mts_lightbox":"0","header_styles":"header-layout3","featured_post_cat":"2","featured_cat_color":"#ff0024","mts_sticky_nav":"0","mts_header_margin":{"top":"10px","bottom":"0"},"mts_header_padding":{"top":"0","bottom":"0"},"mts_header_border":{"color":"","direction":"all","size":"","style":"none"},"header_search_box":"1","mts_header_section2":"1","mts_header_background":{"color":"#ffffff","use":"pattern","image_pattern":"nobg","image_upload":"","repeat":"repeat","attachment":"scroll","position":"left top","size":"cover","gradient":{"from":"#ffffff","to":"#000000","direction":"0deg"},"parallax":"0"},"main_navigation_dropdown_color":"#000000","main_navigation_dropdown_hover_color":"#a3a3a3","show_sliding_nav":"0","mts_top_bar_background":{"color":"#ffffff","use":"pattern","image_pattern":"nobg","image_upload":"","repeat":"repeat","attachment":"scroll","position":"left top","size":"cover","gradient":{"from":"#ffffff","to":"#000000","direction":"0deg"},"parallax":"0"},"sliding_navigation_font":{"preview-color":"light","font-family":"Roboto Condensed","font-backup":"","font-weight":"700","font-style":"","color":"#000000","font-size":"20px","line-height":"","letter-spacing":"","margin-top":"","margin-bottom":"","css-selectors":"#sliding-menu a","additional-css":"text-transform: uppercase;"},"mts_top_footer":"1","mts_top_footer_num":"3","footer_sections_position":"top","mts_copyrights":"Theme by <a href=\"https:\/\/mythemeshop.com\/\" rel=\"nofollow\">MyThemeShop<\/a>","mts_top_footer_margin":{"top":"30px","right":"0","bottom":"0","left":"0"},"mts_top_footer_padding":{"top":"45px","right":"0","bottom":"0","left":"0"},"mts_footer_background":{"color":"#191c1e","use":"pattern","image_pattern":"nobg","image_upload":"","repeat":"repeat","attachment":"scroll","position":"left top","size":"cover","gradient":{"from":"#ffffff","to":"#000000","direction":"0deg"},"parallax":"0"},"mts_copyrights_background":{"color":"#24292d","use":"pattern","image_pattern":"nobg","image_upload":"","repeat":"repeat","attachment":"scroll","position":"left top","size":"cover","gradient":{"from":"#ffffff","to":"#000000","direction":"0deg"},"parallax":"0"},"copyrights_border":{"color":"#56595c","direction":"top","size":"1","style":"solid"},"show_top_button":"1","top_button_icon":"angle-up","top_button_color":"#ffffff","top_button_color_hover":"#ffffff","top_button_background":"#ff0024","top_button_background_hover":"#2e2f36","top_button_font_size":"34","top_button_padding":{"top":"8px","right":"17px","bottom":"13px","left":"17px"},"top_button_position":{"top":"auto","right":"30px","bottom":"100px","left":"auto"},"top_button_border_radius":"0","top_button_border":{"color":"","direction":"all","size":"","style":"none"},"footer_logo_section":"0","footer_logo":"","footer_risen_logo":{"preview-color":"dark","font-family":"Anton","font-backup":"","font-weight":"700","font-style":"","color":"#ffffff","font-size":"38px","line-height":"","letter-spacing":"","margin-top":"","margin-bottom":"","css-selectors":".footer #logo a","additional-css":""},"footer_logo_social_icons":"1","footer_logo_social":[{"group_title":"Facebook","group_sort":"1","footer_logo_social_title":"Facebook","footer_logo_social_icon":"facebook-square","footer_logo_social_link":"#","footer_logo_social_bgcolor":"","footer_logo_social_hover_bgcolor":"","footer_logo_social_color":"#ff0024","footer_logo_social_hover_color":"#ffffff","footer_logo_social_margin":{"top":"0","right":"22px","bottom":"0","left":"0"},"footer_logo_social_padding":{"top":"0","right":"0","bottom":"0","left":"0"},"footer_logo_social_border_radius":"0","footer_logo_social_border_size":"1","footer_logo_social_border_style":"none","footer_logo_social_border_color":"#dddddd"},{"group_title":"Twitter","group_sort":"2","footer_logo_social_title":"Twitter","footer_logo_social_icon":"twitter","footer_logo_social_link":"#","footer_logo_social_bgcolor":"","footer_logo_social_hover_bgcolor":"","footer_logo_social_color":"#ff0024","footer_logo_social_hover_color":"#ffffff","footer_logo_social_margin":{"top":"0","right":"22px","bottom":"0","left":"0"},"footer_logo_social_padding":{"top":"0","right":"0","bottom":"0","left":"0"},"footer_logo_social_border_radius":"0","footer_logo_social_border_size":"1","footer_logo_social_border_style":"none","footer_logo_social_border_color":"#dddddd"},{"group_title":"Instagram","group_sort":"3","footer_logo_social_title":"Instagram","footer_logo_social_icon":"instagram","footer_logo_social_link":"#","footer_logo_social_bgcolor":"","footer_logo_social_hover_bgcolor":"","footer_logo_social_color":"#ff0024","footer_logo_social_hover_color":"#ffffff","footer_logo_social_margin":{"top":"0","right":"22px","bottom":"0","left":"0"},"footer_logo_social_padding":{"top":"0","right":"0","bottom":"0","left":"0"},"footer_logo_social_border_radius":"0","footer_logo_social_border_size":"1","footer_logo_social_border_style":"none","footer_logo_social_border_color":"#dddddd"},{"group_title":"Youtube","group_sort":"4","footer_logo_social_title":"Youtube","footer_logo_social_icon":"youtube","footer_logo_social_link":"#","footer_logo_social_bgcolor":"","footer_logo_social_hover_bgcolor":"","footer_logo_social_color":"#ff0024","footer_logo_social_hover_color":"#ffffff","footer_logo_social_margin":{"top":"0","right":"0","bottom":"0","left":"0"},"footer_logo_social_padding":{"top":"0","right":"0","bottom":"0","left":"0"},"footer_logo_social_border_radius":"0","footer_logo_social_border_size":"1","footer_logo_social_border_style":"none","footer_logo_social_border_color":"#dddddd"}],"footer_logo_social_font_size":"22","footer_nav_section":"1","footer_nav_alignment":"center","footer_nav_margin":{"top":"0","right":"0","bottom":"50px","left":"0"},"footer_nav_padding":{"top":"0","right":"0","bottom":"0","left":"0"},"footer_nav_border":{"color":"","direction":"all","size":"","style":"none"},"footer_nav_font":{"preview-color":"dark","font-family":"Roboto Condensed","font-backup":"","font-weight":"700","font-style":"","color":"#ffffff","font-size":"15px","line-height":"","letter-spacing":"","margin-top":"","margin-bottom":"","css-selectors":".footer-nav li a","additional-css":"text-transform: uppercase;"},"footer_menu_item_margin":{"right":"14px","left":"14px"},"footer_nav_separator":"1","footer_nav_separator_content":"|","footer_nav_separator_color":"#d6d6d6","footer_nav_separator_margin":{"right":"10px","left":"10px"},"footer_brands_section":"0","footer_brands_alignment":"center","brands_section_title":"Our Brands:","brands_margin":{"top":"0","right":"0","bottom":"0","left":"0"},"brands_padding":{"top":"40px","right":"0","bottom":"27px","left":"0"},"brands_border":{"color":"#008b3e","direction":"top","size":"1","style":"solid"},"social_button_layout":"circular","mts_social_button_position":"floating","mts_social_buttons_on_pages":"0","mts_social_buttons":{"enabled":{"facebookshare":"Facebook Share","twitter":"Twitter","pinterest":"Pinterest"},"disabled":{"facebook":"Facebook Like","linkedin":"LinkedIn","stumble":"StumbleUpon","reddit":"Reddit","gplus":"Google Plus"}},"social_styling_margin":{"top":"0","right":"0","bottom":"0","left":"-152px"},"social_styling_box_shadow":"1","social_floating_button_position":{"top":"323px","right":"auto","bottom":"auto","left":"100%"},"social_styling_border":{"color":"","direction":"all","size":"","style":"none"},"social_styling_background":{"color":"","use":"pattern","image_pattern":"nobg","image_upload":"","repeat":"repeat","attachment":"scroll","position":"left top","size":"cover","gradient":{"from":"#ffffff","to":"#000000","direction":"0deg"},"parallax":"0"},"detect_adblocker":"0","detect_adblocker_type":"popup","detect_adblocker_title":"Ad Blocker Detected","detect_adblocker_description":"Our website is made possible by displaying online advertisements to our visitors. Please consider supporting us by disabling your ad blocker.","background_clickable":"0","background_link":"","background_link_new_tab":"1","mts_header_adcode":"","header_adcode_show":"all","header_ad_size":"0","mts_header_adcode_margin":{"top":"0","bottom":"0"},"navigation_ad":"0","navigation_adcode":"","navigation_ad_size":"26","navigation_ad_background":"#252525","mts_postfooter_adcode":"","mts_postfooter_adcode_time":"0","mts_posttop_adcode":"","mts_posttop_adcode_time":"0","mts_postend_adcode":"","mts_postend_adcode_time":"0","search_content":"all","search_results_per_page":"9","search_position":"above","mts_header_code":"","mts_analytics_code":"","mts_custom_css":"","retina_images":"1","images_responsive":"0","status_opengraph":"1","dynamic_css_compiler":"1","dynamic_css_db_caching":"0","cache_server_ip":""},"risen_homepage":{"last_tab":"homepage-general","mts_featured_categories":[{"group_title":"","group_sort":"1","mts_featured_title":"Latest","unique_id":"5c4853f1215ac","mts_thumb_layout":"layout-default","mts_featured_category":"latest","mts_featured_category_postsnum":"12"}],"mts_featured_category_title_5c4853f1215ac":"0","mts_post_title_alignment_5c4853f1215ac":"left","mts_featured_category_title_background_5c4853f1215ac":{"color":"","use":"pattern","image_pattern":"nobg","image_upload":"","repeat":"repeat","attachment":"scroll","position":"left top","size":"cover","gradient":{"from":"#ffffff","to":"#000000","direction":"0deg"},"parallax":"0"},"mts_featured_category_title_margin_5c4853f1215ac":{"top":"0","right":"0","bottom":"0","left":"0"},"mts_featured_category_title_padding_5c4853f1215ac":{"top":"0","right":"0","bottom":"0","left":"0"},"post_title_border_5c4853f1215ac":{"color":"","direction":"all","size":"","style":"none"},"mts_featured_category_title_font_5c4853f1215ac":{"preview-color":"light","font-family":"Roboto Condensed","font-backup":"","font-weight":"700","font-style":"","color":"#000000","font-size":"26px","line-height":"","letter-spacing":"","margin-top":"","margin-bottom":"","css-selectors":".title-container.title-id-5c4853f1215ac h3.featured-category-title","additional-css":"text-transform: uppercase;"},"home_meta_info_5c4853f1215ac":{"author":"author","category":"category","time":"time"},"cat_background_5c4853f1215ac":"#ff0024","mts_meta_info_margin_5c4853f1215ac":{"top":"0","right":"0","bottom":"0","left":"0"},"mts_meta_info_padding_5c4853f1215ac":{"top":"0","right":"0","bottom":"0","left":"0"},"meta_info_font_5c4853f1215ac":{"preview-color":"light","font-family":"Roboto","font-backup":"","font-weight":"300","font-style":"","color":"#c1c2c4","font-size":"14px","line-height":"","letter-spacing":"","margin-top":"","margin-bottom":"","css-selectors":".layout-5c4853f1215ac .latestPost .post-info.bottom, .layout-5c4853f1215ac .latestPost .post-info.bottom a","additional-css":"text-transform: uppercase;"},"mts_featured_category_background_5c4853f1215ac":{"color":"","use":"pattern","image_pattern":"nobg","image_upload":"","repeat":"repeat","attachment":"scroll","position":"left top","size":"cover","gradient":{"from":"#ffffff","to":"#000000","direction":"0deg"},"parallax":"0"},"post_border_5c4853f1215ac":{"color":"","direction":"all","size":"","style":"none"},"post_margin_5c4853f1215ac":{"top":"56px","bottom":"35px"},"post_padding_5c4853f1215ac":{"top":"0","right":"0","bottom":"0","left":"0"},"post_title_font_5c4853f1215ac":{"preview-color":"light","font-family":"Anton","font-backup":"","font-weight":"400","font-style":"","color":"#000000","font-size":"36px","line-height":"51px","letter-spacing":"","margin-top":"","margin-bottom":"","css-selectors":".layout-5c4853f1215ac .latestPost .title a","additional-css":"text-transform: uppercase;"},"post_excerpt_font_5c4853f1215ac":{"preview-color":"light","font-family":"Roboto","font-backup":"","font-weight":"300","font-style":"","color":"#000000","font-size":"16px","line-height":"30px","letter-spacing":"","margin-top":"","margin-bottom":"","css-selectors":".layout-5c4853f1215ac .latestPost .front-view-content","additional-css":""},"mts_pagenavigation_type":"1","load_more_alignment":"full","mts_pagenavigation_bgcolor":"#ffffff","load_more_bgcolor":"#ff0024","mts_pagenavigation_hover_bgcolor":"#ff0024","load_more_hover_bgcolor":"#2e2f36","mts_pagenavigation_color":"#abacad","load_more_color":"#ffffff","mts_pagenavigation_hover_color":"#ffffff","load_more_hover_color":"#ffffff","mts_pagenavigation_margin":{"top":"0","right":"8px","bottom":"0","left":"0"},"mts_pagenavigation_padding":{"top":"10px","right":"12px","bottom":"7px","left":"12px"},"load_more_padding":{"top":"30px","right":"30px","bottom":"27px","left":"30px"},"mts_pagenavigation_border_radius":"0","pagenavigation_border":{"color":"","direction":"all","size":"","style":"none"}},"risen_sidebars":{"last_tab":"sidebars-general","mts_sidebar_for_home":"mts_defaultsidebar","mts_sidebar_for_post":"mts_defaultsidebar","mts_sidebar_for_page":"mts_defaultsidebar","mts_sidebar_for_archive":"mts_defaultsidebar","mts_sidebar_for_category":"mts_defaultsidebar","mts_sidebar_for_tag":"mts_defaultsidebar","mts_sidebar_for_date":"mts_defaultsidebar","mts_sidebar_for_author":"mts_defaultsidebar","mts_sidebar_for_search":"mts_defaultsidebar","mts_sidebar_for_notfound":"mts_defaultsidebar","mts_sidebar_for_shop":"mts_defaultsidebar","mts_sidebar_for_product":"mts_defaultsidebar","mts_sidebar_title_styling_background":{"color":"#000000","use":"pattern","image_pattern":"nobg","image_upload":"","repeat":"repeat","attachment":"scroll","position":"left top","size":"cover","gradient":{"from":"#ffffff","to":"#000000","direction":"0deg"},"parallax":"0"},"mts_sidebar_title_styling_margin":{"top":"0","bottom":"22px"},"mts_sidebar_title_styling_padding":{"top":"6px","right":"17px","bottom":"6px","left":"17px"},"widget_title_border":{"color":"","direction":"all","size":"","style":"none"},"mts_sidebar_styling_background":{"color":"","use":"pattern","image_pattern":"nobg","image_upload":"","repeat":"repeat","attachment":"scroll","position":"left top","size":"cover","gradient":{"from":"#ffffff","to":"#000000","direction":"0deg"},"parallax":"0"},"mts_sidebar_styling_margin":{"top":"0","right":"0","bottom":"72px","left":"0"},"mts_sidebar_styling_padding":{"top":"0","right":"0","bottom":"0","left":"0"},"sidebar_styling_border":{"color":"","direction":"all","size":"","style":"none"}},"risen_single":{"last_tab":"single-general","mts_show_featured":"1","featured_image_size":"full","featured_image_margin":{"top":"-35px","right":"0","bottom":"0","left":"0"},"featured_text_alignment":"left","show_prev_next":"1","mts_single_post_layout":{"enabled":{"content":"Post Content","tags":"Tags","author":"Author Box","related":"Related Posts"},"disabled":{"subscribe":"Subscribe Box"}},"related_post_title":"See More Posts","mts_related_posts_taxonomy":"categories","single_meta_info":{"author":"author","comment":"comment","category":"category"},"mts_breadcrumb":"0","breadcrumb_icon":"angle-right","breadcrumb_font":{"preview-color":"light","font-family":"Anton","font-backup":"","font-weight":"500","font-style":"","color":"#2e2f36","font-size":"18px","line-height":"","letter-spacing":"","margin-top":"","margin-bottom":"","css-selectors":".breadcrumb, .rank-math-breadcrumb","additional-css":""},"mts_author_comment":"1","mts_comment_date":"1","single_title_alignment":"left","single_title_background":{"color":"","use":"pattern","image_pattern":"nobg","image_upload":"","repeat":"repeat","attachment":"scroll","position":"left top","size":"cover","gradient":{"from":"#ffffff","to":"#000000","direction":"0deg"},"parallax":"0"},"single_title_padding":{"top":"0","right":"0","bottom":"0","left":"0"},"single_title_border":{"color":"","direction":"all","size":"","style":"none"},"single_page_titles_font":{"preview-color":"light","font-family":"Roboto","font-backup":"","font-weight":"700","font-style":"","color":"#000000","font-size":"20px","line-height":"24px","letter-spacing":"","margin-top":"","margin-bottom":"","css-selectors":"#respond h4, .total-comments","additional-css":""},"single_background":{"color":"#ffffff","use":"pattern","image_pattern":"nobg","image_upload":"","repeat":"repeat","attachment":"scroll","position":"left top","size":"cover","gradient":{"from":"#ffffff","to":"#000000","direction":"0deg"},"parallax":"0"},"mts_single_styling_margin":{"top":"0","bottom":"35px"},"mts_single_styling_padding":{"top":"50px","right":"65px","bottom":"35px","left":"65px"},"single_styling_border":{"color":"","direction":"all","size":"","style":"none"},"mts_single_meta_info_font":{"preview-color":"light","font-family":"Roboto","font-backup":"","font-weight":"500","font-style":"","color":"#000000","font-size":"14px","line-height":"","letter-spacing":"","margin-top":"","margin-bottom":"","css-selectors":".single_post .post-info.bottom, .single_post .post-info.bottom a, .single-full-header .post-info, .single-full-header .post-info.bottom a, .reply, #comments .ago","additional-css":""},"related_posts_background":{"color":"","use":"pattern","image_pattern":"nobg","image_upload":"","repeat":"repeat","attachment":"scroll","position":"left top","size":"cover","gradient":{"from":"#ffffff","to":"#000000","direction":"0deg"},"parallax":"0"},"related_posts_layouts":"default","related_posts_grid":"grid2","mts_related_postsnum":"2","related_posts_adcode":"","related_posts_position":"default","related_posts_margin":{"top":"55px","right":"0","bottom":"0","left":"0"},"related_posts_padding":{"top":"58px","right":"0","bottom":"0","left":"0"},"related_post_title_font":{"preview-color":"light","font-family":"Roboto","font-backup":"","font-weight":"700","font-style":"","color":"#000000","font-size":"20px","line-height":"24px","letter-spacing":"","margin-top":"","margin-bottom":"","css-selectors":".related-posts h4","additional-css":""},"related_posts_font":{"preview-color":"light","font-family":"Roboto Condensed","font-backup":"","font-weight":"700","font-style":"","color":"#000000","font-size":"28px","line-height":"32px","letter-spacing":"","margin-top":"","margin-bottom":"","css-selectors":".related-posts .title a","additional-css":"text-transform: uppercase;"},"related_posts_meta_font":{"preview-color":"light","font-family":"Roboto","font-backup":"","font-weight":"300","font-style":"","color":"#70747a","font-size":"13px","line-height":"","letter-spacing":"","margin-top":"","margin-bottom":"","css-selectors":".related-posts .post-info, .related-posts .post-info a","additional-css":""},"related_article_background":{"color":"","use":"pattern","image_pattern":"nobg","image_upload":"","repeat":"repeat","attachment":"scroll","position":"left top","size":"cover","gradient":{"from":"#ffffff","to":"#000000","direction":"0deg"},"parallax":"0"},"related_article_padding":{"top":"0","right":"0","bottom":"0","left":"0"},"related_article_text_padding":{"top":"0","right":"0","bottom":"0","left":"0"},"single_subscribe_box":"0","single_subscribe_background":{"color":"","use":"pattern","image_pattern":"nobg","image_upload":"","repeat":"repeat","attachment":"scroll","position":"left top","size":"cover","gradient":{"from":"#ffffff","to":"#000000","direction":"0deg"},"parallax":"0"},"single_subscribe_margin":{"top":"0","right":"0","bottom":"0","left":"0"},"single_subscribe_padding":{"top":"49px","right":"52px","bottom":"51px","left":"66px"},"single_subscribe_border_radius":"0","single_subscribe_title_font":{"preview-color":"dark","font-family":"Anton","font-backup":"","font-weight":"400","font-style":"","color":"#ffffff","font-size":"30px","line-height":"32px","letter-spacing":"","margin-top":"","margin-bottom":"","css-selectors":".single-subscribe .widget #wp-subscribe .title","additional-css":"text-transform: uppercase;"},"single_subscribe_text_font":{"preview-color":"light","font-family":"Roboto","font-backup":"","font-weight":"400","font-style":"","color":"#ffffff","font-size":"10px","line-height":"18px","letter-spacing":"","margin-top":"","margin-bottom":"","css-selectors":".single-subscribe .widget #wp-subscribe p.text, .single-subscribe .widget .wp-subscribe .wps-consent-wrapper label, .single-subscribe .widget .wp-subscribe-wrap .error, .single-subscribe .widget .wp-subscribe-wrap .thanks","additional-css":""},"single_subscribe_input_background":"#ffffff","single_subscribe_input_height":"28","single_subscribe_input_border_radius":"0","single_subscribe_input_border":{"color":"","direction":"all","size":"","style":"none"},"single_subscribe_input_font":{"preview-color":"light","font-family":"Roboto","font-backup":"","font-weight":"400","font-style":"","color":"#979797","font-size":"8px","line-height":"","letter-spacing":"","margin-top":"","margin-bottom":"","css-selectors":".single-subscribe .widget #wp-subscribe input.email-field, .single-subscribe .widget #wp-subscribe input.name-field","additional-css":""},"single_subscribe_submit_backgroud":"#000000","single_subscribe_submit_border_radius":"0","single_subscribe_submit_border":{"color":"","direction":"all","size":"","style":"none"},"single_subscribe_submit_padding":{"top":"10px","right":"0","bottom":"10px","left":"0"},"single_subscribe_submit_font":{"preview-color":"dark","font-family":"Roboto","font-backup":"","font-weight":"800","font-style":"","color":"#ffffff","font-size":"8px","line-height":"","letter-spacing":"","margin-top":"","margin-bottom":"","css-selectors":".single-subscribe .widget #wp-subscribe input.submit","additional-css":""},"single_subscribe_small_text_font":{"preview-color":"light","font-family":"Anton","font-backup":"","font-weight":"400","font-style":"","color":"#a6a7aa","font-size":"13px","line-height":"20px","letter-spacing":"","margin-top":"","margin-bottom":"","css-selectors":".single-subscribe .widget .wp-subscribe-wrap p.footer-text","additional-css":"display: none;"},"single_authorbox_background":{"color":"","use":"pattern","image_pattern":"nobg","image_upload":"","repeat":"repeat","attachment":"scroll","position":"left top","size":"cover","gradient":{"from":"#ffffff","to":"#000000","direction":"0deg"},"parallax":"0"},"author_box_title":"","single_authorbox_margin":{"top":"35px","right":"0","bottom":"0","left":"0"},"single_authorbox_padding":{"top":"0","right":"0","bottom":"0","left":"0"},"single_authorbox_border_radius":"0","single_authorbox_title_font":{"preview-color":"light","font-family":"Roboto","font-backup":"","font-weight":"700","font-style":"","color":"#000000","font-size":"20px","line-height":"24px","letter-spacing":"","margin-top":"","margin-bottom":"","css-selectors":".postauthor h4","additional-css":""},"single_authorbox_author_name_font":{"preview-color":"light","font-family":"Roboto","font-backup":"","font-weight":"700","font-style":"","color":"#959595","font-size":"22px","line-height":"24px","letter-spacing":"","margin-top":"","margin-bottom":"","css-selectors":".postauthor h5, .postauthor h5 a","additional-css":""},"single_authorbox_text_font":{"preview-color":"light","font-family":"Roboto","font-backup":"","font-weight":"400","font-style":"","color":"#959595","font-size":"16px","line-height":"24px","letter-spacing":"","margin-top":"","margin-bottom":"","css-selectors":".postauthor p","additional-css":""},"single_author_image_margin":{"top":"0","right":"26px","bottom":"0","left":"0"},"single_author_image_border_radius":"100"},"risen_typography":{"last_tab":"typography-collection","risen_logo":{"preview-color":"light","font-family":"Anton","font-backup":"","font-weight":"400","font-style":"","color":"#000000","font-size":"40px","line-height":"","letter-spacing":"","margin-top":"","margin-bottom":"","css-selectors":"#logo a","additional-css":"text-transform: uppercase;"},"featured_title_font":{"preview-color":"light","font-family":"Anton","font-backup":"","font-weight":"400","font-style":"","color":"#000000","font-size":"64px","line-height":"68px","letter-spacing":"","margin-top":"","margin-bottom":"","css-selectors":".featured-content a.title","additional-css":"text-transform: uppercase;"},"featured_cat_font":{"preview-color":"dark","font-family":"Roboto Condensed","font-backup":"","font-weight":"700","font-style":"","color":"#ffffff","font-size":"20px","line-height":"","letter-spacing":"","margin-top":"","margin-bottom":"","css-selectors":".featured-content a.thecategory, .single-full-header .post-info.top a, .f-widget .widget .vertical-small .post-info.top .thecategory a","additional-css":"text-transform: uppercase;"},"secondary_navigation_font":{"preview-color":"light","font-family":"Roboto Condensed","font-backup":"","font-weight":"700","font-style":"","color":"#000000","font-size":"16px","line-height":"","letter-spacing":"","margin-top":"","margin-bottom":"","css-selectors":"#secondary-navigation a","additional-css":"text-transform: uppercase;"},"home_title_font":{"preview-color":"light","font-family":"Anton","font-backup":"","font-weight":"500","font-style":"","color":"#2e2f36","font-size":"40px","line-height":"46px","letter-spacing":"","margin-top":"","margin-bottom":"","css-selectors":".latestPost .title a","additional-css":""},"category_font":{"preview-color":"dark","font-family":"Roboto Condensed","font-backup":"","font-weight":"700","font-style":"","color":"#ffffff","font-size":"20px","line-height":"28px","letter-spacing":"","margin-top":"","margin-bottom":"","css-selectors":".thecategory a, #sidebar .widget .vertical-small .post-info .thecategory a","additional-css":"text-transform: uppercase;"},"single_title_font":{"preview-color":"light","font-family":"Anton","font-backup":"","font-weight":"500","font-style":"","color":"#000000","font-size":"40px","line-height":"52px","letter-spacing":"","margin-top":"","margin-bottom":"","css-selectors":".single-title","additional-css":"text-transform: uppercase;"},"content_font":{"preview-color":"light","font-family":"Roboto","font-backup":"","font-weight":"400","font-style":"","color":"#454545","font-size":"16px","line-height":"24px","letter-spacing":"","margin-top":"","margin-bottom":"","css-selectors":"body","additional-css":""},"sidebar_title_font":{"preview-color":"light","font-family":"Anton","font-backup":"","font-weight":"400","font-style":"","color":"#ffffff","font-size":"20px","line-height":"28px","letter-spacing":"","margin-top":"","margin-bottom":"","css-selectors":"#sidebar .widget h3.widget-title, #sidebar .widget h3.widget-title a, #sidebar .widget #wp-subscribe .title","additional-css":"text-transform: uppercase;"},"sidebar_url":{"preview-color":"light","font-family":"Anton","font-backup":"","font-weight":"400","font-style":"","color":"#000000","font-size":"18px","line-height":"22px","letter-spacing":"","margin-top":"","margin-bottom":"","css-selectors":"#sidebar .widget a","additional-css":"text-transform: uppercase;"},"sidebar_url_bigthumb":{"preview-color":"light","font-family":"Anton","font-backup":"","font-weight":"400","font-style":"","color":"#000000","font-size":"28px","line-height":"32px","letter-spacing":"","margin-top":"","margin-bottom":"","css-selectors":"#sidebar .widget .vertical-small a, #sidebar .widget .vertical-small li, #sidebar .widget .review_thumb_large .entry-title a, .f-widget .widget .vertical-small a, .f-widget .widget .vertical-small li, .f-widget .widget .review_thumb_large .entry-title a","additional-css":"text-transform: uppercase;"},"sidebar_font":{"preview-color":"light","font-family":"Roboto","font-backup":"","font-weight":"300","font-style":"","color":"#000000","font-size":"16px","line-height":"24px","letter-spacing":"","margin-top":"","margin-bottom":"","css-selectors":"#sidebar .widget p, #sidebar .widget .post-excerpt, #sidebar .widget #wp-subscribe p.text, #sidebar .wp-subscribe-wrap .wps-consent-wrapper label, #sidebar .wp-subscribe-wrap p.footer-text","additional-css":""},"sidebar_font_bigthumb":{"preview-color":"light","font-family":"Roboto","font-backup":"","font-weight":"300","font-style":"","color":"#000000","font-size":"16px","line-height":"24px","letter-spacing":"","margin-top":"","margin-bottom":"","css-selectors":"#sidebar .widget .vertical-small p, #sidebar .widget .vertical-small .post-excerpt, .f-widget .widget .vertical-small p, .f-widget .widget .vertical-small .post-excerpt","additional-css":""},"sidebar_postinfo_font":{"preview-color":"light","font-family":"Roboto","font-backup":"","font-weight":"300","font-style":"","color":"#aaacae","font-size":"14px","line-height":"20px","letter-spacing":"","margin-top":"","margin-bottom":"","css-selectors":"#sidebar .widget .post-info, #sidebar .widget .post-info a","additional-css":"text-transform: uppercase;"},"sidebar_postinfo_font_bigthumb":{"preview-color":"light","font-family":"Roboto","font-backup":"","font-weight":"300","font-style":"","color":"#aaacae","font-size":"14px","line-height":"22px","letter-spacing":"","margin-top":"","margin-bottom":"","css-selectors":"#sidebar .widget .vertical-small .post-info, #sidebar .widget .vertical-small .post-info a, .f-widget .widget .vertical-small .post-info, .f-widget .widget .vertical-small .post-info a, .widget .wp_review_tab_widget_content .review_thumb_large .wp-review-tab-postmeta, .wpt_widget_content .wpt-postmeta, .wpt_comment_content, .wpt_excerpt","additional-css":"text-transform: uppercase;"},"top_footer_title_font":{"preview-color":"dark","font-family":"Roboto Condensed","font-backup":"","font-weight":"700","font-style":"","color":"#ffffff","font-size":"24px","line-height":"","letter-spacing":"","margin-top":"","margin-bottom":"","css-selectors":".footer-widgets h3, #site-footer .widget #wp-subscribe .title, .brands-title","additional-css":"text-transform: uppercase;"},"top_footer_link_font":{"preview-color":"dark","font-family":"Roboto Condensed","font-backup":"","font-weight":"700","font-style":"","color":"#ffffff","font-size":"16px","line-height":"","letter-spacing":"","margin-top":"","margin-bottom":"","css-selectors":".f-widget a, footer .wpt_widget_content a, footer .wp_review_tab_widget_content a, footer .wpt_tab_widget_content a, footer .widget .wp_review_tab_widget_content a","additional-css":""},"top_footer_font":{"preview-color":"dark","font-family":"Roboto","font-backup":"","font-weight":"300","font-style":"","color":"#909293","font-size":"14px","line-height":"24px","letter-spacing":"","margin-top":"","margin-bottom":"","css-selectors":".footer-widgets, .f-widget .top-posts .comment_num, footer .meta, footer .twitter_time, footer .widget .wpt_widget_content .wpt-postmeta, footer .widget .wpt_comment_content, footer .widget .wpt_excerpt, footer .wp_review_tab_widget_content .wp-review-tab-postmeta, footer .advanced-recent-posts p, footer .popular-posts p, footer .category-posts p, footer .widget .post-info","additional-css":""},"copyrights_font":{"preview-color":"dark","font-family":"Roboto Condensed","font-backup":"","font-weight":"300","font-style":"","color":"#ffffff","font-size":"13px","line-height":"","letter-spacing":"","margin-top":"","margin-bottom":"","css-selectors":"#copyright-note, #copyright-note a","additional-css":"text-transform: uppercase;"},"h1_headline":{"preview-color":"light","font-family":"Anton","font-backup":"","font-weight":"400","font-style":"","color":"#000000","font-size":"36px","line-height":"","letter-spacing":"","margin-top":"","margin-bottom":"","css-selectors":"h1","additional-css":""},"h2_headline":{"preview-color":"light","font-family":"Anton","font-backup":"","font-weight":"400","font-style":"","color":"#000000","font-size":"34px","line-height":"","letter-spacing":"","margin-top":"","margin-bottom":"","css-selectors":"h2","additional-css":""},"h3_headline":{"preview-color":"light","font-family":"Anton","font-backup":"","font-weight":"400","font-style":"","color":"#000000","font-size":"32px","line-height":"","letter-spacing":"","margin-top":"","margin-bottom":"","css-selectors":"h3","additional-css":""},"h4_headline":{"preview-color":"light","font-family":"Anton","font-backup":"","font-weight":"400","font-style":"","color":"#000000","font-size":"30px","line-height":"","letter-spacing":"","margin-top":"","margin-bottom":"","css-selectors":"h4, blockquote","additional-css":""},"h5_headline":{"preview-color":"light","font-family":"Anton","font-backup":"","font-weight":"400","font-style":"","color":"#000000","font-size":"28px","line-height":"","letter-spacing":"","margin-top":"","margin-bottom":"","css-selectors":"h5","additional-css":""},"h6_headline":{"preview-color":"light","font-family":"Anton","font-backup":"","font-weight":"400","font-style":"","color":"#000000","font-size":"26px","line-height":"","letter-spacing":"","margin-top":"","margin-bottom":"","css-selectors":"h6","additional-css":""},"typography-subsets":{"latin":"latin"}},"mts-opts-backup":"1"}
