{"sidebar":{"single_category_posts_widget-3":{"title":"Trending","cat":2,"title_length":6,"qty":3,"category":1,"author_name":1,"date":1,"show_thumb1":1,"box_layout":"vertical-small","border_radius":0,"show_excerpt":0,"excerpt_length":10},"mts_popular_posts_widget-3":{"title":"Popular Posts","qty":3,"title_length":8,"category":0,"author_name":0,"date":1,"days":999,"show_thumb3":1,"box_layout":"horizontal-small","border_radius":0,"show_excerpt":0,"excerpt_length":10}},"footer-top-1":{"mts_instagram_widget-2":{"title":"","instagram_username":"amarantheofficial","instagram_num_post":"4","instagram_grid":"two-grid","instagram_follow_text":"@Instagram","instagram_follow_uri":"#"}},"footer-top-2":{"recent-comments-3":{"title":"","number":3}},"footer-top-3":{"wp_subscribe-2":{"title":"Subscribe Now","service":"feedburner","aweber_consumer_key":"","aweber_consumer_secret":"","aweber_access_key":"","aweber_access_secret":"","aweber_account_id":"","aweber_list_id":"none","feedburner_id":"","mailchimp_api_key":"","mailchimp_list_id":"none","mailchimp_double_optin":"0","include_name_field":"0","text":"Subscribe to our mailing list and get interesting stuff and updates to your email inbox.","name_placeholder":"Enter your name here","email_placeholder":"Your email","consent_text":"","button_text":"Subscribe","success_message":"Thank you for subscribing.","error_message":"Something went wrong.","footer_text":""}},"post-layout-defaultlatest":{"mts_aboutme_widget-2":{"title":"","aboutme_image_url":"https:\/\/demo.mythemeshop.com\/risen-blog\/files\/2019\/01\/risen-about.jpg","aboutme_description":"Cras pulvinar, erat nec elementum molestie, tortor quam dapibus metus, ut condimentum ipsum justo vitae leo","author_name":"MyThemeShop","facebook":"#","twitter":"#","instagram":"#","pinterest":"#","gplus":"#","linkedin":"#","dribbble":"#"},"single_category_posts_widget-2":{"title":"Trending","cat":2,"title_length":6,"qty":3,"category":1,"author_name":1,"date":1,"show_thumb1":1,"box_layout":"vertical-small","border_radius":0,"show_excerpt":0,"excerpt_length":10},"mts_popular_posts_widget-2":{"title":"Popular Posts","qty":4,"title_length":8,"category":0,"author_name":0,"date":1,"days":999,"show_thumb3":1,"box_layout":"horizontal-small","border_radius":0,"show_excerpt":0,"excerpt_length":10}}}