{"sidebar":{"single_category_posts_widget-2":{"title":"Featured Category","cat":26,"title_length":7,"qty":5,"comment_num":0,"date":0,"show_thumb1":1,"box_layout":"horizontal-small","show_excerpt":0,"excerpt_length":10},"mts_related_posts_widget-2":{"title":"Related Posts","qty":5,"title_length":7,"comment_num":0,"date":0,"show_thumb6":1,"box_layout":"vertical-small","show_excerpt":0,"excerpt_length":10},"mts_popular_posts_widget-2":{"title":"HotPicks","qty":5,"title_length":7,"comment_num":0,"date":0,"days":999,"show_thumb3":1,"box_layout":"horizontal-small","show_excerpt":0,"excerpt_length":10}},"footer-first":{"nav_menu-2":{"title":"Categories","nav_menu":39}},"footer-first-2":{"archives-3":{"title":"","count":0,"dropdown":0}},"footer-first-3":{"recent-comments-3":{"title":"","number":2}},"footer-first-4":{"recent-posts-4":{"title":"","number":2,"show_date":false}},"footer-first-5":{"tag_cloud-2":{"title":"","count":0,"taxonomy":"post_tag"}},"shop-sidebar":{"woocommerce_product_search-2":{"title":""},"woocommerce_widget_cart-2":{"title":"Cart","hide_if_empty":0},"woocommerce_price_filter-2":{"title":"Filter by price"},"woocommerce_product_categories-2":{"title":"Product categories","orderby":"name","dropdown":0,"count":0,"hierarchical":1,"show_children_only":0,"hide_empty":0,"max_depth":""}},"product-sidebar":{"woocommerce_products-2":{"title":"Products","number":5,"show":"","orderby":"date","order":"desc","hide_free":0,"show_hidden":0},"woocommerce_recent_reviews-2":{"title":"Recent reviews","number":10},"woocommerce_recently_viewed_products-2":{"title":"Recently Viewed Products","number":10}}}