{"seekers":{"last_tab":"main","mts_logo":"2632","mts_favicon":"","mts_touch_icon":"","mts_metro_icon":"","mts_twitter_username":"","mts_feedburner":"","mts_ajax_search":"0","mts_responsive":"1","mts_shop_products":"9","async_js":"1","remove_ver_params":"1","disable_emojis":"0","prefetching":"0","mts_color_scheme":"#e7ee02","link_color_scheme":"#01cedf","mts_layout":"cslayout","mts_background":{"color":"#ffffff","use":"pattern","image_pattern":"nobg","image_upload":"","repeat":"repeat","attachment":"scroll","position":"left top","size":"cover","gradient":{"from":"#ffffff","to":"#000000","direction":"0deg"},"parallax":"0"},"mts_lightbox":"0","mts_header_style":"logo_in_nav_header","mts_sticky_nav":"0","mts_header_margin":{"top":"0","bottom":"0"},"mts_header_padding":{"top":"27px","bottom":"21px"},"mts_header_border":{"color":"","direction":"all","size":"","style":"none"},"menu_search_margin":{"top":"-2px","bottom":"0"},"mts_header_search":"1","menu_icon_color":"#a0c2cc","nav_position":"190","mts_header_section2":"1","mts_header_background":{"color":"#ffffff","use":"pattern","image_pattern":"nobg","image_upload":"","repeat":"repeat","attachment":"scroll","position":"left top","size":"cover","gradient":{"from":"#ffffff","to":"#000000","direction":"0deg"},"parallax":"0"},"mts_main_navigation_background":{"color":"#ffffff","use":"pattern","image_pattern":"nobg","image_upload":"","repeat":"repeat","attachment":"scroll","position":"left top","size":"cover","gradient":{"from":"#ffffff","to":"#000000","direction":"0deg"},"parallax":"0"},"main_navigation_dropdown_color":"#3f4770","main_navigation_dropdown_hover_color":"#01cedf","mts_show_primary_nav":"0","mts_top_bar_background":{"color":"#ffffff","use":"pattern","image_pattern":"nobg","image_upload":"","repeat":"repeat","attachment":"scroll","position":"left top","size":"cover","gradient":{"from":"#ffffff","to":"#000000","direction":"0deg"},"parallax":"0"},"primary_navigation_font":{"preview-color":"light","font-family":"Karla","font-backup":"","font-weight":"normal","font-style":"","color":"#777","font-size":"13px","line-height":"","letter-spacing":"","margin-top":"","margin-bottom":"","css-selectors":"#primary-navigation a","additional-css":""},"mts_header_social_icons":"0","mts_header_social":[{"group_title":"Facebook","group_sort":"1","mts_header_icon_title":"Facebook","mts_header_icon":"facebook","mts_header_icon_link":"#","mts_header_icon_bgcolor":"","mts_header_icon_hover_bgcolor":"","mts_header_icon_color":"#2e4152","mts_header_icon_hover_color":"#01cedf","mts_header_icon_margin":{"top":"0","right":"8px","bottom":"0","left":"0"},"mts_header_icon_padding":{"top":"12px","right":"8px","bottom":"12px","left":"8px"},"mts_header_icon_border":{"color":"#777","direction":"all","size":"0","style":"solid"},"mts_header_icon_border_radius":"0"},{"group_title":"Twitter","group_sort":"2","mts_header_icon_title":"Twitter","mts_header_icon":"twitter","mts_header_icon_link":"#","mts_header_icon_bgcolor":"","mts_header_icon_hover_bgcolor":"","mts_header_icon_color":"#2e4152","mts_header_icon_hover_color":"#01cedf","mts_header_icon_margin":{"top":"0","right":"8px","bottom":"0","left":"0"},"mts_header_icon_padding":{"top":"12px","right":"8px","bottom":"12px","left":"8px"},"mts_header_icon_border":{"color":"#777","direction":"all","size":"0","style":"solid"},"mts_header_icon_border_radius":"0"},{"group_title":"Google Plus","group_sort":"3","mts_header_icon_title":"Google Plus","mts_header_icon":"google-plus","mts_header_icon_link":"#","mts_header_icon_bgcolor":"","mts_header_icon_hover_bgcolor":"","mts_header_icon_color":"#2e4152","mts_header_icon_hover_color":"#01cedf","mts_header_icon_margin":{"top":"0","right":"8px","bottom":"0","left":"0"},"mts_header_icon_padding":{"top":"12px","right":"8px","bottom":"12px","left":"8px"},"mts_header_icon_border":{"color":"#777","direction":"all","size":"0","style":"solid"},"mts_header_icon_border_radius":"0"},{"group_title":"YouTube","group_sort":"4","mts_header_icon_title":"YouTube","mts_header_icon":"youtube-play","mts_header_icon_link":"#","mts_header_icon_bgcolor":"","mts_header_icon_hover_bgcolor":"","mts_header_icon_color":"#2e4152","mts_header_icon_hover_color":"#01cedf","mts_header_icon_margin":{"top":"0","right":"0","bottom":"0","left":"0"},"mts_header_icon_padding":{"top":"12px","right":"8px","bottom":"12px","left":"8px"},"mts_header_icon_border":{"color":"#777","direction":"all","size":"0","style":"solid"},"mts_header_icon_border_radius":"0"}],"mts_top_footer":"1","mts_top_footer_num":"4","footer_sections_position":"bottom","mts_copyrights":"Theme by <a href=\"http:\/\/mythemeshop.com\/\" rel=\"nofollow\">MyThemeShop<\/a>","mts_top_footer_margin":{"top":"30px","right":"0","bottom":"0","left":"0"},"mts_top_footer_padding":{"top":"80px","right":"0","bottom":"70px","left":"0"},"mts_footer_background":{"color":"#172e4b","use":"pattern","image_pattern":"nobg","image_upload":"","repeat":"repeat","attachment":"scroll","position":"left top","size":"cover","gradient":{"from":"#ffffff","to":"#000000","direction":"0deg"},"parallax":"0"},"mts_copyrights_background":{"color":"#172e4b","use":"pattern","image_pattern":"nobg","image_upload":"","repeat":"repeat","attachment":"scroll","position":"left top","size":"cover","gradient":{"from":"#ffffff","to":"#000000","direction":"0deg"},"parallax":"0"},"copyrights_border":{"color":"","direction":"all","size":"","style":"none"},"show_top_button":"0","top_button_icon":"angle-double-up","top_button_color":"#ffffff","top_button_color_hover":"#ffffff","top_button_background":"#222222","top_button_background_hover":"#e7ee02","top_button_font_size":"22","top_button_padding":{"top":"10px","right":"10px","bottom":"18px","left":"10px"},"top_button_position":{"top":"auto","right":"15px","bottom":"10px","left":"auto"},"top_button_border_radius":"3","top_button_border":{"color":"","direction":"all","size":"","style":"none"},"footer_nav_section":"0","footer_nav_alignment":"left","footer_nav_margin":{"top":"0","right":"0","bottom":"30px","left":"0"},"footer_nav_padding":{"top":"30px","right":"0","bottom":"0","left":"0"},"footer_nav_border":{"color":"","direction":"all","size":"","style":"none"},"footer_nav_font":{"preview-color":"dark","font-family":"Karla","font-backup":"","font-weight":"700","font-style":"","color":"#ffffff","font-size":"16px","line-height":"","letter-spacing":"","margin-top":"","margin-bottom":"","css-selectors":".footer-nav li a","additional-css":"text-transform: uppercase;"},"footer_menu_item_margin":{"right":"0","left":"0"},"footer_nav_separator":"0","footer_nav_separator_content":"|","footer_nav_separator_color":"#ffffff","footer_nav_separator_margin":{"right":"25px","left":"25px"},"footer_nav_social_icons":"0","footer_nav_social":[{"group_title":"Facebook","group_sort":"1","footer_nav_social_title":"Facebook","footer_nav_social_icon":"facebook-square","footer_nav_social_link":"#","footer_nav_social_bgcolor":"","footer_nav_social_hover_bgcolor":"","footer_nav_social_color":"#ffffff","footer_nav_social_hover_color":"#e7ee02","footer_nav_social_margin":{"top":"0","right":"24px","bottom":"0","left":"0"},"footer_nav_social_padding":{"top":"0","right":"0","bottom":"0","left":"0"},"footer_nav_social_border_radius":"0","footer_nav_social_border_size":"1","footer_nav_social_border_style":"none","footer_nav_social_border_color":"#dddddd"},{"group_title":"Youtube","group_sort":"1","footer_nav_social_title":"Youtube","footer_nav_social_icon":"youtube","footer_nav_social_link":"#","footer_nav_social_bgcolor":"","footer_nav_social_hover_bgcolor":"","footer_nav_social_color":"#ffffff","footer_nav_social_hover_color":"#e7ee02","footer_nav_social_margin":{"top":"0","right":"24px","bottom":"0","left":"0"},"footer_nav_social_padding":{"top":"0","right":"0","bottom":"0","left":"0"},"footer_nav_social_border_radius":"0","footer_nav_social_border_size":"1","footer_nav_social_border_style":"none","footer_nav_social_border_color":"#dddddd"},{"group_title":"Twitter","group_sort":"3","footer_nav_social_title":"Twitter","footer_nav_social_icon":"twitter","footer_nav_social_link":"#","footer_nav_social_bgcolor":"","footer_nav_social_hover_bgcolor":"","footer_nav_social_color":"#ffffff","footer_nav_social_hover_color":"#e7ee02","footer_nav_social_margin":{"top":"0","right":"24px","bottom":"0","left":"0"},"footer_nav_social_padding":{"top":"0","right":"0","bottom":"0","left":"0"},"footer_nav_social_border_radius":"0","footer_nav_social_border_size":"1","footer_nav_social_border_style":"none","footer_nav_social_border_color":"#dddddd"},{"group_title":"Pinterest","group_sort":"4","footer_nav_social_title":"Pinterest","footer_nav_social_icon":"pinterest","footer_nav_social_link":"#","footer_nav_social_bgcolor":"","footer_nav_social_hover_bgcolor":"","footer_nav_social_color":"#ffffff","footer_nav_social_hover_color":"#e7ee02","footer_nav_social_margin":{"top":"0","right":"24px","bottom":"0","left":"0"},"footer_nav_social_padding":{"top":"0","right":"0","bottom":"0","left":"0"},"footer_nav_social_border_radius":"0","footer_nav_social_border_size":"1","footer_nav_social_border_style":"none","footer_nav_social_border_color":"#dddddd"},{"group_title":"Instagram","group_sort":"5","footer_nav_social_title":"Instagram","footer_nav_social_icon":"instagram","footer_nav_social_link":"#","footer_nav_social_bgcolor":"","footer_nav_social_hover_bgcolor":"","footer_nav_social_color":"#ffffff","footer_nav_social_hover_color":"#e7ee02","footer_nav_social_margin":{"top":"0","right":"0","bottom":"0","left":"0"},"footer_nav_social_padding":{"top":"0","right":"0","bottom":"0","left":"0"},"footer_nav_social_border_radius":"0","footer_nav_social_border_size":"1","footer_nav_social_border_style":"none","footer_nav_social_border_color":"#dddddd"}],"footer_nav_social_font_size":"24","footer_brands_section":"0","footer_brands_alignment":"center","brands_section_title":"Our Brands:","brands_margin":{"top":"0","right":"0","bottom":"0","left":"0"},"brands_padding":{"top":"40px","right":"0","bottom":"27px","left":"0"},"brands_border":{"color":"#008b3e","direction":"top","size":"1","style":"solid"},"social_button_layout":"circular","mts_social_button_position":"top","mts_social_buttons_on_pages":"0","mts_social_buttons":{"enabled":{"facebookshare":"Facebook Share","twitter":"Twitter","pinterest":"Pinterest","gplus":"Google Plus"},"disabled":{"facebook":"Facebook Like","linkedin":"LinkedIn","stumble":"StumbleUpon","reddit":"Reddit"}},"social_styling_margin":{"top":"0","right":"0","bottom":"0","left":"-152px"},"social_styling_box_shadow":"1","social_floating_button_position":{"top":"auto","right":"auto","bottom":"282px","left":"auto"},"social_styling_border":{"color":"","direction":"all","size":"","style":"none"},"social_styling_background":{"color":"","use":"pattern","image_pattern":"nobg","image_upload":"","repeat":"repeat","attachment":"scroll","position":"left top","size":"cover","gradient":{"from":"#ffffff","to":"#000000","direction":"0deg"},"parallax":"0"},"detect_adblocker":"0","detect_adblocker_type":"popup","detect_adblocker_title":"Ad Blocker Detected","detect_adblocker_description":"Our website is made possible by displaying online advertisements to our visitors. Please consider supporting us by disabling your ad blocker.","background_clickable":"0","background_link":"","background_link_new_tab":"1","mts_header_adcode":"","header_adcode_show":"all","header_ad_size":"27","mts_header_adcode_margin":{"top":"20px","bottom":"0"},"navigation_ad":"0","navigation_adcode":"","navigation_ad_size":"26","navigation_ad_background":"#252525","mts_postfooter_adcode":"","mts_postfooter_adcode_time":"0","mts_posttop_adcode":"","mts_posttop_adcode_time":"0","mts_postend_adcode":"","mts_postend_adcode_time":"0","search_content":"all","search_results_per_page":"9","search_position":"above","mts_header_code":"","mts_analytics_code":"","mts_custom_css":"","retina_images":"1","images_responsive":"0","status_opengraph":"1","dynamic_css_compiler":"1","dynamic_css_db_caching":"0","cache_server_ip":""},"seekers_homepage":{"last_tab":"homepage-general","mts_featured_categories":[{"group_title":"","group_sort":"1","mts_featured_title":"Latest","unique_id":"5bf813ab2ef7c","mts_thumb_layout":"layout-2","mts_featured_category":"latest","mts_featured_category_postsnum":"14","mts_featured_category_excerpt":"29"}],"mts_featured_category_title_5bf813ab2ef7c":"0","mts_post_title_alignment_5bf813ab2ef7c":"left","mts_featured_category_title_background_5bf813ab2ef7c":{"color":"#ffffff","use":"pattern","image_pattern":"nobg","image_upload":"","repeat":"repeat","attachment":"scroll","position":"left top","size":"cover","gradient":{"from":"#ffffff","to":"#000000","direction":"0deg"},"parallax":"0"},"post_title_shadow5bf813ab2ef7c":"1","mts_featured_category_title_margin_5bf813ab2ef7c":{"top":"-42px","right":"0","bottom":"35px","left":"0"},"mts_featured_category_title_padding_5bf813ab2ef7c":{"top":"23px","right":"41px","bottom":"15px","left":"41px"},"post_title_border_5bf813ab2ef7c":{"color":"","direction":"all","size":"","style":"none"},"mts_featured_category_title_font_5bf813ab2ef7c":{"preview-color":"light","font-family":"Karla","font-backup":"","font-weight":"400","font-style":"","color":"#3f4770","font-size":"32px","line-height":"","letter-spacing":"","margin-top":"","margin-bottom":"","css-selectors":".title-container.title-id-5bf813ab2ef7c h3.featured-category-title","additional-css":"text-transform: uppercase;"},"mts_home_meta_info5bf813ab2ef7c":{"category":"category"},"l14_cat_background_5bf813ab2ef7c":"#e7ee02","l15_cat_text_5bf813ab2ef7c":"#3f4770","mts_meta_info_margin_5bf813ab2ef7c":{"top":"0","right":"0","bottom":"20px","left":"0"},"mts_meta_info_padding_5bf813ab2ef7c":{"top":"0","right":"0","bottom":"0","left":"0"},"mts_meta_info_bigpost_font_5bf813ab2ef7c":{"preview-color":"light","font-family":"Karla","font-backup":"","font-weight":"700","font-style":"","color":"#2e4257","font-size":"15px","line-height":"","letter-spacing":"","margin-top":"","margin-bottom":"","css-selectors":".layout-5bf813ab2ef7c .latestPost.big .post-info, .layout-5bf813ab2ef7c .latestPost.big .post-info a","additional-css":"text-transform: uppercase;"},"mts_meta_info_font_5bf813ab2ef7c":{"preview-color":"light","font-family":"Karla","font-backup":"","font-weight":"700","font-style":"","color":"#2e4257","font-size":"15px","line-height":"","letter-spacing":"","margin-top":"","margin-bottom":"","css-selectors":".layout-5bf813ab2ef7c .latestPost .post-info, .layout-5bf813ab2ef7c .latestPost .post-info a","additional-css":"text-transform: uppercase;"},"mts_featured_category_background_5bf813ab2ef7c":{"color":"#eff5f6","use":"pattern","image_pattern":"nobg","image_upload":"","repeat":"repeat","attachment":"scroll","position":"left top","size":"cover","gradient":{"from":"#ffffff","to":"#000000","direction":"0deg"},"parallax":"0"},"layout_backround_position_5bf813ab2ef7c":"0","post_border_5bf813ab2ef7c":{"color":"","direction":"all","size":"","style":"none"},"mts_featured_category_margin_5bf813ab2ef7c":{"top":"0","bottom":"35px"},"mts_featured_category_padding_5bf813ab2ef7c":{"top":"90px","right":"0","bottom":"0","left":"0"},"mts_featured_category_bigpost_font_5bf813ab2ef7c":{"preview-color":"light","font-family":"Karla","font-backup":"","font-weight":"700","font-style":"","color":"#2e4257","font-size":"32px","line-height":"","letter-spacing":"","margin-top":"","margin-bottom":"","css-selectors":".layout-5bf813ab2ef7c .latestPost.big .title a","additional-css":""},"mts_featured_category_font_5bf813ab2ef7c":{"preview-color":"light","font-family":"Karla","font-backup":"","font-weight":"700","font-style":"","color":"#2e4257","font-size":"24px","line-height":"1.2","letter-spacing":"","margin-top":"","margin-bottom":"","css-selectors":".layout-5bf813ab2ef7c .latestPost.small .title a","additional-css":""},"mts_pagenavigation_type":"0","load_more_alignment":"center","mts_pagenavigation_bgcolor":"#3f4770","mts_pagenavigation_hover_bgcolor":"#e7ee02","mts_pagenavigation_color":"#ffffff","mts_pagenavigation_hover_color":"#3f4770","mts_pagenavigation_margin":{"top":"0","right":"5px","bottom":"0","left":"0"},"mts_pagenavigation_padding":{"top":"10px","right":"13px","bottom":"10px","left":"13px"},"mts_pagenavigation_border_radius":"0","pagenavigation_border":{"color":"","direction":"all","size":"","style":"none"}},"seekers_sidebars":{"last_tab":"sidebars-general","mts_sidebar_for_home":"mts_defaultsidebar","mts_sidebar_for_post":"mts_defaultsidebar","mts_sidebar_for_page":"mts_defaultsidebar","mts_sidebar_for_archive":"mts_defaultsidebar","mts_sidebar_for_category":"mts_defaultsidebar","mts_sidebar_for_tag":"mts_defaultsidebar","mts_sidebar_for_date":"mts_defaultsidebar","mts_sidebar_for_author":"mts_defaultsidebar","mts_sidebar_for_search":"mts_defaultsidebar","mts_sidebar_for_notfound":"mts_defaultsidebar","mts_sidebar_for_shop":"mts_defaultsidebar","mts_sidebar_for_product":"mts_defaultsidebar","mts_sidebar_title_styling_background":{"color":"#ffffff","use":"pattern","image_pattern":"nobg","image_upload":"","repeat":"repeat","attachment":"scroll","position":"left top","size":"cover","gradient":{"from":"#ffffff","to":"#000000","direction":"0deg"},"parallax":"0"},"mts_sidebar_title_styling_margin":{"top":"0","bottom":"28px"},"mts_sidebar_title_styling_padding":{"top":"0","right":"0","bottom":"0","left":"0"},"widget_title_border":{"color":"","direction":"all","size":"","style":"none"},"mts_sidebar_styling_background":{"color":"#ffffff","use":"pattern","image_pattern":"nobg","image_upload":"","repeat":"repeat","attachment":"scroll","position":"left top","size":"cover","gradient":{"from":"#ffffff","to":"#000000","direction":"0deg"},"parallax":"0"},"mts_sidebar_styling_margin":{"top":"0","right":"0","bottom":"50px","left":"0"},"mts_sidebar_styling_padding":{"top":"0","right":"0","bottom":"0","left":"0"},"sidebar_styling_border":{"color":"","direction":"all","size":"","style":"none"}},"seekers_single":{"last_tab":"single-general","mts_show_featured":"0","featured_image_size":"default","featured_image_margin":{"top":"50px","right":"0","bottom":"70px","left":"0"},"featured_text_alignment":"left","author_image_on_full":"0","show_prev_next":"1","mts_single_post_layout":{"enabled":{"content":"Post Content","related":"Related Posts","author":"Author Box","subscribe":"Subscribe Box"},"disabled":{"tags":"Tags"}},"related_post_title":"You May Also Like...","mts_related_posts_taxonomy":"categories","single_meta_info_background":"#3f4770","mts_single_headline_meta_info":{"enabled":{"author":"Author Name","date":"Date"},"disabled":{"category":"Categories","comment":"Comment Count"}},"mts_single_meta_info_author_icon":"","mts_single_meta_info_author_divider":"|","mts_single_meta_info_author_margin":{"right":"4px","left":"-12px"},"mts_single_meta_info_date_icon":"","mts_single_meta_info_date_divider":"","mts_single_meta_info_date_margin":{"right":"0","left":"0"},"mts_single_meta_info_category_icon":"","mts_single_meta_info_category_divider":"","mts_single_meta_info_category_margin":{"right":"0","left":"0"},"mts_single_meta_info_comment_icon":"","mts_single_meta_info_comment_divider":"","mts_single_meta_info_comment_margin":{"right":"0","left":"0"},"mts_breadcrumb":"0","breadcrumb_icon":"angle-right","breadcrumb_font":{"preview-color":"light","font-family":"Karla","font-backup":"","font-weight":"700","font-style":"","color":"#3f4770","font-size":"18px","line-height":"","letter-spacing":"","margin-top":"","margin-bottom":"","css-selectors":".breadcrumb","additional-css":"text-transform: uppercase;"},"mts_author_comment":"1","mts_comment_date":"1","single_title_alignment":"left","single_title_background":{"color":"#ffffff","use":"pattern","image_pattern":"nobg","image_upload":"","repeat":"repeat","attachment":"scroll","position":"left top","size":"cover","gradient":{"from":"#ffffff","to":"#000000","direction":"0deg"},"parallax":"0"},"single_title_padding":{"top":"0","right":"0","bottom":"0","left":"0"},"single_title_border":{"color":"","direction":"all","size":"","style":"none"},"single_page_titles_font":{"preview-color":"light","font-family":"Karla","font-backup":"","font-weight":"700","font-style":"","color":"#3f4770","font-size":"28px","line-height":"","letter-spacing":"","margin-top":"","margin-bottom":"","css-selectors":"#respond h4, .total-comments","additional-css":""},"single_background":{"color":"","use":"pattern","image_pattern":"nobg","image_upload":"","repeat":"repeat","attachment":"scroll","position":"left top","size":"cover","gradient":{"from":"#ffffff","to":"#000000","direction":"0deg"},"parallax":"0"},"mts_single_styling_margin":{"top":"0","bottom":"35px"},"mts_single_styling_padding":{"top":"0","right":"0","bottom":"0","left":"0"},"single_styling_border":{"color":"","direction":"all","size":"","style":"none"},"mts_single_meta_info_font":{"preview-color":"dark","font-family":"Karla","font-backup":"","font-weight":"400","font-style":"","color":"#b0b3c0","font-size":"18px","line-height":"","letter-spacing":"","margin-top":"","margin-bottom":"","css-selectors":".single_post .post-info, .single_post .post-info a, .single-full-header .post-info, .single-full-header .post-info a","additional-css":"text-transform: uppercase;"},"related_posts_background":{"color":"","use":"pattern","image_pattern":"nobg","image_upload":"","repeat":"repeat","attachment":"scroll","position":"left top","size":"cover","gradient":{"from":"#ffffff","to":"#000000","direction":"0deg"},"parallax":"0"},"related_posts_layouts":"default","related_posts_grid":"grid2","mts_related_postsnum":"4","related_posts_excerpt_length":"55","related_posts_image_position":"95","related_posts_adcode":"","related_posts_position":"default","related_post_meta_info":{"category":"category"},"related_posts_margin":{"top":"0","right":"0","bottom":"60px","left":"0"},"related_posts_padding":{"top":"0","right":"0","bottom":"0","left":"0"},"related_post_title_font":{"preview-color":"light","font-family":"Karla","font-backup":"","font-weight":"400","font-style":"","color":"#3f4770","font-size":"28px","line-height":"","letter-spacing":"","margin-top":"","margin-bottom":"","css-selectors":".related-posts h4","additional-css":""},"related_big_posts_font":{"preview-color":"light","font-family":"Karla","font-backup":"","font-weight":"400","font-style":"","color":"#3f4770","font-size":"28px","line-height":"38px","letter-spacing":"","margin-top":"","margin-bottom":"","css-selectors":".related-posts.related4 .latestPost.big .title a","additional-css":""},"related_posts_excerpt_font":{"preview-color":"light","font-family":"Karla","font-backup":"","font-weight":"400","font-style":"","color":"#3f4770","font-size":"17px","line-height":"24px","letter-spacing":"","margin-top":"","margin-bottom":"","css-selectors":".related-posts.related4 .front-view-content","additional-css":""},"related_posts_font":{"preview-color":"light","font-family":"Karla","font-backup":"","font-weight":"700","font-style":"","color":"#2e4257","font-size":"24px","line-height":"","letter-spacing":"","margin-top":"","margin-bottom":"","css-selectors":".related-posts .title a","additional-css":""},"related_posts_meta_font":{"preview-color":"light","font-family":"Karla","font-backup":"","font-weight":"700","font-style":"","color":"#2e4257","font-size":"15px","line-height":"","letter-spacing":"","margin-top":"","margin-bottom":"","css-selectors":".related-posts .post-info, .related-posts .post-info a","additional-css":""},"related_article_background":{"color":"#ffffff","use":"pattern","image_pattern":"nobg","image_upload":"","repeat":"repeat","attachment":"scroll","position":"left top","size":"cover","gradient":{"from":"#ffffff","to":"#000000","direction":"0deg"},"parallax":"0"},"related_article_padding":{"top":"0","right":"0","bottom":"0","left":"0"},"related_article_text_padding":{"top":"17px","right":"34px","bottom":"17px","left":"34px"},"single_subscribe_box":"1","single_subscribe_background":{"color":"#ffffff","use":"pattern","image_pattern":"nobg","image_upload":"","repeat":"repeat","attachment":"scroll","position":"left top","size":"cover","gradient":{"from":"#ffffff","to":"#000000","direction":"0deg"},"parallax":"0"},"single_subscribe_margin":{"top":"50px","right":"0","bottom":"30px","left":"0"},"single_subscribe_padding":{"top":"60px","right":"0","bottom":"40px","left":"0"},"single_subscribe_border_radius":"0","single_subscribe_border":{"color":"#d0d2dc","direction":"top","size":"1","style":"solid"},"single_subscribe_title_font":{"preview-color":"light","font-family":"Karla","font-backup":"","font-weight":"700","font-style":"","color":"#3f4770","font-size":"36px","line-height":"","letter-spacing":"","margin-top":"","margin-bottom":"","css-selectors":".single-subscribe .widget #wp-subscribe .title","additional-css":""},"single_subscribe_text_font":{"preview-color":"light","font-family":"Karla","font-backup":"","font-weight":"400","font-style":"","color":"#3f4770","font-size":"21px","line-height":"","letter-spacing":"","margin-top":"","margin-bottom":"","css-selectors":".single-subscribe .widget #wp-subscribe p.text, .single-subscribe .widget .wp-subscribe .wps-consent-wrapper label, .single-subscribe .widget .wp-subscribe-wrap .error, .single-subscribe .widget .wp-subscribe-wrap .thanks","additional-css":""},"single_subscribe_input_background":"#ffffff","single_subscribe_input_height":"48","single_subscribe_input_border_radius":"0","single_subscribe_input_border":{"color":"#d0d2dc","direction":"all","size":"1","style":"solid"},"single_subscribe_input_font":{"preview-color":"light","font-family":"Karla","font-backup":"","font-weight":"400","font-style":"","color":"#3f4770","font-size":"18px","line-height":"","letter-spacing":"","margin-top":"","margin-bottom":"","css-selectors":".single-subscribe .widget #wp-subscribe input.email-field, .single-subscribe .widget #wp-subscribe input.name-field","additional-css":""},"single_subscribe_submit_backgroud":"#e7ee02","single_subscribe_submit_border_radius":"0","single_subscribe_submit_border":{"color":"","direction":"all","size":"","style":"none"},"single_subscribe_submit_padding":{"top":"10px","right":"0","bottom":"10px","left":"0"},"single_subscribe_submit_font":{"preview-color":"dark","font-family":"Karla","font-backup":"","font-weight":"700","font-style":"","color":"#3f4770","font-size":"15px","line-height":"","letter-spacing":"","margin-top":"","margin-bottom":"","css-selectors":".single-subscribe .widget #wp-subscribe input.submit","additional-css":""},"single_subscribe_small_text_font":{"preview-color":"light","font-family":"Karla","font-backup":"","font-weight":"400","font-style":"","color":"#bec2c7","font-size":"13px","line-height":"20px","letter-spacing":"","margin-top":"","margin-bottom":"","css-selectors":".single-subscribe .widget .wp-subscribe-wrap p.footer-text","additional-css":""},"single_authorbox_background":{"color":"#ffffff","use":"pattern","image_pattern":"nobg","image_upload":"","repeat":"repeat","attachment":"scroll","position":"left top","size":"cover","gradient":{"from":"#ffffff","to":"#000000","direction":"0deg"},"parallax":"0"},"single_authorbox_margin":{"top":"0","right":"0","bottom":"0","left":"0"},"single_authorbox_padding":{"top":"40px","right":"0","bottom":"35px","left":"0"},"single_authorbox_border_radius":"0","single_authorbox_border":{"color":"#d0d2dc","direction":"top","size":"1","style":"solid"},"single_authorbox_title_font":{"preview-color":"light","font-family":"Karla","font-backup":"","font-weight":"700","font-style":"","color":"#3f4770","font-size":"28px","line-height":"38px","letter-spacing":"","margin-top":"","margin-bottom":"","css-selectors":".postauthor h4","additional-css":""},"single_authorbox_author_name_font":{"preview-color":"light","font-family":"Karla","font-backup":"","font-weight":"700","font-style":"","color":"#01cedf","font-size":"32px","line-height":"41px","letter-spacing":"","margin-top":"","margin-bottom":"","css-selectors":".postauthor h5, .postauthor h5 a","additional-css":""},"single_authorbox_text_font":{"preview-color":"light","font-family":"Karla","font-backup":"","font-weight":"400","font-style":"","color":"#3f4770","font-size":"21px","line-height":"41px","letter-spacing":"","margin-top":"","margin-bottom":"","css-selectors":".postauthor p","additional-css":""},"single_author_image_margin":{"top":"0","right":"40px","bottom":"0","left":"0"},"single_author_image_border_radius":"150"},"seekers_typography":{"last_tab":"typography-collection","seekers_logo":{"preview-color":"light","font-family":"Quicksand","font-backup":"","font-weight":"500","font-style":"","color":"#01cedf","font-size":"38px","line-height":"","letter-spacing":"","margin-top":"","margin-bottom":"","css-selectors":"#logo a","additional-css":""},"secondary_navigation_font":{"preview-color":"light","font-family":"Karla","font-backup":"","font-weight":"700","font-style":"","color":"#3f4770","font-size":"18px","line-height":"","letter-spacing":"","margin-top":"","margin-bottom":"","css-selectors":"#secondary-navigation a, .header-5 .navigation .toggle-caret, .header-search-icon","additional-css":"text-transform: uppercase;"},"home_title_font":{"preview-color":"light","font-family":"Karla","font-backup":"","font-weight":"700","font-style":"","color":"#3f4770","font-size":"32px","line-height":"","letter-spacing":"","margin-top":"","margin-bottom":"","css-selectors":".latestPost .title a","additional-css":""},"single_title_font":{"preview-color":"light","font-family":"Karla","font-backup":"","font-weight":"700","font-style":"","color":"#2e4257","font-size":"56px","line-height":"60px","letter-spacing":"","margin-top":"","margin-bottom":"","css-selectors":".single-title","additional-css":""},"content_font":{"preview-color":"light","font-family":"Karla","font-backup":"","font-weight":"400","font-style":"","color":"#3f4770","font-size":"21px","line-height":"41px","letter-spacing":"","margin-top":"","margin-bottom":"","css-selectors":"body","additional-css":""},"sidebar_title_font":{"preview-color":"light","font-family":"Karla","font-backup":"","font-weight":"400","font-style":"","color":"#3f4770","font-size":"28px","line-height":"","letter-spacing":"","margin-top":"","margin-bottom":"","css-selectors":"#sidebar .widget h3.widget-title","additional-css":""},"sidebar_url":{"preview-color":"light","font-family":"Karla","font-backup":"","font-weight":"700","font-style":"","color":"#3f4770","font-size":"18px","line-height":"24px","letter-spacing":"","margin-top":"","margin-bottom":"","css-selectors":"#sidebar .widget a, #sidebar .widget li","additional-css":""},"sidebar_font":{"preview-color":"light","font-family":"Karla","font-backup":"","font-weight":"400","font-style":"","color":"#b0b3c0","font-size":"16px","line-height":"24px","letter-spacing":"","margin-top":"","margin-bottom":"","css-selectors":"#sidebar .widget","additional-css":""},"top_footer_title_font":{"preview-color":"dark","font-family":"Karla","font-backup":"","font-weight":"700","font-style":"","color":"#ffffff","font-size":"24px","line-height":"","letter-spacing":"","margin-top":"","margin-bottom":"","css-selectors":".footer-widgets h3, #site-footer .widget #wp-subscribe .title, .brands-title","additional-css":""},"top_footer_link_font":{"preview-color":"dark","font-family":"Karla","font-backup":"","font-weight":"700","font-style":"","color":"#ffffff","font-size":"18px","line-height":"","letter-spacing":"","margin-top":"","margin-bottom":"","css-selectors":".f-widget a, footer .wpt_widget_content a, footer .wp_review_tab_widget_content a, footer .wpt_tab_widget_content a, footer .widget .wp_review_tab_widget_content a","additional-css":"text-transform: uppercase;"},"top_footer_font":{"preview-color":"dark","font-family":"Karla","font-backup":"","font-weight":"700","font-style":"","color":"#bcc0c5","font-size":"16px","line-height":"","letter-spacing":"","margin-top":"","margin-bottom":"","css-selectors":".footer-widgets, .f-widget .top-posts .comment_num, footer .meta, footer .twitter_time, footer .widget .wpt_widget_content .wpt-postmeta, footer .widget .wpt_comment_content, footer .widget .wpt_excerpt, footer .wp_review_tab_widget_content .wp-review-tab-postmeta, footer .advanced-recent-posts p, footer .popular-posts p, footer .category-posts p, footer .widget .post-info","additional-css":""},"copyrights_font":{"preview-color":"dark","font-family":"Karla","font-backup":"","font-weight":"400","font-style":"","color":"#ffffff","font-size":"16px","line-height":"","letter-spacing":"","margin-top":"","margin-bottom":"","css-selectors":"#copyright-note","additional-css":""},"h1_headline":{"preview-color":"light","font-family":"Karla","font-backup":"","font-weight":"700","font-style":"","color":"#3f4770","font-size":"28px","line-height":"","letter-spacing":"","margin-top":"","margin-bottom":"","css-selectors":"h1","additional-css":""},"h2_headline":{"preview-color":"light","font-family":"Karla","font-backup":"","font-weight":"700","font-style":"","color":"#3f4770","font-size":"24px","line-height":"","letter-spacing":"","margin-top":"","margin-bottom":"","css-selectors":"h2","additional-css":""},"h3_headline":{"preview-color":"light","font-family":"Karla","font-backup":"","font-weight":"700","font-style":"","color":"#3f4770","font-size":"22px","line-height":"","letter-spacing":"","margin-top":"","margin-bottom":"","css-selectors":"h3","additional-css":""},"h4_headline":{"preview-color":"light","font-family":"Karla","font-backup":"","font-weight":"700","font-style":"","color":"#3f4770","font-size":"20px","line-height":"","letter-spacing":"","margin-top":"","margin-bottom":"","css-selectors":"h4","additional-css":""},"h5_headline":{"preview-color":"light","font-family":"Karla","font-backup":"","font-weight":"700","font-style":"","color":"#3f4770","font-size":"18px","line-height":"","letter-spacing":"","margin-top":"","margin-bottom":"","css-selectors":"h5","additional-css":""},"h6_headline":{"preview-color":"light","font-family":"Karla","font-backup":"","font-weight":"700","font-style":"","color":"#3f4770","font-size":"16px","line-height":"","letter-spacing":"","margin-top":"","margin-bottom":"","css-selectors":"h6","additional-css":""},"typography-subsets":{"latin":"latin"}}}