{"sidebar":{"wpt_widget-2":{"tabs":{"popular":"1","recent":"1"},"tab_order":{"popular":"1","recent":"2","comments":"3","tags":"4"},"allow_pagination":"1","post_num":"5","title_length":"15","comment_num":"5","show_thumb":"1","thumb_size":"small","show_date":"1","show_excerpt":null,"excerpt_length":"15","show_comment_num":null,"show_avatar":"1","show_love":null},"facebook-like-widget-2":{"title":"Find us on Facebook","page_url":"http:\/\/facebook.com\/mythemeshop","width":"292","color_scheme":"light","show_faces":"on","show_stream":null,"show_header":null},"mts_ad_300_widget-6":{"title":"","ad":"http:\/\/demo.mythemeshop.com\/vogue\/wp-content\/themes\/mts_vogue\/images\/300x250.png","link":"http:\/\/mythemeshop.com\/"}},"footer-first":{"text-2":{"title":"About Us","text":"Vogue is a super fashionable, responsive WordPress theme created by MyThemeShop.  With a flexible layout and tons of features, it\u2019s the best theme for anyone who wants to blog with style.\r\n\r\nIt also has a large footer where you can put links, widgets, an email list, or any number of other features that you think will improve your blog.\r\n\r\nThis final line of text is a placeholder to take up space.","filter":true}},"footer-first-2":{"single_category_posts_widget-2":{"title":"Featured Category","cat":38,"title_length":7,"qty":3,"comment_num":1,"date":1,"show_thumb1":1,"box_layout":"horizontal-small","show_excerpt":0,"excerpt_length":10}},"footer-first-3":{"tag_cloud-2":{"title":"","taxonomy":"post_tag"},"social-profile-icons-3":{"title":"","facebook":"#","behance":"#","flickr":"","gplus":"#","pinterest":"#","instagram":"#","dribbble":"#","linkedin":"#","soundcloud":"#","twitter":"#","vimeo":"#","stumbleupon":"","tumblr":"#","github":"#","youtube":"#","foursquare":"#","reddit":"#","dropbox":"","skype":"#","email":"#","rss":"#"}}}