{"sidebar-1":{"text-5":{"title":"","text":"<img src=\"http:\/\/demo.mythemeshop.com\/top\/files\/2012\/05\/103642-1335226181.png\">","filter":false}},"sidebar-2":{"mts_ad_300_widget-2":{"title":"","ad":"http:\/\/demo.mythemeshop.com\/accentbox\/files\/2012\/05\/stylishuserinterface300x250.jpg","link":"http:\/\/mythemeshop.com\/"},"categoryposts-2":{"title":"Category Posts","cat":"5","num":"5","sort_by":"date","thumb":"on","asc_sort_order":null,"title_link":null,"comment_num":null,"date":null},"mts_subscribe_widget-2":{"title":"","desc":""},"tab-2":{"popular_post_num":"5","recent_post_num":"5"},"search-2":{"title":""},"advanced-recent-posts-2":{"title":"Latest Posts","count":"5","include_post_thumbnail":"false","include_post_excerpt":"false","truncate_post_title":"","truncate_post_title_type":"char","truncate_post_excerpt":"","truncate_post_excerpt_type":"char","truncate_elipsis":"...","post_thumbnail_width":"","post_thumbnail_height":"","widget_output_template":null,"show_expert_options":""},"mts_pp-widget-2":{"posts":"3","show_images":true},"mts_ad_widget-3":{"title":"Our Sponsors","ad1":"http:\/\/demo.mythemeshop.com\/nominal\/wp-content\/themes\/nominal\/images\/125x125.gif","ad2":"http:\/\/demo.mythemeshop.com\/nominal\/wp-content\/themes\/nominal\/images\/125x125.gif","ad3":"","ad4":"","ad5":"","ad6":"","link1":"http:\/\/mythemeshop.com\/","link2":"http:\/\/mythemeshop.com\/","link3":"","link4":"","link5":"","link6":"","random":null}},"footer-1":{"text-2":{"title":"Lorem ipsum dolor","text":"Lorem ipsum dolor sit amet, consectetuer adipiscing elit. Curabitur quam augue, vehicula quis, tincidunt vel, varius vitae, nulla. Sed convallis orci. Duis libero orci, pretium a, convallis quis, pellentesque a, dolor.","filter":false}},"footer-2":{"social-profile-icons-2":{"title":"Connect with Us","dribbble":"#","email":"#","facebook":"#","gplus":"#","linkedin":"#","pinterest":"#","rss":"#","stumbleupon":"#","twitter":"#","youtube":"#","flickr":"#","lastfm":"#","tumblr":"#","vimeo":"#"}},"footer-3":{"facebook-like-widget-2":{"title":"Find us on Facebook","page_url":"https:\/\/www.facebook.com\/MyThemeShop","width":"292","color_scheme":"light","show_faces":"on","show_stream":null,"show_header":null}}}