{"sidebar-2":{"search-2":{"title":""},"mts_pp-widget-2":{"posts":"3","show_images":true},"tab-2":{"popular_post_num":"5","recent_post_num":"5"},"mts_ad_widget-2":{"title":"Our Sponsors","ad1":"http:\/\/demo.mythemeshop.com\/boxline\/wp-content\/themes\/boxline\/images\/125x125.gif","ad2":"http:\/\/demo.mythemeshop.com\/boxline\/wp-content\/themes\/boxline\/images\/125x125.gif","ad3":"","ad4":"","ad5":"","ad6":"","link1":"http:\/\/mythemeshop.com\/","link2":"http:\/\/mythemeshop.com\/","link3":"","link4":"","link5":"","link6":"","random":null},"mts_ad_300_widget-2":{"title":"","ad":"http:\/\/demo.mythemeshop.com\/boxline\/wp-content\/themes\/boxline\/images\/300x250.gif","link":"http:\/\/mythemeshop.com\/"}},"sidebar-1":{"search-4":{"title":""},"mts_pp-widget-3":{"posts":"4","show_images":true},"tab-3":{"popular_post_num":"5","recent_post_num":"5"},"mts_ad_widget-3":{"title":"Our Sponsors","ad1":"http:\/\/demo.mythemeshop.com\/boxline\/wp-content\/themes\/boxline\/images\/125x125.gif","ad2":"http:\/\/demo.mythemeshop.com\/boxline\/wp-content\/themes\/boxline\/images\/125x125.gif","ad3":"","ad4":"","ad5":"","ad6":"","link1":"http:\/\/mythemeshop.com\/","link2":"http:\/\/mythemeshop.com\/","link3":"","link4":"","link5":"","link6":"","random":null},"mts_ad_300_widget-3":{"title":"","ad":"http:\/\/demo.mythemeshop.com\/boxline\/wp-content\/themes\/boxline\/images\/300x250.gif","link":"http:\/\/mythemeshop.com\/"}},"footer-1":{"text-2":{"title":"Lorem ipsum","text":"Lorem ipsum dolor sit amet, consectetur adipiscing elit. <a href=\"#\">Vestibulum<\/a> malesuada, nibh quis egestas pellentesque, dui neque sagittis nisl, eget malesuada nunc felis sed augue. Aenean tempor nibh sed diam elementum sollicitudin quis in metus.","filter":false}},"footer-2":{"advanced-recent-posts-2":{"title":"","count":"2","include_post_thumbnail":"true","include_post_excerpt":"false","truncate_post_title":"","truncate_post_title_type":"char","truncate_post_excerpt":"","truncate_post_excerpt_type":"char","truncate_elipsis":"...","post_thumbnail_width":"65","post_thumbnail_height":"50","widget_output_template":null,"show_expert_options":"true"}},"footer-3":{"facebook-like-widget-2":{"title":"Find us on Facebook","page_url":"https:\/\/www.facebook.com\/MyThemeShop","width":"292","color_scheme":"light","show_faces":"on","show_stream":null,"show_header":null}},"footer-4":{"social-profile-icons-2":{"title":"Connect with Us","border_radius":"0","background_color":"#999999","background_color_hover":"#666666","dribbble":"#","email":"#","facebook":"#","gplus":"#","linkedin":"#","pinterest":"#","rss":"#","stumbleupon":"#","twitter":"#","youtube":"#"}}}