<?xml version="1.0" encoding="UTF-8" ?>
<!-- This is a WordPress eXtended RSS file generated by WordPress as an export of your site. -->
<!-- It contains information about your site's posts, pages, comments, categories, and other content. -->
<!-- You may use this file to transfer that content from one site to another. -->
<!-- This file is not intended to serve as a complete backup of your site. -->

<!-- To import this information into a WordPress site follow these steps: -->
<!-- 1. Log in to that site as an administrator. -->
<!-- 2. Go to Tools: Import in the WordPress admin panel. -->
<!-- 3. Install the "WordPress" importer from the list. -->
<!-- 4. Activate & Run Importer. -->
<!-- 5. Upload this file using the form provided on that page. -->
<!-- 6. You will first be asked to map the authors in this export file to users -->
<!--    on the site. For each author, you may choose to map to an -->
<!--    existing user on the site or to create a new user. -->
<!-- 7. WordPress will then import each of the posts, pages, comments, categories, etc. -->
<!--    contained in this file into your site. -->


<rss version="2.0"
	xmlns:excerpt="http://wordpress.org/export/1.2/excerpt/"
	xmlns:content="http://purl.org/rss/1.0/modules/content/"
	xmlns:wfw="http://wellformedweb.org/CommentAPI/"
	xmlns:dc="http://purl.org/dc/elements/1.1/"
	xmlns:wp="http://wordpress.org/export/1.2/"
>

<channel>
	<title>Landing Page</title>
	<link>http://demo.mythemeshop.com/clean-landing-page</link>
	<description>Just another MyThemeShop Playground site</description>
	<pubDate>Sat, 22 Jul 2017 19:24:18 +0000</pubDate>
	<language>en-US</language>
	<wp:wxr_version>1.2</wp:wxr_version>
	<wp:base_site_url>http://demo.mythemeshop.com/</wp:base_site_url>
	<wp:base_blog_url>http://demo.mythemeshop.com/clean-landing-page</wp:base_blog_url>

	<wp:author><wp:author_id>1</wp:author_id><wp:author_login><![CDATA[N8FnGO1Y]]></wp:author_login><wp:author_email><![CDATA[admin@mythemeshop.com]]></wp:author_email><wp:author_display_name><![CDATA[MyThemeShop]]></wp:author_display_name><wp:author_first_name><![CDATA[Sajid]]></wp:author_first_name><wp:author_last_name><![CDATA[Khan]]></wp:author_last_name></wp:author>

	<wp:category>
		<wp:term_id>1</wp:term_id>
		<wp:category_nicename><![CDATA[uncategorized]]></wp:category_nicename>
		<wp:category_parent><![CDATA[]]></wp:category_parent>
		<wp:cat_name><![CDATA[Uncategorized]]></wp:cat_name>
	</wp:category>
	<wp:term>
		<wp:term_id><![CDATA[1]]></wp:term_id>
		<wp:term_taxonomy><![CDATA[category]]></wp:term_taxonomy>
		<wp:term_slug><![CDATA[uncategorized]]></wp:term_slug>
		<wp:term_parent><![CDATA[]]></wp:term_parent>
		<wp:term_name><![CDATA[Uncategorized]]></wp:term_name>
	</wp:term>

	

	<item>
		<title>Get your Clean Theme</title>
		<link>http://demo.mythemeshop.com/clean-landing-page/</link>
		<pubDate>Wed, 19 Jul 2017 09:31:25 +0000</pubDate>
		<dc:creator><![CDATA[N8FnGO1Y]]></dc:creator>
		<guid isPermaLink="false">http://demo.mythemeshop.com/clean-landing-page/?page_id=4</guid>
		<description></description>
		<content:encoded><![CDATA[<div>
<p style="text-align: center; margin-bottom: 50px;">Make the Most of Your Landing Pages and Watch Your Conversion Rates Skyrocket!</p>
<img class="alignleft wp-image-7 " src="http://demo.mythemeshop.com/authority-squeeze-page/files/2016/03/ebook.png" alt="" width="350" height="378" />Download this WP Theme today to learn how to create beautiful LeadPages landing pages in seconds.
<h3>In This Theme, You'll Get:</h3>
<ul class="iconlist" style="margin-top: 5px;">
 	<li><i class="fa fa-check-square-o"></i> Clean &amp; Minimal Design</li>
 	<li><i class="fa fa-check-square-o"></i> 4 Slider Types</li>
 	<li><i class="fa fa-check-square-o"></i> 3 HomePage Layouts</li>
 	<li><i class="fa fa-check-square-o"></i> Advanced Typography including all Google Fonts</li>
 	<li><i class="fa fa-check-square-o"></i> WooCommerce Compatible</li>
 	<li><i class="fa fa-check-square-o"></i> Detailed Video tutorial along with 24x7 Support</li>
</ul>
<p style="text-align: center; margin-bottom: 50px; clear: left;">Start creating and publishing today by downloading the Clean WordPress Theme now!</p>
[button-red url="https://mythemeshop.com/themes/clean/" target="_self" position="center"]Get Your Clean Theme Now![/button-red]
[one_third]
<h2>Fearless</h2>
Donec metus leo, elementum at ultrices ac, dapibus at justo. Donec tristique hendrerit dui vitae lacinia.[/one_third][one_third]
<h2>Bold</h2>
Donec metus leo, elementum at ultrices ac, dapibus at justo. Donec tristique hendrerit dui vitae lacinia.[/one_third][one_third_last]
<h2>Subheadlines</h2>
Donec metus leo, elementum at ultrices ac, dapibus at justo. Donec tristique hendrerit dui vitae lacinia.[/one_third_last]

</div>]]></content:encoded>
		<excerpt:encoded><![CDATA[]]></excerpt:encoded>
		<wp:post_id>4</wp:post_id>
		<wp:post_date><![CDATA[2017-07-19 09:31:25]]></wp:post_date>
		<wp:post_date_gmt><![CDATA[2017-07-19 09:31:25]]></wp:post_date_gmt>
		<wp:comment_status><![CDATA[closed]]></wp:comment_status>
		<wp:ping_status><![CDATA[closed]]></wp:ping_status>
		<wp:post_name><![CDATA[get-your-clean-theme]]></wp:post_name>
		<wp:status><![CDATA[publish]]></wp:status>
		<wp:post_parent>0</wp:post_parent>
		<wp:menu_order>0</wp:menu_order>
		<wp:post_type><![CDATA[page]]></wp:post_type>
		<wp:post_password><![CDATA[]]></wp:post_password>
		<wp:is_sticky>0</wp:is_sticky>
		<wp:postmeta>
			<wp:meta_key><![CDATA[_mts_sidebar_location]]></wp:meta_key>
			<wp:meta_value><![CDATA[]]></wp:meta_value>
		</wp:postmeta>
		<wp:postmeta>
			<wp:meta_key><![CDATA[_edit_last]]></wp:meta_key>
			<wp:meta_value><![CDATA[1]]></wp:meta_value>
		</wp:postmeta>
		<wp:postmeta>
			<wp:meta_key><![CDATA[_wp_page_template]]></wp:meta_key>
			<wp:meta_value><![CDATA[default]]></wp:meta_value>
		</wp:postmeta>
		<wp:postmeta>
			<wp:meta_key><![CDATA[_mts_custom_sidebar]]></wp:meta_key>
			<wp:meta_value><![CDATA[mts_nosidebar]]></wp:meta_value>
		</wp:postmeta>
		<wp:postmeta>
			<wp:meta_key><![CDATA[_mts_postheader]]></wp:meta_key>
			<wp:meta_value><![CDATA[]]></wp:meta_value>
		</wp:postmeta>
	</item>
</channel>
</rss>
