{"sidebar":{"search-2":{"title":""},"facebook-like-widget-2":{"title":"Find us on Facebook","page_url":"https:\/\/facebook.com\/mythemeshop","width":"300","show_faces":"on","show_stream":null,"show_header":"on"},"mts_ad_300_widget-4":{"title":"","ad":"http:\/\/demo.mythemeshop.com\/ad-sense-recipes\/files\/2016\/09\/ad2.jpg","link":"https:\/\/mythemeshop.com\/themes\/ad-sense\/"},"mts_recent_posts_widget-3":{"title":"Recent Posts","qty":3,"title_length":6,"comment_num":0,"date":1,"show_thumb2":1,"box_layout":"horizontal-small","show_excerpt":0,"excerpt_length":10},"mts_related_posts_widget-2":{"title":"Related Posts","qty":3,"title_length":6,"comment_num":0,"date":1,"show_thumb6":1,"box_layout":"horizontal-small","show_excerpt":0,"excerpt_length":10},"mts_widget_recent_tweets-2":{"title":"Latest Tweets","consumerkey":"uALGWYZANMHuIz8SnJx6A","consumersecret":"h85rBBN1C54EDAlKM06itZho1EKfkB9xsJThMwE","accesstoken":"28959960-PSRUVP19F74YJ8F1rYSs6cnjaqxPqwxyBv68I0vF9","accesstokensecret":"kCTN92q50F8MnIUmi4hbanYbChTmuJJp5K3e3aUGA","cachetime":"24","username":"mythemeshopteam","tweetstoshow":"3"}},"footer-first":{"mts_recent_posts_widget-2":{"title":"Recent Posts","qty":2,"title_length":7,"comment_num":0,"date":0,"show_thumb2":1,"box_layout":"vertical-small","show_excerpt":0,"excerpt_length":10}},"footer-first-2":{"mts_popular_posts_widget-2":{"title":"Popular Posts","qty":2,"title_length":7,"comment_num":0,"date":0,"days":9999,"show_thumb3":1,"box_layout":"vertical-small","show_excerpt":0,"excerpt_length":10}},"footer-first-3":{"mts_ad_300_widget-2":{"title":"Check Out","ad":"http:\/\/demo.mythemeshop.com\/ad-sense-recipes\/files\/2016\/09\/ad2.jpg","link":"https:\/\/mythemeshop.com\/themes\/ad-sense\/"},"mts_ad_300_widget-3":{"title":"","ad":"http:\/\/demo.mythemeshop.com\/ad-sense-recipes\/files\/2016\/09\/ad3.jpg","link":"https:\/\/mythemeshop.com\/themes\/ad-sense\/"}}}