{"sidebar":{"search-2":{"title":""},"social-profile-icons-2":{"title":"","facebook":"#","behance":"#","flickr":"#","gplus":"#","pinterest":"#","instagram":"#","dribbble":"#","linkedin":"#","soundcloud":"#","twitter":"#","vimeo":"#","stumbleupon":"#","tumblr":"#","github":"#","youtube":"#","foursquare":"#","reddit":"#","dropbox":"#","skype":"#","email":"#","rss":"#"},"facebook-like-widget-2":{"title":"Find us on Facebook","page_url":"https:\/\/www.facebook.com\/MyThemeShop","width":"324","color_scheme":"light","show_faces":"on","show_stream":null,"show_header":null},"single_category_posts_widget-2":{"title":"Featured Category","cat":6,"qty":5,"comment_num":1,"date":1,"show_thumb1":1,"box_layout":"horizontal-small","show_excerpt":0,"excerpt_length":10},"mts_product_slider_widget-2":{"title":"Featured Products","cat":["42"],"slides_num":3,"show_title":1}},"footer-top":{"categories-2":{"title":"","count":0,"hierarchical":0,"dropdown":0}},"footer-top-2":{"woocommerce_product_categories-2":{"title":"Product Categories","orderby":"name","dropdown":0,"count":0,"hierarchical":"1","show_children_only":"1"}},"footer-top-3":{"nav_menu-2":{"title":"Woman's Fashion","nav_menu":44}},"footer-top-4":{"categories-3":{"title":"Blog","count":0,"hierarchical":0,"dropdown":0}},"footer-top-5":{"nav_menu-3":{"title":"Top Brands","nav_menu":44}},"footer-top-6":{"woocommerce_product_categories-3":{"title":"Clothing","orderby":"name","dropdown":0,"count":0,"hierarchical":"1","show_children_only":0}},"home-sidebar":{"mts-ads-widget-9":{"image_uri":"","attachment_id":0,"width":"full-width","first":0,"title":"Shop More. Spend Less","description":"Lorem ipsum dolor sit amet, consectetur adipiscing elit. Morbi at nisl lorem, vel porttitor justo. Nunc non mauris elit. Nam enim massa commodo ut.","text_position":"left","button_label":"Know More","button_link":"http:\/\/demo.mythemeshop.com\/woocart\/shop\/","button_position":"left","text_colors":0,"title_color":"","desc_color":""},"mts_ad_256_widget-3":{"title":"","ad":"http:\/\/demo.mythemeshop.com\/woocart\/wp-content\/themes\/mts_woocart\/images\/256x268.png","link":"http:\/\/mythemeshop.com\/"},"mts-ads-widget-10":{"image_uri":"http:\/\/demo.mythemeshop.com\/woocart\/files\/2014\/12\/men-shirts.png","attachment_id":504,"width":"full-width","first":0,"title":"Deal of the day","description":"Get 20% off","text_position":"left","button_label":"Shop Now","button_link":"http:\/\/demo.mythemeshop.com\/woocart\/product\/engaged-unisex-tee\/","button_position":"left","text_colors":1,"title_color":"","desc_color":"#ffa52a"},"mts-ads-widget-11":{"image_uri":"","attachment_id":0,"width":"full-width","first":0,"title":"E-Gift Vouchers","description":"Last minute gifting is now a few clicks away! Give the gift of choice with an e-Gift Voucher.","text_position":"left","button_label":"Gift Now","button_link":"http:\/\/demo.mythemeshop.com\/woocart\/offers\/","button_position":"left","text_colors":0,"title_color":"","desc_color":""},"mts-ads-widget-12":{"image_uri":"http:\/\/demo.mythemeshop.com\/woocart\/files\/2014\/12\/kindle_paperwhite.png","attachment_id":506,"width":"full-width","first":0,"title":"Get Free e-Books","description":"Download our App","text_position":"center","button_label":"Download","button_link":"http:\/\/demo.mythemeshop.com\/woocart\/shop\/","button_position":"center","text_colors":1,"title_color":"","desc_color":"#ffa52a"}},"shop-sidebar":{"woocommerce_product_categories-4":{"title":"Product Categories","orderby":"name","dropdown":0,"count":0,"hierarchical":"1","show_children_only":0},"woocommerce_price_filter-2":{"title":"Price Range"},"mts_wc_ajax_filter_widget-2":{"title":"Brands","attribute":"camera-brands","query_type":"or","type":"list","use_colors":0},"mts_wc_ajax_filter_widget-3":{"title":"Camera Type","attribute":"camera-types","query_type":"or","type":"list","use_colors":0},"mts_wc_ajax_filter_widget-4":{"title":"Genre","attribute":"game-genre","query_type":"or","type":"list","use_colors":0},"mts_wc_ajax_filter_widget-5":{"title":"","attribute":"color","query_type":"and","type":"list","use_colors":1},"mts_wc_ajax_filter_widget-6":{"title":"Type","attribute":"accessory-type","query_type":"or","type":"list","use_colors":0},"mts_wc_ajax_filter_widget-7":{"title":"Type","attribute":"child-dress-type","query_type":"or","type":"list","use_colors":0},"mts_wc_ajax_filter_widget-8":{"title":"Type","attribute":"f-cloth-type","query_type":"or","type":"list","use_colors":0},"mts_wc_ajax_filter_widget-9":{"title":"","attribute":"mobile-brands","query_type":"or","type":"list","use_colors":0},"mts_wc_ajax_filter_widget-10":{"title":"","attribute":"operating-system","query_type":"or","type":"list","use_colors":0},"woocommerce_recent_reviews-2":{"title":"Recent Reviews","number":"3"}},"product-sidebar":{"mts_accordion_widget-2":{"title":"","toggle_1_title":"Shipping","toggle_2_title":"Cancellation & Return","toggle_3_title":"Offers and Vouchers","toggle_4_title":"Refund Policy","toggle_5_title":"100% Satisfaction","toggle_1_content":"Etiam imperdiet imperdiet orci. In hac habitasse platea dictumst. Curabitur ligula sapien, tincidunt non, euismod vitae, posuere imperdiet, leo. Fusce vel dui. Phasellus tempus.","toggle_2_content":"Etiam iaculis nunc ac metus. Ut id nisl quis enim dignissim sagittis. Etiam feugiat lorem non metus. Praesent venenatis metus at tortor pulvinar varius. Sed mollis, eros et ultrices tempus, mauris ipsum aliquam libero, non adipiscing dolor urna a orci.","toggle_3_content":"Phasellus viverra nulla ut metus varius laoreet. Curabitur vestibulum aliquam leo. Vivamus in erat ut urna cursus vestibulum. Maecenas nec odio et ante tincidunt tempus.","toggle_4_content":"Aenean leo ligula, porttitor eu, consequat vitae, eleifend ac, enim. Donec id justo. Quisque id mi. Fusce ac felis sit amet ligula pharetra condimentum. Phasellus gravida semper nisi.","toggle_5_content":"Quisque ut nisi. Nullam quis ante. Cras non dolor. Curabitur a felis in nunc fringilla tristique. Donec orci lectus, aliquam ut, faucibus non, euismod id, nulla.","filter":false},"woocommerce_recently_viewed_products-2":{"title":"Recently Viewed Products","number":"5"},"woocommerce_top_rated_products-2":{"title":"Top Rated Products","number":"3"}},"home-ads-28":{"mts-ads-widget-2":{"image_uri":"http:\/\/demo.mythemeshop.com\/woocart\/files\/2014\/11\/shirts.png","attachment_id":467,"width":"one-fourth","first":0,"title":"Men Shirts","description":"New Arrivals","text_position":"center","button_label":"Shop Now","button_link":"http:\/\/demo.mythemeshop.com\/woocart\/product-category\/clothing\/female\/","button_position":"center","text_colors":0,"title_color":"","desc_color":""},"mts-ads-widget-4":{"image_uri":"http:\/\/demo.mythemeshop.com\/woocart\/files\/2014\/11\/bags.png","attachment_id":470,"width":"one-half","first":0,"title":"Exclusive Ladies Bags","description":"Get 20% OFF","text_position":"center","button_label":"Shop Now","button_link":"http:\/\/demo.mythemeshop.com\/woocart\/product-category\/clothing\/accessories\/","button_position":"center","text_colors":0,"title_color":"","desc_color":""},"mts-ads-widget-3":{"image_uri":"http:\/\/demo.mythemeshop.com\/woocart\/files\/2014\/11\/t-shirts.png","attachment_id":469,"width":"one-fourth","first":0,"title":"Kids T-Shirts","description":"From $3.99","text_position":"center","button_label":"Shop Now","button_link":"http:\/\/demo.mythemeshop.com\/woocart\/product-category\/clothing\/children\/","button_position":"center","text_colors":0,"title_color":"","desc_color":""}},"home-ads-40":{"mts-ads-widget-5":{"image_uri":"http:\/\/demo.mythemeshop.com\/woocart\/files\/2014\/12\/phones.png","attachment_id":501,"width":"one-fourth","first":0,"title":"Samsung Phone","description":"Best Prices","text_position":"center","button_label":"Shop Now","button_link":"http:\/\/demo.mythemeshop.com\/woocart\/product-category\/electronics\/mobiles\/","button_position":"center","text_colors":0,"title_color":"","desc_color":""},"mts-ads-widget-6":{"image_uri":"http:\/\/demo.mythemeshop.com\/woocart\/files\/2014\/12\/cameras.png","attachment_id":502,"width":"one-half","first":0,"title":"Sony Cameras","description":"Get 20% Off","text_position":"center","button_label":"Shop Now","button_link":"http:\/\/demo.mythemeshop.com\/woocart\/product-category\/electronics\/cameras\/","button_position":"center","text_colors":0,"title_color":"","desc_color":""},"mts-ads-widget-7":{"image_uri":"http:\/\/demo.mythemeshop.com\/woocart\/files\/2014\/12\/tabs.png","attachment_id":503,"width":"one-fourth","first":0,"title":"Huawei Tablets","description":"From $199.00","text_position":"center","button_label":"Shop Now","button_link":"http:\/\/demo.mythemeshop.com\/woocart\/product-category\/electronics\/laptops\/","button_position":"center","text_colors":0,"title_color":"","desc_color":""}},"shop-ads":{"mts-ads-widget-13":{"image_uri":"http:\/\/demo.mythemeshop.com\/woocart\/files\/2015\/01\/shop-ad.jpg","attachment_id":796,"width":"full-width","first":0,"title":"","description":"","text_position":"center","button_label":"","button_link":"http:\/\/demo.mythemeshop.com\/woocart\/product-category\/clothing\/female\/","button_position":"left","text_colors":0,"title_color":"","desc_color":""}},"catalog-ads":{"mts-ads-widget-14":{"image_uri":"http:\/\/demo.mythemeshop.com\/woocart\/files\/2015\/01\/offer-slide-2.jpg","attachment_id":799,"width":"full-width","first":0,"title":"","description":"","text_position":"center","button_label":"","button_link":"http:\/\/demo.mythemeshop.com\/woocart\/product\/grand-theft-auto-v\/","button_position":"left","text_colors":0,"title_color":"","desc_color":""}},"offers-ads":{"mts-ads-widget-15":{"image_uri":"http:\/\/demo.mythemeshop.com\/woocart\/files\/2015\/03\/offer-ad.png","attachment_id":846,"width":"one-half","first":0,"title":"","description":"","text_position":"left","button_label":"","button_link":"http:\/\/demo.mythemeshop.com\/woocart\/product\/apple-iphone-5s-gold-with-16-gb\/","button_position":"left","text_colors":0,"title_color":"","desc_color":""},"mts-ads-widget-16":{"image_uri":"http:\/\/demo.mythemeshop.com\/woocart\/files\/2015\/03\/offer-ad-2.png","attachment_id":847,"width":"one-half","first":0,"title":"","description":"","text_position":"right","button_label":"","button_link":"http:\/\/demo.mythemeshop.com\/woocart\/product\/asus-transformer-book-10-1\/","button_position":"left","text_colors":0,"title_color":"","desc_color":""}},"offers-subscribe":{"wp_subscribe-3":{"title":"Get more stuff","service":"mailchimp","feedburner_id":"","mailchimp_api_key":"","mailchimp_list_id":"","mailchimp_double_optin":"0","aweber_list_id":"","getresponse_api_key":"","getresponse_list_id":"","include_name_field":"1","text":"Subscribe to our mailing list and get interesting stuff and updates to your email inbox.","name_placeholder":"Enter your name here","email_placeholder":"Enter your email here","button_text":"Sign Up Now","success_message":"Thank you for subscribing.","error_message":"Something went wrong.","footer_text":"we respect your privacy and take protecting it seriously","background_color":"#f47555","title_color":"#FFFFFF","text_color":"#FFFFFF","field_text_color":"#FFFFFF","field_background_color":"#d56144","button_text_color":"#f47555","button_background_color":"#FFFFFF","footer_text_color":"#FFFFFF","already_subscribed_message":"This email is already subscribed"}}}