{"orphaned_widgets_1":{"text-1":{"title":"Text Widget","text":"Lorem ipsum dolor sit amet, consectetur adipiscing elit. Non enim quaero quid verum, consectetur adipiscing elit. Non enim quaero quid verum, sedLorem ipsum dolor sit amet, consectetur adipiscing elit. Non enim <a href=\"#\">quaero<\/a> quid verum, sed.","filter":false}},"orphaned_widgets_2":{"recent-posts-3":{"title":"","number":3,"show_date":false}},"sidebar":{"mts_ad_300_widget-2":{"title":"","ad":"https:\/\/demo.mythemeshop.com\/newstoday-craft\/files\/2017\/07\/img.jpg","link":"https:\/\/mythemeshop.com\/themes\/newstoday\/"},"mts_ad_300_widget-3":{"title":"","ad":"https:\/\/demo.mythemeshop.com\/newstoday-craft\/files\/2017\/07\/img2.png","link":"https:\/\/mythemeshop.com\/themes\/newstoday\/"},"mts_popular_posts_widget-2":{"title":"Trending","qty":2,"title_length":7,"comment_num":0,"date":0,"category":0,"days":999,"show_thumb3":1,"box_layout":"vertical-small","show_excerpt":0,"excerpt_length":10},"single_category_posts_widget-2":{"title":"Featured Category","cat":8,"title_length":7,"qty":2,"comment_num":0,"date":0,"show_thumb1":1,"box_layout":"vertical-small","show_excerpt":0,"excerpt_length":10}},"footer-first":{"mts_post_slider_widget-2":{"title":"Featured Posts","cat":null,"slides_num":3,"slider_nav":"arrows","show_title":0}},"footer-first-2":{"tag_cloud-2":{"title":"","count":0,"taxonomy":"post_tag"}},"footer-first-3":{"social-profile-icons-1":{"title":"Follow Us","facebook":"#","behance":"#","flickr":"#","gplus":"#","pinterest":"#","instagram":"#","dribbble":"#","linkedin":"#","soundcloud":"#","twitter":"#","vimeo":"#","stumbleupon":"#","tumblr":"#","github":"#","youtube":"#","foursquare":"#","reddit":"#","dropbox":"#","skype":"#","email":"#","rss":"#"}},"footer-first-4":{"mts_ad_widget-2":{"title":"Our Sponsors","ad1":"https:\/\/demo.mythemeshop.com\/newstoday-craft\/files\/2017\/08\/1.png","ad2":"https:\/\/demo.mythemeshop.com\/newstoday-craft\/files\/2017\/08\/2.gif","ad3":"","ad4":"","ad5":"","ad6":"","link1":"https:\/\/mythemeshop.com\/themes\/newstoday\/","link2":"https:\/\/mythemeshop.com\/themes\/newstoday\/","link3":"","link4":"","link5":"","link6":"","random":0}}}