{"sidebar-1":{"search-2":{"title":""},"mts_pp-widget-2":{"posts":"4","show_images":true},"mts_ad_300_widget-2":{"title":"","ad":"http:\/\/demo.mythemeshop.com\/urban\/wp-content\/themes\/urban\/images\/300x250.gif","link":"http:\/\/mythemeshop.com\/"},"tab-2":{"popular_post_num":"5","recent_post_num":"5"},"mts_subscribe_widget-2":{"title":"","desc":"http:\/\/feeds.feedburner.com\/mythemeshop"}},"footer-1":{"text-2":{"title":"Lorem ipsum","text":"Lorem ipsum dolor sit amet, consectetur adipiscing elit. Vestibulum malesuada, nibh quis egestas pellentesque, dui neque sagittis nisl, eget malesuada nunc felis sed augue. Aenean tempor nibh sed diam elementum sollicitudin quis in metus.","filter":false}},"footer-2":{"categoryposts-2":{"title":"Featured Posts","cat":"12","num":"3","sort_by":"date","thumb":"on","thumb_w":"50","thumb_h":"50","asc_sort_order":null,"title_link":null,"comment_num":null,"date":null}},"footer-3":{"social-profile-icons-2":{"title":"","border_radius":"3","background_color":"#999999","background_color_hover":"#666666","dribbble":"#","email":"#","facebook":"#","gplus":"#","linkedin":"#","pinterest":"#","rss":"#","stumbleupon":"#","twitter":"#","youtube":"#"},"search-3":{"title":""}},"footer-4":{"facebook-like-widget-2":{"title":"Find us on Facebook","page_url":"https:\/\/www.facebook.com\/MyThemeShop","width":"292","color_scheme":"light","show_faces":"on","show_stream":null,"show_header":null}}}