{"sidebar":{"mts_ad_300_widget-2":{"title":"","ad":"http:\/\/demo.mythemeshop.com\/ad-sense-viral\/files\/2016\/10\/sidebar-banner.jpg","link":"http:\/\/mythemeshop.com\/themes\/ad-sense\/"},"facebook-like-widget-2":{"title":"Find us on Facebook","page_url":"https:\/\/facebook.com\/mythemeshop","width":"300","show_faces":"on","show_stream":null,"show_header":"on"},"single_category_posts_widget-2":{"title":"Trending Now","cat":2,"title_length":7,"qty":3,"comment_num":1,"date":1,"show_thumb1":1,"box_layout":"vertical-small","show_excerpt":0,"excerpt_length":10},"recent-comments-2":{"title":"","number":5}}}