{"sidebar":{"mts_aboutme_widget-1":{"title":"About Our Company","aboutme_image_url":"http:\/\/suraj.wpgrammy.com\/wp-content\/uploads\/2019\/02\/about.jpg","aboutme_description":"Duis ex arcu, posuere at tortor quis, blandit viverra sem. Donec sit amet elit ac lacus elementum rutrum. Curabitur vel aliquam lacus, nec ullamcorper nisl.","author_name":"","facebook":"#","twitter":"#","instagram":"#","pinterest":"#","youtube":"#","linkedin":"","dribbble":""},"search-3":{"title":"Search Blog"},"mts_popular_posts_widget-1":{"title":"Popular Blog Posts","qty":3,"title_length":10,"category":0,"author_name":0,"date":0,"days":999,"show_thumb3":1,"box_layout":"horizontal-small","border_radius":0,"show_excerpt":0,"excerpt_length":10},"mts_ad_300_widget-1":{"title":"","ad":"http:\/\/suraj.wpgrammy.com\/wp-content\/themes\/mts_lawyer\/images\/300x250.png","link":"https:\/\/mythemeshop.com\/"},"tag_cloud-1":{"title":"Post Tags","count":0,"taxonomy":"post_tag"}},"footer-top-1":{"text-2":{"title":"","text":"Maecenas viverra sapien felis, elementum semper ante interdum et. Sed condimentum vel lorem id tempor. Sed convallis eu eros at vulputate. Nam non quam nulla. Donec lobortis, turpis id imperdiet vulputate, ante sem aliquam enim, id dignissim enim est eu erat.","filter":true,"visual":true},"social-profile-icons-2":{"title":"","social_font_color":"#ffffff","social_bg_color":"","font_size":28,"br_radius":0,"pd_top":0,"pd_right":0,"pd_bottom":0,"pd_left":0,"br_color":"#565c65","facebook":"#","facebooksocial_color_value":"","facebooksocial_bg_value":"","facebookhover_color_value":"","facebookhover_bg_value":"","facebooksocial_br_value":"","behance":"","behancesocial_color_value":"","behancesocial_bg_value":"","behancehover_color_value":"","behancehover_bg_value":"","behancesocial_br_value":"","flickr":"","flickrsocial_color_value":"","flickrsocial_bg_value":"","flickrhover_color_value":"","flickrhover_bg_value":"","flickrsocial_br_value":"","pinterest":"#","pinterestsocial_color_value":"","pinterestsocial_bg_value":"","pinteresthover_color_value":"","pinteresthover_bg_value":"","pinterestsocial_br_value":"","instagram":"#","instagramsocial_color_value":"","instagramsocial_bg_value":"","instagramhover_color_value":"","instagramhover_bg_value":"","instagramsocial_br_value":"","dribbble":"","dribbblesocial_color_value":"","dribbblesocial_bg_value":"","dribbblehover_color_value":"","dribbblehover_bg_value":"","dribbblesocial_br_value":"","linkedin":"","linkedinsocial_color_value":"","linkedinsocial_bg_value":"","linkedinhover_color_value":"","linkedinhover_bg_value":"","linkedinsocial_br_value":"","soundcloud":"","soundcloudsocial_color_value":"","soundcloudsocial_bg_value":"","soundcloudhover_color_value":"","soundcloudhover_bg_value":"","soundcloudsocial_br_value":"","twitter":"#","twittersocial_color_value":"","twittersocial_bg_value":"","twitterhover_color_value":"","twitterhover_bg_value":"","twittersocial_br_value":"","vimeo":"","vimeosocial_color_value":"","vimeosocial_bg_value":"","vimeohover_color_value":"","vimeohover_bg_value":"","vimeosocial_br_value":"","stumbleupon":"","stumbleuponsocial_color_value":"","stumbleuponsocial_bg_value":"","stumbleuponhover_color_value":"","stumbleuponhover_bg_value":"","stumbleuponsocial_br_value":"","tumblr":"","tumblrsocial_color_value":"","tumblrsocial_bg_value":"","tumblrhover_color_value":"","tumblrhover_bg_value":"","tumblrsocial_br_value":"","github":"","githubsocial_color_value":"","githubsocial_bg_value":"","githubhover_color_value":"","githubhover_bg_value":"","githubsocial_br_value":"","youtube":"","youtubesocial_color_value":"","youtubesocial_bg_value":"","youtubehover_color_value":"","youtubehover_bg_value":"","youtubesocial_br_value":"","foursquare":"","foursquaresocial_color_value":"","foursquaresocial_bg_value":"","foursquarehover_color_value":"","foursquarehover_bg_value":"","foursquaresocial_br_value":"","reddit":"","redditsocial_color_value":"","redditsocial_bg_value":"","reddithover_color_value":"","reddithover_bg_value":"","redditsocial_br_value":"","dropbox":"","dropboxsocial_color_value":"","dropboxsocial_bg_value":"","dropboxhover_color_value":"","dropboxhover_bg_value":"","dropboxsocial_br_value":"","skype":"","skypesocial_color_value":"","skypesocial_bg_value":"","skypehover_color_value":"","skypehover_bg_value":"","skypesocial_br_value":"","email":"","emailsocial_color_value":"","emailsocial_bg_value":"","emailhover_color_value":"","emailhover_bg_value":"","emailsocial_br_value":"","rss":"","rsssocial_color_value":"","rsssocial_bg_value":"","rsshover_color_value":"","rsshover_bg_value":"","rsssocial_br_value":""}},"footer-top-2":{"recent-comments-3":{"title":"","number":3}},"footer-top-3":{"archives-4":{"title":"","count":0,"dropdown":0}},"footer-top-4":{"nav_menu-2":{"title":"Additional Links","nav_menu":20}}}