{"sidebar":{"social-profile-icons-1":{"title":"Follow Us","facebook":"#","behance":"#","flickr":"#","gplus":"#","pinterest":"#","instagram":"#","dribbble":"#","linkedin":"#","soundcloud":"http:\/\/W","twitter":"#","vimeo":"#","stumbleupon":"#","tumblr":"#","github":"#","youtube":"#","foursquare":"#","reddit":"#","dropbox":"#","skype":"#","email":"#","rss":"#"},"mts_post_slider_widget-2":{"title":"Featured Posts","cat":["48","50","52"],"slides_num":3,"slider_nav":"arrows","show_title":0},"single_category_posts_widget-2":{"title":"Featured Category","cat":49,"title_length":15,"qty":3,"comment_num":0,"date":0,"show_thumb1":1,"box_layout":"vertical-small","show_excerpt":0,"excerpt_length":10},"tag_cloud-1":{"title":"","taxonomy":"post_tag"}},"widget-header":{"mts_ad_728_widget-2":{"title":"","ad":"https:\/\/demo.mythemeshop.com\/bridge-sports\/files\/2017\/09\/sport-banner.jpg","link":"http:\/\/mythemeshop.com\/themes\/bridge\/"}},"footer-first":{"categories-2":{"title":"","count":0,"hierarchical":0,"dropdown":0}},"footer-first-2":{"archives-2":{"title":"","count":1,"dropdown":0}},"footer-first-3":{"recent-posts-2":{"title":"","number":5,"show_date":false}},"footer-first-4":{"recent-comments-2":{"title":"","number":4}}}