{"blocks":{"last_tab":"main","mts_logo":"2856","mts_favicon":"","mts_touch_icon":"","mts_metro_icon":"","mts_twitter_username":"","mts_feedburner":"","mts_ajax_search":"0","mts_responsive":"1","mts_shop_products":"9","async_js":"1","remove_ver_params":"1","disable_emojis":"0","prefetching":"0","mts_color_scheme":"#0065ff","mts_layout":"cslayout","mts_background":{"color":"#fefefe","use":"pattern","image_pattern":"pattern50","image_upload":"","repeat":"repeat","attachment":"scroll","position":"left top","size":"cover","gradient":{"from":"#ffffff","to":"#000000","direction":"0deg"},"parallax":"0"},"mts_lightbox":"0","mts_header_style":"header-layout2","mts_sticky_nav":"0","mts_header_margin":{"top":"0","bottom":"0"},"mts_header_padding":{"top":"20px","bottom":"20px"},"mts_header_border":{"color":"","direction":"all","size":"","style":"none"},"header_search_box":"1","mts_header_section2":"1","mts_main_navigation_background":{"color":"#ffffff","use":"pattern","image_pattern":"nobg","image_upload":"","repeat":"repeat","attachment":"scroll","position":"left top","size":"cover","gradient":{"from":"#ffffff","to":"#000000","direction":"0deg"},"parallax":"0"},"main_navigation_dropdown_color":"#424c63","main_navigation_dropdown_hover_color":"#0065ff","mts_show_primary_nav":"1","mts_top_bar_background":{"color":"#222222","use":"pattern","image_pattern":"nobg","image_upload":"","repeat":"repeat","attachment":"scroll","position":"left top","size":"cover","gradient":{"from":"#ffffff","to":"#000000","direction":"0deg"},"parallax":"0"},"primary_navigation_font":{"preview-color":"dark","font-family":"Roboto","font-backup":"","font-weight":"normal","font-style":"","color":"#ffffff","font-size":"14px","line-height":"","letter-spacing":"","margin-top":"","margin-bottom":"","css-selectors":"#primary-navigation a","additional-css":""},"mts_top_header_border":{"color":"#ecedf1","direction":"bottom","size":"1","style":"solid"},"top_header_social":[{"group_title":"Instagram","group_sort":"2","top_header_icon_title":"Instagram","top_header_icon":"instagram","top_header_icon_link":"#","top_header_icon_bgcolor":"","top_header_icon_hover_bgcolor":"","top_header_icon_color":"#97a0af","top_header_icon_hover_color":"#db1028","top_header_icon_margin":{"top":"0","right":"19px","bottom":"0","left":"19px"},"top_header_icon_padding":{"top":"15px","right":"0","bottom":"15px","left":"0"},"top_header_icon_border":{"color":"#777","direction":"all","size":"0","style":"solid"},"top_header_icon_border_radius":"0"},{"group_title":"Facebook","group_sort":"3","top_header_icon_title":"Facebook","top_header_icon":"facebook","top_header_icon_link":"#","top_header_icon_bgcolor":"","top_header_icon_hover_bgcolor":"","top_header_icon_color":"#97a0af","top_header_icon_hover_color":"#db1028","top_header_icon_margin":{"top":"0","right":"19px","bottom":"0","left":"19px"},"top_header_icon_padding":{"top":"15px","right":"0","bottom":"15px","left":"0"},"top_header_icon_border":{"color":"#777","direction":"all","size":"0","style":"solid"},"top_header_icon_border_radius":"0"},{"group_title":"Twitter","group_sort":"4","top_header_icon_title":"Twitter","top_header_icon":"twitter","top_header_icon_link":"#","top_header_icon_bgcolor":"","top_header_icon_hover_bgcolor":"","top_header_icon_color":"#97a0af","top_header_icon_hover_color":"#db1028","top_header_icon_margin":{"top":"0","right":"19px","bottom":"0","left":"19px"},"top_header_icon_padding":{"top":"15px","right":"0","bottom":"15px","left":"0"},"top_header_icon_border":{"color":"#777","direction":"all","size":"0","style":"solid"},"top_header_icon_border_radius":"0"}],"top_header_search_box":"0","mts_top_footer":"1","mts_top_footer_num":"2","footer_sections_position":"bottom","mts_copyrights":"Theme by <a href=\"http:\/\/mythemeshop.com\/\" rel=\"nofollow\">MyThemeShop<\/a>","mts_top_footer_margin":{"top":"40px","right":"0","bottom":"0","left":"0"},"mts_top_footer_padding":{"top":"80px","right":"0","bottom":"0","left":"0"},"mts_footer_background":{"color":"#ffffff","use":"pattern","image_pattern":"nobg","image_upload":"","repeat":"repeat","attachment":"scroll","position":"left top","size":"cover","gradient":{"from":"#ffffff","to":"#000000","direction":"0deg"},"parallax":"0"},"mts_copyrights_background":{"color":"#ffffff","use":"pattern","image_pattern":"nobg","image_upload":"","repeat":"repeat","attachment":"scroll","position":"left top","size":"cover","gradient":{"from":"#ffffff","to":"#000000","direction":"0deg"},"parallax":"0"},"copyrights_border":{"color":"","direction":"all","size":"","style":"none"},"show_top_button":"1","bt_top_button_position":"bottom","top_button_icon":"chevron-up","top_button_text":"Back to Top","top_button_color":"#0065ff","top_button_color_hover":"#ffffff","top_button_background":"#ffffff","top_button_background_hover":"#0065ff","top_button_font_size":"14","top_button_padding":{"top":"12px","right":"15px","bottom":"11px","left":"25px"},"top_button_position":{"top":"auto","right":"30px","bottom":"100px","left":"auto"},"top_button_border_radius":"4","top_button_border":{"color":"#0065ff","direction":"all","size":"1","style":"solid"},"footer_brands_section":"1","footer_brands_alignment":"center","brands_section_title":"","footer_brands_items":[{"group_title":"","group_sort":"6","brand_title":"1","brand_image":"https:\/\/demo.mythemeshop.com\/blocks-traditional\/files\/2019\/02\/abc.png","brand_url":"#"},{"group_title":"","group_sort":"7","brand_title":"2","brand_image":"https:\/\/demo.mythemeshop.com\/blocks-traditional\/files\/2019\/02\/cbs.png","brand_url":"#"},{"group_title":"","group_sort":"8","brand_title":"3","brand_image":"https:\/\/demo.mythemeshop.com\/blocks-traditional\/files\/2019\/02\/google.png","brand_url":"#"},{"group_title":"","group_sort":"9","brand_title":"4","brand_image":"https:\/\/demo.mythemeshop.com\/blocks-traditional\/files\/2019\/02\/microsoft.png","brand_url":"#"}],"brands_margin":{"top":"0","right":"0","bottom":"0","left":"0"},"brands_padding":{"top":"0","right":"0","bottom":"0","left":"0"},"brands_border":{"color":"","direction":"all","size":"","style":"none"},"social_button_layout":"circular","mts_social_buttons_on_pages":"0","mts_social_buttons":{"enabled":{"facebookshare":"Facebook Share","twitter":"Twitter","pinterest":"Pinterest","gplus":"Google Plus"},"disabled":{"facebook":"Facebook Like","linkedin":"LinkedIn","stumble":"StumbleUpon","reddit":"Reddit"}},"social_styling_margin":{"top":"0","right":"0","bottom":"0","left":"-152px"},"social_styling_box_shadow":"1","social_styling_border":{"color":"","direction":"all","size":"","style":"none"},"social_styling_background":{"color":"","use":"pattern","image_pattern":"nobg","image_upload":"","repeat":"repeat","attachment":"scroll","position":"left top","size":"cover","gradient":{"from":"#ffffff","to":"#000000","direction":"0deg"},"parallax":"0"},"detect_adblocker":"0","detect_adblocker_type":"popup","detect_adblocker_title":"Ad Blocker Detected","detect_adblocker_description":"Our website is made possible by displaying online advertisements to our visitors. Please consider supporting us by disabling your ad blocker.","background_clickable":"0","background_link":"","background_link_new_tab":"1","mts_header_adcode":"","header_adcode_show":"all","header_ad_size":"27","mts_header_adcode_margin":{"top":"20px","bottom":"0"},"navigation_ad":"0","navigation_adcode":"","navigation_ad_size":"26","navigation_ad_background":"#252525","mts_postfooter_adcode":"","mts_postfooter_adcode_time":"0","mts_posttop_adcode":"","mts_posttop_adcode_time":"0","mts_postend_adcode":"","mts_postend_adcode_time":"0","search_content":"all","search_results_per_page":"9","search_position":"above","mts_header_code":"","mts_analytics_code":"","mts_custom_css":"","retina_images":"1","images_responsive":"0","status_opengraph":"1","dynamic_css_compiler":"1","dynamic_css_db_caching":"0","cache_server_ip":""},"blocks_homepage":{"last_tab":"homepage-general","mts_featured_categories":[{"group_title":"","group_sort":"2","mts_featured_title":"Latest","unique_id":"5c6235681e482","mts_thumb_layout":"layout-1","mts_featured_category":"latest","mts_featured_category_postsnum":"6","mts_featured_category_excerpt":""}],"mts_featured_category_title_5c6235681e482":"0","mts_featured_category_title_background_5c6235681e482":{"color":"","use":"pattern","image_pattern":"nobg","image_upload":"","repeat":"repeat","attachment":"scroll","position":"left top","size":"cover","gradient":{"from":"#ffffff","to":"#000000","direction":"0deg"},"parallax":"0"},"mts_featured_category_title_margin_5c6235681e482":{"top":"0","right":"0","bottom":"20px","left":"0"},"mts_featured_category_title_padding_5c6235681e482":{"top":"0","right":"0","bottom":"0","left":"0"},"post_title_border_5c6235681e482":{"color":"","direction":"all","size":"","style":"none"},"mts_featured_category_title_font_5c6235681e482":{"preview-color":"light","font-family":"Roboto","font-backup":"","font-weight":"700","font-style":"","color":"#091e42","font-size":"26px","line-height":"42px","letter-spacing":"","margin-top":"","margin-bottom":"","css-selectors":".title-container.title-id-5c6235681e482 h3.featured-category-title","additional-css":""},"post_button_5c6235681e482":"0","home_category_5c6235681e482":"0","post_category_font_5c6235681e482":{"preview-color":"light","font-family":"Roboto","font-backup":"","font-weight":"400","font-style":"","color":"#db1028","font-size":"16px","line-height":"","letter-spacing":"","margin-top":"","margin-bottom":"","css-selectors":".layout-5c6235681e482 .latestPost .thecategory a","additional-css":"text-transform: uppercase;"},"mts_home_headline_meta_info5c6235681e482":{"enabled":{"author":"Author Name","date":"Date"},"disabled":{"comment":"Comment Count"}},"mts_meta_info_author_icon_5c6235681e482":"","mts_meta_info_date_icon_5c6235681e482":"","mts_meta_info_comment_icon_5c6235681e482":"","mts_meta_info_margin_5c6235681e482":{"top":"8px","right":"0","bottom":"15px","left":"0"},"mts_meta_info_font_5c6235681e482":{"preview-color":"light","font-family":"Roboto","font-backup":"","font-weight":"400","font-style":"","color":"#97a0af","font-size":"12px","line-height":"","letter-spacing":"","margin-top":"","margin-bottom":"","css-selectors":".layout-5c6235681e482 .latestPost .post-info, .layout-5c6235681e482 .latestPost .post-info a","additional-css":"text-transform: uppercase;"},"readmore_5c6235681e482":"1","readmore_bg_5c6235681e482":"#f2f3f6","readmore_font_5c6235681e482":{"preview-color":"light","font-family":"Roboto","font-backup":"","font-weight":"400","font-style":"","color":"#091e42","font-size":"14px","line-height":"","letter-spacing":"","margin-top":"","margin-bottom":"","css-selectors":".layout-5c6235681e482 .readMore a","additional-css":""},"mts_featured_category_background_5c6235681e482":{"color":"","use":"pattern","image_pattern":"nobg","image_upload":"","repeat":"repeat","attachment":"scroll","position":"left top","size":"cover","gradient":{"from":"#ffffff","to":"#000000","direction":"0deg"},"parallax":"0"},"post_border_5c6235681e482":{"color":"","direction":"all","size":"","style":"none"},"mts_featured_category_margin_5c6235681e482":{"top":"0","bottom":"30px"},"mts_featured_category_padding_5c6235681e482":{"top":"0","right":"0","bottom":"0","left":"0"},"mts_featured_category_font_5c6235681e482":{"preview-color":"light","font-family":"Roboto","font-backup":"","font-weight":"500","font-style":"","color":"#0065ff","font-size":"27px","line-height":"42px","letter-spacing":"","margin-top":"","margin-bottom":"","css-selectors":".layout-5c6235681e482 .latestPost .title a","additional-css":""},"mts_featured_category_excerpt_font_5c6235681e482":{"preview-color":"light","font-family":"Roboto","font-backup":"","font-weight":"400","font-style":"","color":"#505f79","font-size":"14px","line-height":"23px","letter-spacing":"","margin-top":"","margin-bottom":"","css-selectors":".layout-5c6235681e482 .latestPost .front-view-content","additional-css":""},"mts_pagenavigation_type":"2","load_more_alignment":"center","mts_pagenavigation_bgcolor":"#ffffff","load_more_bgcolor":"#f3f4f6","mts_pagenavigation_hover_bgcolor":"#fafbfc","load_more_hover_bgcolor":"#db1028","mts_pagenavigation_color":"#505f79","load_more_color":"#091e42","mts_pagenavigation_hover_color":"#db1028","load_more_hover_color":"#ffffff","mts_pagenavigation_margin":{"top":"0","right":"-5px","bottom":"0","left":"0"},"mts_pagenavigation_padding":{"top":"13px","right":"16px","bottom":"12px","left":"16px"},"load_more_margin":{"top":"50px","right":"0","bottom":"40px","left":"0"},"load_more_padding":{"top":"13px","right":"35px","bottom":"13px","left":"35px"},"mts_pagenavigation_border_radius":"4","pagenavigation_border":{"color":"#dfe1e6","direction":"all","size":"1","style":"solid"},"load_more_border":{"color":"","direction":"all","size":"","style":"none"}},"blocks_sidebars":{"last_tab":"sidebars-general","mts_sidebar_for_home":"mts_defaultsidebar","mts_sidebar_for_post":"mts_defaultsidebar","mts_sidebar_for_page":"mts_defaultsidebar","mts_sidebar_for_archive":"mts_defaultsidebar","mts_sidebar_for_category":"mts_defaultsidebar","mts_sidebar_for_tag":"mts_defaultsidebar","mts_sidebar_for_date":"mts_defaultsidebar","mts_sidebar_for_author":"mts_defaultsidebar","mts_sidebar_for_search":"mts_defaultsidebar","mts_sidebar_for_notfound":"mts_defaultsidebar","mts_sidebar_for_shop":"mts_defaultsidebar","mts_sidebar_for_product":"mts_defaultsidebar","mts_sidebar_title_styling_background":{"color":"","use":"pattern","image_pattern":"nobg","image_upload":"","repeat":"repeat","attachment":"scroll","position":"left top","size":"cover","gradient":{"from":"#ffffff","to":"#000000","direction":"0deg"},"parallax":"0"},"mts_sidebar_title_styling_margin":{"top":"0","bottom":"45px"},"mts_sidebar_title_styling_padding":{"top":"0","right":"0","bottom":"0","left":"0"},"widget_title_border":{"color":"","direction":"all","size":"","style":"none"},"mts_sidebar_styling_background":{"color":"","use":"pattern","image_pattern":"nobg","image_upload":"","repeat":"repeat","attachment":"scroll","position":"left top","size":"cover","gradient":{"from":"#ffffff","to":"#000000","direction":"0deg"},"parallax":"0"},"mts_sidebar_styling_margin":{"top":"0","right":"0","bottom":"50px","left":"0"},"mts_sidebar_styling_padding":{"top":"0","right":"0","bottom":"0","left":"0"},"sidebar_styling_border":{"color":"","direction":"all","size":"","style":"none"}},"blocks_single":{"last_tab":"single-general","mts_show_featured":"1","featured_image_size":"full","featured_image_margin":{"top":"-80px","right":"0","bottom":"64px","left":"0"},"featured_text_alignment":"center","author_image_on_full":"0","show_prev_next":"0","single_category_post":"1","single_category_post_background":"#091e42","mts_single_post_layout":{"enabled":{"content":"Post Content","tags":"Tags & Social Share","author":"Author Box","related":"Related Posts"},"disabled":{"subscribe":"Subscribe Box"}},"single_like_button":"1","mts_social_button_position":"bottom","related_post_title":"Related Posts","mts_related_posts_taxonomy":"categories","mts_single_headline_meta_info":{"enabled":{"author":"Author Name","date":"Date"},"disabled":{"comment":"Comment Count"}},"mts_single_meta_info_author_icon":"","mts_single_meta_info_date_icon":"","mts_single_meta_info_comment_icon":"","single_meta_info_background":"","mts_breadcrumb":"0","breadcrumb_icon":"angle-right","mts_author_comment":"1","mts_comment_date":"1","single_title_background":{"color":"","use":"pattern","image_pattern":"nobg","image_upload":"","repeat":"repeat","attachment":"scroll","position":"left top","size":"cover","gradient":{"from":"#ffffff","to":"#000000","direction":"0deg"},"parallax":"0"},"single_title_padding":{"top":"0","right":"0","bottom":"0","left":"0"},"single_title_border":{"color":"","direction":"all","size":"","style":"none"},"single_page_titles_font":{"preview-color":"light","font-family":"Roboto","font-backup":"","font-weight":"700","font-style":"","color":"#091e42","font-size":"20px","line-height":"","letter-spacing":"","margin-top":"","margin-bottom":"","css-selectors":"#respond h4, .total-comments","additional-css":"text-align: center;"},"single_background":{"color":"#ffffff","use":"pattern","image_pattern":"nobg","image_upload":"","repeat":"repeat","attachment":"scroll","position":"left top","size":"cover","gradient":{"from":"#ffffff","to":"#000000","direction":"0deg"},"parallax":"0"},"mts_single_styling_margin":{"top":"0","bottom":"50px"},"mts_single_styling_padding":{"top":"30px","right":"30px","bottom":"30px","left":"30px"},"single_styling_border":{"color":"","direction":"all","size":"","style":"none"},"breadcrumb_font":{"preview-color":"light","font-family":"Roboto","font-backup":"","font-weight":"500","font-style":"","color":"#091e42","font-size":"16px","line-height":"","letter-spacing":"","margin-top":"","margin-bottom":"","css-selectors":".breadcrumb, .rank-math-breadcrumb","additional-css":""},"single_category_post_font":{"preview-color":"light","font-family":"Roboto","font-backup":"","font-weight":"500","font-style":"","color":"#ffffff","font-size":"14px","line-height":"","letter-spacing":"","margin-top":"","margin-bottom":"","css-selectors":".thesinglecategory a","additional-css":"text-transform: uppercase;"},"mts_single_meta_info_font":{"preview-color":"dark","font-family":"Roboto","font-backup":"","font-weight":"400","font-style":"","color":"#ffffff","font-size":"12px","line-height":"","letter-spacing":"","margin-top":"","margin-bottom":"","css-selectors":".single_post .post-info, .single_post .post-info a, .single-full-header .post-info, .single-full-header .post-info a","additional-css":"text-transform: uppercase;"},"related_posts_background":{"color":"","use":"pattern","image_pattern":"nobg","image_upload":"","repeat":"repeat","attachment":"scroll","position":"left top","size":"cover","gradient":{"from":"#ffffff","to":"#000000","direction":"0deg"},"parallax":"0"},"related_posts_layouts":"default","related_posts_grid":"grid2","mts_related_postsnum":"2","related_posts_adcode":"","related_posts_position":"default","related_post_meta_info":{"author":"author","time":"time"},"related_posts_margin":{"top":"0","right":"0","bottom":"0","left":"0"},"related_posts_padding":{"top":"0","right":"0","bottom":"0","left":"0"},"related_post_title_font":{"preview-color":"light","font-family":"Roboto","font-backup":"","font-weight":"500","font-style":"","color":"#091e42","font-size":"26px","line-height":"42px","letter-spacing":"","margin-top":"","margin-bottom":"","css-selectors":".related-posts h4","additional-css":""},"related_posts_excerpt_font":{"preview-color":"light","font-family":"Roboto","font-backup":"","font-weight":"400","font-style":"","color":"#70747a","font-size":"16px","line-height":"25px","letter-spacing":"","margin-top":"","margin-bottom":"","css-selectors":".related-posts .front-view-content","additional-css":""},"related_posts_font":{"preview-color":"light","font-family":"Roboto","font-backup":"","font-weight":"500","font-style":"","color":"#091e42","font-size":"20px","line-height":"30px","letter-spacing":"","margin-top":"","margin-bottom":"","css-selectors":".related-posts .title a","additional-css":""},"related_posts_meta_font":{"preview-color":"light","font-family":"Roboto","font-backup":"","font-weight":"400","font-style":"","color":"#97a0af","font-size":"12px","line-height":"","letter-spacing":"","margin-top":"","margin-bottom":"","css-selectors":".related-posts .post-info, .related-posts .post-info a","additional-css":"text-transform: uppercase;"},"related_article_background":{"color":"","use":"pattern","image_pattern":"nobg","image_upload":"","repeat":"repeat","attachment":"scroll","position":"left top","size":"cover","gradient":{"from":"#ffffff","to":"#000000","direction":"0deg"},"parallax":"0"},"related_article_padding":{"top":"0","right":"0","bottom":"0","left":"0"},"related_article_text_padding":{"top":"30px","right":"20px","bottom":"20px","left":"30px"},"single_subscribe_background":{"color":"#f7f8fa","use":"pattern","image_pattern":"nobg","image_upload":"","repeat":"repeat","attachment":"scroll","position":"left top","size":"cover","gradient":{"from":"#ffffff","to":"#000000","direction":"0deg"},"parallax":"0"},"single_subscribe_margin":{"top":"0","right":"0","bottom":"40","left":"0"},"single_subscribe_padding":{"top":"50px","right":"10%","bottom":"50px","left":"10%"},"single_subscribe_border_radius":"0","single_subscribe_border":{"color":"","direction":"all","size":"","style":"none"},"single_subscribe_title_font":{"preview-color":"light","font-family":"Roboto","font-backup":"","font-weight":"700","font-style":"","color":"#091e42","font-size":"28px","line-height":"","letter-spacing":"","margin-top":"","margin-bottom":"","css-selectors":".single-subscribe .widget #wp-subscribe .title","additional-css":""},"single_subscribe_text_font":{"preview-color":"light","font-family":"Roboto","font-backup":"","font-weight":"400","font-style":"","color":"#505f79","font-size":"16px","line-height":"","letter-spacing":"","margin-top":"","margin-bottom":"","css-selectors":".single-subscribe .widget #wp-subscribe p.text, .single-subscribe .widget .wp-subscribe .wps-consent-wrapper label, .single-subscribe .widget .wp-subscribe-wrap .error, .single-subscribe .widget .wp-subscribe-wrap .thanks","additional-css":""},"single_subscribe_input_background":"#ffffff","single_subscribe_input_height":"48","single_subscribe_input_border_radius":"4","single_subscribe_input_border":{"color":"","direction":"all","size":"","style":"none"},"single_subscribe_input_font":{"preview-color":"light","font-family":"Roboto","font-backup":"","font-weight":"400","font-style":"","color":"#505f79","font-size":"16px","line-height":"","letter-spacing":"","margin-top":"","margin-bottom":"","css-selectors":".single-subscribe .widget #wp-subscribe input.email-field, .single-subscribe .widget #wp-subscribe input.name-field","additional-css":""},"single_subscribe_submit_backgroud":"#0065ff","single_subscribe_submit_border_radius":"4","single_subscribe_submit_border":{"color":"","direction":"all","size":"","style":"none"},"single_subscribe_submit_padding":{"top":"0","right":"0","bottom":"0","left":"0"},"single_subscribe_submit_font":{"preview-color":"dark","font-family":"Roboto","font-backup":"","font-weight":"500","font-style":"","color":"#ffffff","font-size":"18px","line-height":"","letter-spacing":"","margin-top":"","margin-bottom":"","css-selectors":".single-subscribe .widget #wp-subscribe input.submit","additional-css":""},"single_subscribe_small_text_font":{"preview-color":"light","font-family":"Roboto","font-backup":"","font-weight":"400","font-style":"","color":"#505f79","font-size":"16px","line-height":"20px","letter-spacing":"","margin-top":"","margin-bottom":"","css-selectors":".single-subscribe .widget .wp-subscribe-wrap p.footer-text","additional-css":""},"single_authorbox_background":{"color":"","use":"pattern","image_pattern":"nobg","image_upload":"","repeat":"repeat","attachment":"scroll","position":"left top","size":"cover","gradient":{"from":"#ffffff","to":"#000000","direction":"0deg"},"parallax":"0"},"single_authorbox_margin":{"top":"0","right":"0","bottom":"40","left":"0"},"single_authorbox_padding":{"top":"30","right":"10%","bottom":"30","left":"10%"},"single_authorbox_border_radius":"0","single_authorbox_border":{"color":"","direction":"all","size":"","style":"none"},"single_authorbox_author_name_font":{"preview-color":"light","font-family":"Roboto","font-backup":"","font-weight":"500","font-style":"","color":"#091e42","font-size":"20px","line-height":"30px","letter-spacing":"","margin-top":"","margin-bottom":"","css-selectors":".postauthor h5, .postauthor h5 a","additional-css":""},"single_authorbox_text_font":{"preview-color":"light","font-family":"Roboto","font-backup":"","font-weight":"400","font-style":"","color":"#505f79","font-size":"16px","line-height":"27px","letter-spacing":"","margin-top":"","margin-bottom":"","css-selectors":".postauthor p","additional-css":""},"single_author_image_margin":{"top":"0","right":"0","bottom":"10","left":"0"},"single_author_image_border_radius":"150","authorbox_social_share":"1","author_social_margin":{"top":"0","right":"10","bottom":"20","left":"0"},"author_social_padding":{"top":"10","right":"10","bottom":"10","left":"10"},"author_social_background":"#ffffff","author_social_hover_background":"#ffffff","author_social_color":"#97a0af","author_social_hover_color":"#0065ff","author_social_border_radius":"0"},"blocks_typography":{"last_tab":"typography-collection","blocks_logo":{"preview-color":"light","font-family":"Roboto","font-backup":"","font-weight":"700","font-style":"","color":"#091e42","font-size":"38px","line-height":"","letter-spacing":"","margin-top":"","margin-bottom":"","css-selectors":"#logo a","additional-css":""},"secondary_navigation_font":{"preview-color":"light","font-family":"Roboto","font-backup":"","font-weight":"normal","font-style":"","color":"#091e42","font-size":"16px","line-height":"","letter-spacing":"","margin-top":"","margin-bottom":"","css-selectors":"#secondary-navigation a, .header-default .header-search span.sbutton","additional-css":""},"home_title_font":{"preview-color":"light","font-family":"Roboto","font-backup":"","font-weight":"500","font-style":"","color":"#091e42","font-size":"26px","line-height":"42px","letter-spacing":"","margin-top":"","margin-bottom":"","css-selectors":".latestPost .title a","additional-css":""},"single_title_font":{"preview-color":"light","font-family":"Roboto","font-backup":"","font-weight":"700","font-style":"","color":"#ffffff","font-size":"40px","line-height":"1.5","letter-spacing":"","margin-top":"","margin-bottom":"","css-selectors":".single-title","additional-css":""},"content_font":{"preview-color":"light","font-family":"Roboto","font-backup":"","font-weight":"400","font-style":"","color":"#505f79","font-size":"16px","line-height":"28px","letter-spacing":"","margin-top":"","margin-bottom":"","css-selectors":"body","additional-css":""},"sidebar_title_font":{"preview-color":"light","font-family":"Roboto","font-backup":"","font-weight":"700","font-style":"","color":"#091e42","font-size":"20px","line-height":"32px","letter-spacing":"","margin-top":"","margin-bottom":"","css-selectors":"#sidebar .widget h3.widget-title, .widget #wp-subscribe .title","additional-css":""},"sidebar_url":{"preview-color":"light","font-family":"Roboto","font-backup":"","font-weight":"500","font-style":"","color":"#091e42","font-size":"16px","line-height":"25px","letter-spacing":"","margin-top":"","margin-bottom":"","css-selectors":".sidebar .widget a, .sidebar .widget li","additional-css":""},"sidebar_font":{"preview-color":"light","font-family":"Roboto","font-backup":"","font-weight":"400","font-style":"","color":"#505f79","font-size":"14px","line-height":"26px","letter-spacing":"","margin-top":"","margin-bottom":"","css-selectors":"#sidebar .widget p, #sidebar .widget .post-excerpt","additional-css":""},"top_footer_title_font":{"preview-color":"dark","font-family":"Roboto","font-backup":"","font-weight":"500","font-style":"","color":"#091e42","font-size":"16px","line-height":"","letter-spacing":"","margin-top":"","margin-bottom":"","css-selectors":".footer-widgets h3, #site-footer .widget #wp-subscribe .title, .brands-title","additional-css":""},"top_footer_link_font":{"preview-color":"dark","font-family":"Roboto","font-backup":"","font-weight":"400","font-style":"","color":"#6c798f","font-size":"14px","line-height":"1.6","letter-spacing":"","margin-top":"","margin-bottom":"","css-selectors":".f-widget a, .f-widget .wpt_widget_content a, .f-widget .wp_review_tab_widget_content a","additional-css":""},"top_footer_font":{"preview-color":"dark","font-family":"Roboto","font-backup":"","font-weight":"400","font-style":"","color":"#6c798f","font-size":"14px","line-height":"1.6","letter-spacing":"","margin-top":"","margin-bottom":"","css-selectors":".footer-widgets, footer .widget .wpt_excerpt, footer .advanced-recent-posts p, footer .popular-posts p, footer .category-posts p","additional-css":""},"top_footer_meta_font":{"preview-color":"dark","font-family":"Roboto","font-backup":"","font-weight":"400","font-style":"","color":"#6c798f","font-size":"12px","line-height":"1.6","letter-spacing":"","margin-top":"","margin-bottom":"","css-selectors":"footer .widget .post-info, footer .widget .post-info a, footer .widget .wpt_widget_content .wpt-postmeta, footer .wp_review_tab_widget_content .wp-review-tab-postmeta","additional-css":""},"copyrights_font":{"preview-color":"dark","font-family":"Roboto","font-backup":"","font-weight":"400","font-style":"","color":"#a8aaae","font-size":"12px","line-height":"","letter-spacing":"","margin-top":"","margin-bottom":"","css-selectors":"#copyright-note","additional-css":""},"h1_headline":{"preview-color":"light","font-family":"Roboto","font-backup":"","font-weight":"700","font-style":"","color":"#091e42","font-size":"28px","line-height":"","letter-spacing":"","margin-top":"","margin-bottom":"","css-selectors":"h1","additional-css":""},"h2_headline":{"preview-color":"light","font-family":"Roboto","font-backup":"","font-weight":"700","font-style":"","color":"#091e42","font-size":"24px","line-height":"","letter-spacing":"","margin-top":"","margin-bottom":"","css-selectors":"h2","additional-css":""},"h3_headline":{"preview-color":"light","font-family":"Roboto","font-backup":"","font-weight":"700","font-style":"","color":"#091e42","font-size":"22px","line-height":"","letter-spacing":"","margin-top":"","margin-bottom":"","css-selectors":"h3","additional-css":""},"h4_headline":{"preview-color":"light","font-family":"Roboto","font-backup":"","font-weight":"700","font-style":"","color":"#091e42","font-size":"20px","line-height":"","letter-spacing":"","margin-top":"","margin-bottom":"","css-selectors":"h4","additional-css":""},"h5_headline":{"preview-color":"light","font-family":"Roboto","font-backup":"","font-weight":"700","font-style":"","color":"#091e42","font-size":"18px","line-height":"","letter-spacing":"","margin-top":"","margin-bottom":"","css-selectors":"h5","additional-css":""},"h6_headline":{"preview-color":"light","font-family":"Roboto","font-backup":"","font-weight":"700","font-style":"","color":"#091e42","font-size":"16px","line-height":"","letter-spacing":"","margin-top":"","margin-bottom":"","css-selectors":"h6","additional-css":""},"typography-subsets":{"latin":"latin"}},"mts-opts-backup":"1"}
