{"sidebar":{"mts_ad_300_widget-2":{"title":"","ad":"https:\/\/demo.mythemeshop.com\/blocks-traditional\/files\/2019\/02\/300x250.jpg","link":"http:\/\/mythemeshop.com\/themes\/blocks\/"},"mts_recent_posts_widget-2":{"title":"Recent Posts","qty":4,"title_length":8,"category":1,"author_name":0,"date":1,"show_thumb2":1,"box_layout":"horizontal-small","border_radius":2,"show_excerpt":0,"excerpt_length":10},"mts_popular_posts_widget-2":{"title":"Popular Posts","qty":3,"title_length":8,"category":0,"author_name":0,"date":0,"days":999,"show_thumb3":1,"box_layout":"vertical-small","border_radius":2,"show_excerpt":0,"excerpt_length":10}},"footer-top-1":{"wp_subscribe-2":{"title":"Get more stuff","service":"feedburner","aweber_consumer_key":"","aweber_consumer_secret":"","aweber_access_key":"","aweber_access_secret":"","aweber_account_id":"","aweber_list_id":"none","feedburner_id":"","mailchimp_api_key":"","mailchimp_list_id":"none","mailchimp_double_optin":"0","include_name_field":"0","text":"","name_placeholder":"Enter your name here","email_placeholder":"Enter your email here","consent_text":"I consent to my submitted data being collected via this form*","button_text":"Sign Up Now","success_message":"Thank you for subscribing.","error_message":"Something went wrong.","footer_text":""}},"footer-top-2":{"mts_instagram_widget-2":{"title":"","instagram_username":"streets_vision","instagram_num_post":"4","instagram_grid":"two-grid","instagram_follow_text":"@Instagram","instagram_follow_uri":"#"}}}