{"cookie-notification":{"post_title":"Cookie Notification","_mtsnb_data":{"active_tab":"type","button":"close_button","close_icon":"times","show_icon":"","initial_state":"opened","priority":"medium","content_width":"960","padding":"20","css_position":"fixed","screen_position":"top","animation":"","content_animation":"","content_type":"custom","basic_link_style":"link","basic_text":"","basic_link_text":"","basic_link_url":"","posts_text":"","posts_number":"5","posts_to_show":"recent","custom_posts":"","newsletter_text":"","newsletter_type":"fb","MailChimp_api_key":"","active_campaign_api_key":"","active_campaign_api_url":"","constant_contact_api_key":"","constant_contact_token":"","aweber":{"consumer_key":"","consumer_secret":"","access_key":"","access_secret":""},"aweber_code":"","getresponse_api_key":"","campaignmonitor_api_key":"","madmimi_username":"","madmimi_api_key":"","newsletter_fb_id":"","benchmark_username":"","benchmark_password":"","sendinblue_api_key":"","convertkit_api_key":"","drip_account_id":"","drip_api_key":"","newsletter_consent":"I consent to my submitted data being collected via this form*","newsletter_btn_text":"Subscribe","newsletter_success_text":"We will be in touch soon!","social_text":"","fb_text":"","fb_page_id":"","fb_posts_number":"5","fb_app_id":"","fb_app_secret":"","twitts_text":"","twitts_number":"5","twitter_api_key":"","twitter_api_secret":"","twitter_token":"","twitter_token_secret":"","counter_text":"","counter_date":"","counter_time":"00:00","counter_btn_text":"","counter_btn_url":"","popup_text":"","popup_video_type":"youtube","popup_youtube_link":"","popup_vimeo_link":"","search_text":"Looking for something?","custom_content":"<strong>Notice<\/strong>\r\n<br \/>\r\nThis website or its third-party tools use cookies, which are necessary to its functioning and required to achieve the purposes illustrated in the cookie policy. If you want to know more or withdraw your consent to all or some of the cookies, please refer to the <a href=\"#\">cookie policy<\/a>. By closing this banner, scrolling this page, clicking a link or continuing to browse otherwise, you agree to the use of cookies.","slidein_text":"","slidein_selector":"","slidein_number":"5","slidein_display":"right","slidein_button_position":"bottom-right","slidein_to_show":"recent","slidein_feed":"","slidein_custom_posts":"","slidein_custom_post_types":"post","slidein_post_meta_key":"","slidein_post_meta_value":"","sp":[{"title":"","link":"","id":"","image":"","content":""}],"b_enabled":"","a_traffic":"50","b_traffic":"50","b_content_type":"button","b_basic_link_style":"link","b_basic_text":"","b_basic_link_text":"","b_basic_link_url":"","b_posts_text":"","b_posts_number":"5","b_posts_to_show":"recent","b_custom_posts":"","b_newsletter_text":"","b_newsletter_type":"fb","b_MailChimp_api_key":"","b_active_campaign_api_key":"","b_active_campaign_api_url":"","b_constant_contact_api_key":"","b_constant_contact_token":"","b_aweber":{"consumer_key":"","consumer_secret":"","access_key":"","access_secret":""},"b_aweber_code":"","b_getresponse_api_key":"","b_campaignmonitor_api_key":"","b_madmimi_username":"","b_madmimi_api_key":"","b_newsletter_fb_id":"","b_benchmark_username":"","b_benchmark_password":"","b_sendinblue_api_key":"","b_convertkit_api_key":"","b_drip_account_id":"","b_drip_api_key":"","b_newsletter_consent":"I consent to my submitted data being collected via this form*","b_newsletter_btn_text":"Subscribe","b_newsletter_success_text":"We will be in touch soon!","b_social_text":"","b_fb_text":"","b_fb_page_id":"","b_fb_posts_number":"5","b_fb_app_id":"","b_fb_app_secret":"","b_twitts_text":"","b_twitts_number":"5","b_twitter_api_key":"","b_twitter_api_secret":"","b_twitter_token":"","b_twitter_token_secret":"","b_counter_text":"","b_counter_date":"","b_counter_time":"00:00","b_counter_btn_text":"","b_counter_btn_url":"","b_popup_text":"","b_popup_video_type":"youtube","b_popup_youtube_link":"","b_popup_vimeo_link":"","b_search_text":"Looking for something?","b_custom_content":"","b_slidein_text":"","b_slidein_selector":"","b_slidein_number":"5","b_slidein_display":"right","b_slidein_button_position":"bottom-right","b_slidein_to_show":"recent","b_slidein_feed":"","b_slidein_custom_posts":"","b_slidein_custom_post_types":"post","b_slidein_post_meta_key":"","b_slidein_post_meta_value":"","b_sp":[{"title":"","link":"","id":"","image":"","content":""}],"bg_color":"#000000","txt_color":"#ffffff","link_color":"#ffffff","link_hover_color":"#ffffff","button_color":"#ffffff","button_bg_color":"","font_size":"14","font_weight":"normal","line_height":"1.6","align":"left","conditions":{"location":{"state":"active","pages":"1","custom_posts":""},"notlocation":{"state":"","custom_posts":""},"logged":{"state":""},"notlogged":{"state":""},"less":{"state":"","data":"1"},"after":{"state":"","data":"1"},"onmobile":{"state":""},"notonmobile":{"state":""},"referrer":{"state":""},"notreferrer":{"state":""},"utm":{"state":"","operator":"or","tags":[{"name":"utm_source","value":""},{"name":"utm_medium","value":""},{"name":"utm_term","value":""},{"name":"utm_content","value":""},{"name":"utm_campaign","value":""}]},"notutm":{"state":"","operator":"or","tags":[{"name":"utm_source","value":""},{"name":"utm_medium","value":""},{"name":"utm_term","value":""},{"name":"utm_content","value":""},{"name":"utm_campaign","value":""}]},"time":{"state":""},"nottime":{"state":""},"show_from_time":{"date":"","time":""},"show_to_time":{"date":"","time":""},"hide_from_time":{"date":"","time":""},"hide_to_time":{"date":"","time":""}}}},"slide-in":{"post_title":"Slide-In","_mtsnb_data":{"active_tab":"general","button":"toggle_button","close_icon":"times","show_icon":"ellipsis-h","initial_state":"opened","priority":"high","content_width":"960","padding":"10","css_position":"fixed","screen_position":"top","animation":"","content_animation":"","content_type":"slidein-posts","basic_link_style":"link","basic_text":"","basic_link_text":"","basic_link_url":"","posts_text":"","posts_number":"5","posts_to_show":"recent","custom_posts":"","newsletter_text":"","newsletter_type":"fb","MailChimp_api_key":"","active_campaign_api_key":"","active_campaign_api_url":"","constant_contact_api_key":"","constant_contact_token":"","aweber":{"consumer_key":"","consumer_secret":"","access_key":"","access_secret":""},"aweber_code":"","getresponse_api_key":"","campaignmonitor_api_key":"","madmimi_username":"","madmimi_api_key":"","newsletter_fb_id":"","benchmark_username":"","benchmark_password":"","sendinblue_api_key":"","convertkit_api_key":"","drip_account_id":"","drip_api_key":"","newsletter_consent":"I consent to my submitted data being collected via this form*","newsletter_btn_text":"Subscribe","newsletter_success_text":"We will be in touch soon!","social_text":"","fb_text":"","fb_page_id":"","fb_posts_number":"5","fb_app_id":"","fb_app_secret":"","twitts_text":"","twitts_number":"5","twitter_api_key":"","twitter_api_secret":"","twitter_token":"","twitter_token_secret":"","counter_text":"","counter_date":"","counter_time":"00:00","counter_btn_text":"","counter_btn_url":"","popup_text":"","popup_video_type":"youtube","popup_youtube_link":"","popup_vimeo_link":"","search_text":"Looking for something?","custom_content":"","slidein_text":"Slide-in","slidein_selector":"","slidein_number":"5","slidein_post_thumb":"1","slidein_post_date":"1","slidein_post_excerpt":"1","slidein_new_label":"1","slidein_display":"right","slidein_button_position":"bottom-right","slidein_to_show":"recent","slidein_feed":"","slidein_custom_posts":"","slidein_custom_post_types":"post","slidein_post_meta_key":"","slidein_post_meta_value":"","sp":[{"title":"","link":"","id":"","image":"","content":""}],"b_enabled":"","a_traffic":"50","b_traffic":"50","b_content_type":"button","b_basic_link_style":"link","b_basic_text":"","b_basic_link_text":"","b_basic_link_url":"","b_posts_text":"","b_posts_number":"5","b_posts_to_show":"recent","b_custom_posts":"","b_newsletter_text":"","b_newsletter_type":"fb","b_MailChimp_api_key":"","b_active_campaign_api_key":"","b_active_campaign_api_url":"","b_constant_contact_api_key":"","b_constant_contact_token":"","b_aweber":{"consumer_key":"","consumer_secret":"","access_key":"","access_secret":""},"b_aweber_code":"","b_getresponse_api_key":"","b_campaignmonitor_api_key":"","b_madmimi_username":"","b_madmimi_api_key":"","b_newsletter_fb_id":"","b_benchmark_username":"","b_benchmark_password":"","b_sendinblue_api_key":"","b_convertkit_api_key":"","b_drip_account_id":"","b_drip_api_key":"","b_newsletter_consent":"I consent to my submitted data being collected via this form*","b_newsletter_btn_text":"Subscribe","b_newsletter_success_text":"We will be in touch soon!","b_social_text":"","b_fb_text":"","b_fb_page_id":"","b_fb_posts_number":"5","b_fb_app_id":"","b_fb_app_secret":"","b_twitts_text":"","b_twitts_number":"5","b_twitter_api_key":"","b_twitter_api_secret":"","b_twitter_token":"","b_twitter_token_secret":"","b_counter_text":"","b_counter_date":"","b_counter_time":"00:00","b_counter_btn_text":"","b_counter_btn_url":"","b_popup_text":"","b_popup_video_type":"youtube","b_popup_youtube_link":"","b_popup_vimeo_link":"","b_search_text":"Looking for something?","b_custom_content":"","b_slidein_text":"","b_slidein_selector":"","b_slidein_number":"5","b_slidein_display":"right","b_slidein_button_position":"bottom-right","b_slidein_to_show":"recent","b_slidein_feed":"","b_slidein_custom_posts":"","b_slidein_custom_post_types":"post","b_slidein_post_meta_key":"","b_slidein_post_meta_value":"","b_sp":[{"title":"","link":"","id":"","image":"","content":""}],"bg_color":"#f7f7f7","txt_color":"#424242","link_color":"#4b63af","link_hover_color":"#dd3333","button_color":"#ffffff","button_bg_color":"#3071A9","font_size":"16","font_weight":"normal","line_height":"1.5","align":"left","conditions":{"location":{"state":"active","home":"1","custom_posts":""},"notlocation":{"state":"","custom_posts":""},"logged":{"state":""},"notlogged":{"state":""},"less":{"state":"","data":"1"},"after":{"state":"","data":"1"},"onmobile":{"state":""},"notonmobile":{"state":""},"referrer":{"state":""},"notreferrer":{"state":""},"utm":{"state":"","operator":"or","tags":[{"name":"utm_source","value":""},{"name":"utm_medium","value":""},{"name":"utm_term","value":""},{"name":"utm_content","value":""},{"name":"utm_campaign","value":""}]},"notutm":{"state":"","operator":"or","tags":[{"name":"utm_source","value":""},{"name":"utm_medium","value":""},{"name":"utm_term","value":""},{"name":"utm_content","value":""},{"name":"utm_campaign","value":""}]},"time":{"state":""},"nottime":{"state":""},"show_from_time":{"date":"","time":""},"show_to_time":{"date":"","time":""},"hide_from_time":{"date":"","time":""},"hide_to_time":{"date":"","time":""}}}},"referral":{"post_title":"Referral","_mtsnb_data":{"active_tab":"type","button":"no_button","close_icon":"","show_icon":"","initial_state":"opened","content_width":"1152","padding":"10","css_position":"fixed","screen_position":"top","animation":"","content_animation":"","content_type":"button","basic_link_style":"button","basic_text":"So You Came From The First Link eh!","basic_link_text":"Nice!","basic_link_url":"","posts_text":"","posts_number":"5","posts_to_show":"recent","custom_posts":"","newsletter_text":"","newsletter_type":"fb","MailChimp_api_key":"","active_campaign_api_key":"","active_campaign_api_url":"","constant_contact_api_key":"","constant_contact_token":"","aweber":{"consumer_key":"","consumer_secret":"","access_key":"","access_secret":""},"aweber_code":"","getresponse_api_key":"","campaignmonitor_api_key":"","madmimi_username":"","madmimi_api_key":"","newsletter_fb_id":"","newsletter_btn_text":"Subscribe","newsletter_success_text":"We will be in touch soon!","social_text":"","fb_text":"","fb_page_id":"","fb_posts_number":"5","fb_app_id":"","fb_app_secret":"","twitts_text":"","twitts_number":"5","twitter_api_key":"","twitter_api_secret":"","twitter_token":"","twitter_token_secret":"","counter_text":"","counter_date":"","counter_time":"00:00","counter_btn_text":"","counter_btn_url":"","popup_text":"","popup_video_type":"youtube","popup_youtube_link":"","popup_vimeo_link":"","search_text":"Looking for something?","custom_content":"","b_enabled":"","a_traffic":"35","b_traffic":"65","b_content_type":"button-b","b_basic_link_style":"link","b_basic_text":"","b_basic_link_text":"","b_basic_link_url":"","b_posts_text":"","b_posts_number":"5","b_posts_to_show":"recent","b_custom_posts":"","b_newsletter_text":"","b_newsletter_type":"fb","b_MailChimp_api_key":"","b_active_campaign_api_key":"","b_active_campaign_api_url":"","b_constant_contact_api_key":"","b_constant_contact_token":"","b_aweber":{"consumer_key":"","consumer_secret":"","access_key":"","access_secret":""},"b_aweber_code":"","b_getresponse_api_key":"","b_campaignmonitor_api_key":"","b_madmimi_username":"","b_madmimi_api_key":"","b_newsletter_fb_id":"","b_newsletter_btn_text":"Subscribe","b_newsletter_success_text":"We will be in touch soon!","b_social_text":"","b_fb_text":"","b_fb_page_id":"","b_fb_posts_number":"5","b_fb_app_id":"","b_fb_app_secret":"","b_twitts_text":"","b_twitts_number":"5","b_twitter_api_key":"","b_twitter_api_secret":"","b_twitter_token":"","b_twitter_token_secret":"","b_counter_text":"","b_counter_date":"","b_counter_time":"00:00","b_counter_btn_text":"","b_counter_btn_url":"","b_popup_text":"","b_popup_video_type":"youtube","b_popup_youtube_link":"","b_popup_vimeo_link":"","b_search_text":"Looking for something?","b_custom_content":"","bg_color":"#f3c500","txt_color":"#000000","link_color":"#d35151","link_hover_color":"#d35151","button_color":"#ffffff","button_bg_color":"#000000","font_size":"16","font_weight":"bold","line_height":"1.4","conditions":{"location":{"state":"active","posts":"1","custom_posts":"31"},"notlocation":{"state":"","custom_posts":""},"logged":{"state":""},"notlogged":{"state":""},"less":{"state":"","data":"1"},"after":{"state":"","data":"1"},"onmobile":{"state":""},"notonmobile":{"state":""},"referrer":{"state":"active","custom":"1","data":["demo.mythemeshop.com\/wp-notification-bar\/","demo.mythemeshop.com\/wp-notification-bar\/","demo.mythemeshop.com\/wp-notification-bar\/","demo.mythemeshop.com\/wp-notification-bar\/","demo.mythemeshop.com\/wp-notification-bar\/","demo.mythemeshop.com\/wp-notification-bar\/","demo.mythemeshop.com\/wp-notification-bar\/","demo.mythemeshop.com\/wp-notification-bar\/"]},"notreferrer":{"state":""},"utm":{"state":"","operator":"or","tags":[{"name":"utm_source","value":""},{"name":"utm_medium","value":""},{"name":"utm_term","value":""},{"name":"utm_content","value":""},{"name":"utm_campaign","value":""},{"name":"link","value":"first"}]},"notutm":{"state":"","operator":"or","tags":[{"name":"utm_source","value":""},{"name":"utm_medium","value":""},{"name":"utm_term","value":""},{"name":"utm_content","value":""},{"name":"utm_campaign","value":""}]},"time":{"state":""},"nottime":{"state":""},"show_from_time":{"date":"","time":""},"show_to_time":{"date":"","time":""},"hide_from_time":{"date":"","time":""},"hide_to_time":{"date":"","time":""}}}},"custom-notification-bar":{"post_title":"Custom Notification Bar","_mtsnb_data":{"active_tab":"general","button":"no_button","close_icon":"","show_icon":"","content_width":"1152","padding":"15","css_position":"fixed","content_type":"custom","basic_link_style":"link","basic_text":"","basic_link_text":"","basic_link_url":"","posts_text":"","posts_number":"5","posts_to_show":"recent","newsletter_text":"","newsletter_type":"fb","MailChimp_api_key":"","aweber":{"consumer_key":"","consumer_secret":"","access_key":"","access_secret":""},"aweber_code":"","getresponse_api_key":"","campaignmonitor_api_key":"","madmimi_username":"","madmimi_api_key":"","newsletter_fb_id":"","newsletter_btn_text":"Subscribe","newsletter_success_text":"We will be in touch soon!","social_text":"","fb_text":"","fb_page_id":"","fb_posts_number":"5","fb_app_id":"","fb_app_secret":"","twitts_text":"","twitts_number":"5","twitter_api_key":"","twitter_api_secret":"","twitter_token":"","twitter_token_secret":"","counter_text":"","counter_date":"","counter_time":"00:00","counter_btn_text":"","counter_btn_url":"","popup_text":"","popup_video_type":"youtube","popup_youtube_link":"","popup_vimeo_link":"","search_text":"Looking for something?","custom_content":"Welcome MyThemeShop user. You can check all the different demos & options panel screenshots on this demo website.","bg_color":"#d35151","txt_color":"#ffffff","link_color":"#fff500","link_hover_color":"#fff500","button_color":"#000000","button_bg_color":"#fff500","font_size":"16","font_weight":"bold","line_height":"1.4","shadow":"1","conditions":{"location":{"state":"active","pages":"1","custom_pages":["27"]},"notlocation":{"state":"","posts":"1","custom_posts":["17"]},"logged":{"state":""},"notlogged":{"state":""},"less":{"state":"","data":"1"},"onmobile":{"state":""},"notonmobile":{"state":""},"referrer":{"state":""},"notreferrer":{"state":""}}}},"search-form":{"post_title":"Search Form","_mtsnb_data":{"active_tab":"style","button":"toggle_button","close_icon":"search-minus","show_icon":"search","content_width":"1152","padding":"10","css_position":"fixed","content_type":"search","basic_link_style":"link","basic_text":"","basic_link_text":"","basic_link_url":"","posts_text":"","posts_number":"5","posts_to_show":"recent","newsletter_text":"","newsletter_type":"fb","MailChimp_api_key":"","aweber":{"consumer_key":"","consumer_secret":"","access_key":"","access_secret":""},"aweber_code":"","getresponse_api_key":"","campaignmonitor_api_key":"","madmimi_username":"","madmimi_api_key":"","newsletter_fb_id":"","newsletter_btn_text":"Subscribe","newsletter_success_text":"We will be in touch soon!","social_text":"","fb_text":"","fb_page_id":"","fb_posts_number":"5","fb_app_id":"","fb_app_secret":"","twitts_text":"","twitts_number":"5","twitter_api_key":"","twitter_api_secret":"","twitter_token":"","twitter_token_secret":"","counter_text":"","counter_date":"","counter_time":"00:00","counter_btn_text":"","counter_btn_url":"","popup_text":"","popup_video_type":"youtube","popup_youtube_link":"","popup_vimeo_link":"","search_text":"Looking for something?","custom_content":"","bg_color":"#fde3a7","txt_color":"#000000","link_color":"#d35151","link_hover_color":"#d35151","button_color":"#ffffff","button_bg_color":"#000000","font_size":"14","font_weight":"normal","line_height":"1.4","conditions":{"location":{"state":"active","posts":"1","custom_posts":["26"]},"notlocation":{"state":""},"logged":{"state":""},"notlogged":{"state":""},"less":{"state":"","data":"1"},"onmobile":{"state":""},"notonmobile":{"state":""},"referrer":{"state":""},"notreferrer":{"state":""}}}},"popup-video":{"post_title":"Popup Video","_mtsnb_data":{"active_tab":"style","button":"toggle_button","close_icon":"vimeo-square","show_icon":"video-camera","content_width":"1152","padding":"15","css_position":"absolute","content_type":"popup","basic_link_style":"link","basic_text":"","basic_link_text":"","basic_link_url":"","posts_text":"","posts_number":"5","posts_to_show":"recent","newsletter_text":"","newsletter_type":"fb","MailChimp_api_key":"","aweber":{"consumer_key":"","consumer_secret":"","access_key":"","access_secret":""},"aweber_code":"","getresponse_api_key":"","campaignmonitor_api_key":"","madmimi_username":"","madmimi_api_key":"","newsletter_fb_id":"","newsletter_btn_text":"Subscribe","newsletter_success_text":"We will be in touch soon!","social_text":"","fb_text":"","fb_page_id":"","fb_posts_number":"5","fb_app_id":"","fb_app_secret":"","twitts_text":"","twitts_number":"5","twitter_api_key":"","twitter_api_secret":"","twitter_token":"","twitter_token_secret":"","counter_text":"","counter_date":"","counter_time":"00:00","counter_btn_text":"","counter_btn_url":"","popup_text":"MyThemeShop Responsive Video - Click HERE","popup_video_type":"vimeo","popup_youtube_link":"","popup_vimeo_link":"https:\/\/vimeo.com\/116641088","search_text":"Looking for something?","custom_content":"","bg_color":"#be90d4","txt_color":"#ffffff","link_color":"#ffffff","link_hover_color":"#ffffff","button_color":"#000000","button_bg_color":"#ffffff","font_size":"16","font_weight":"bold","line_height":"1.4","conditions":{"location":{"state":"active","posts":"1","custom_posts":["25"]},"notlocation":{"state":""},"logged":{"state":""},"notlogged":{"state":""},"less":{"state":"","data":"1"},"onmobile":{"state":""},"notonmobile":{"state":""},"referrer":{"state":""},"notreferrer":{"state":""}}}},"countdown-timer":{"post_title":"Countdown Timer","_mtsnb_data":{"active_tab":"general","button":"no_button","close_icon":"","show_icon":"","content_width":"1152","padding":"10","css_position":"absolute","content_type":"countdown","basic_link_style":"link","basic_text":"","basic_link_text":"","basic_link_url":"","posts_text":"","posts_number":"5","posts_to_show":"recent","newsletter_text":"","newsletter_type":"fb","MailChimp_api_key":"","aweber":{"consumer_key":"","consumer_secret":"","access_key":"","access_secret":""},"aweber_code":"","getresponse_api_key":"","campaignmonitor_api_key":"","madmimi_username":"","madmimi_api_key":"","newsletter_fb_id":"","newsletter_btn_text":"Subscribe","newsletter_success_text":"We will be in touch soon!","social_text":"","fb_text":"","fb_page_id":"","fb_posts_number":"5","fb_app_id":"","fb_app_secret":"","twitts_text":"","twitts_number":"5","twitter_api_key":"","twitter_api_secret":"","twitter_token":"","twitter_token_secret":"","counter_text":"Purchase Before You Lose Another Visitor Which Could Be Your Customer","counter_date":"12\/30\/2019","counter_time":"01:05","counter_btn_text":"Grab Your Plugin Now!","counter_btn_url":"https:\/\/mythemeshop.com\/plugins\/wp-notification-bar\/","popup_text":"","popup_video_type":"youtube","popup_youtube_link":"","popup_vimeo_link":"","search_text":"Looking for something?","custom_content":"","bg_color":"#d35400","txt_color":"#ffffff","link_color":"#ffd800","link_hover_color":"#ffd800","button_color":"#000000","button_bg_color":"#ffd800","font_size":"14","font_weight":"normal","line_height":"1.4","conditions":{"location":{"state":"active","posts":"1","custom_posts":["24"]},"notlocation":{"state":""},"logged":{"state":""},"notlogged":{"state":""},"less":{"state":"","data":"1"},"onmobile":{"state":""},"notonmobile":{"state":""},"referrer":{"state":""},"notreferrer":{"state":""}}}},"twitter-feeds":{"post_title":"Twitter Feeds","_mtsnb_data":{"active_tab":"style","button":"toggle_button","close_icon":"twitter-square","show_icon":"twitter","content_width":"1152","padding":"10","css_position":"absolute","content_type":"twitter","basic_link_style":"link","basic_text":"","basic_link_text":"","basic_link_url":"","posts_text":"","posts_number":"5","posts_to_show":"recent","newsletter_text":"","newsletter_type":"fb","MailChimp_api_key":"","aweber":{"consumer_key":"","consumer_secret":"","access_key":"","access_secret":""},"aweber_code":"","getresponse_api_key":"","campaignmonitor_api_key":"","madmimi_username":"","madmimi_api_key":"","newsletter_fb_id":"","newsletter_btn_text":"Subscribe","newsletter_success_text":"We will be in touch soon!","social_text":"","fb_text":"","fb_page_id":"","fb_posts_number":"5","fb_app_id":"","fb_app_secret":"","twitts_text":"","twitts_number":"5","twitter_api_key":"QJmkn7PJ5NGUIddjNFKb3c7mP","twitter_api_secret":"TirYmGcpdpklNvoW1i2dkxzZf1JGdA9WLlk7czUghTEvLuGrnX","twitter_token":"220039502-jyOhZ8jCocsxvPwaFM3o2KJt0yciy26MquDYkIqz","twitter_token_secret":"ZGzzGuFPzUW5efnRsOLGqFpjQy1XFlrmZSmCR8kDK8X2B","counter_text":"","counter_date":"","counter_time":"00:00","counter_btn_text":"","counter_btn_url":"","popup_text":"","popup_video_type":"youtube","popup_youtube_link":"","popup_vimeo_link":"","search_text":"Looking for something?","custom_content":"","bg_color":"#f39c12","txt_color":"#ffffff","link_color":"#f5ff00","link_hover_color":"#f5ff00","button_color":"#000000","button_bg_color":"#f5ff00","font_size":"14","font_weight":"normal","line_height":"1.4","conditions":{"location":{"state":"active","posts":"1","custom_posts":["23"]},"notlocation":{"state":""},"logged":{"state":""},"notlogged":{"state":""},"less":{"state":"","data":"1"},"onmobile":{"state":""},"notonmobile":{"state":""},"referrer":{"state":""},"notreferrer":{"state":""}}}},"facebook's-feeds":{"post_title":"Facebook's Feeds","_mtsnb_data":{"active_tab":"general","button":"toggle_button","close_icon":"arrow-circle-o-up","show_icon":"arrow-circle-o-down","content_width":"1132","padding":"10","css_position":"absolute","content_type":"facebook","basic_link_style":"link","basic_text":"","basic_link_text":"","basic_link_url":"","posts_text":"","posts_number":"5","posts_to_show":"recent","newsletter_text":"","newsletter_type":"fb","MailChimp_api_key":"","aweber":{"consumer_key":"","consumer_secret":"","access_key":"","access_secret":""},"aweber_code":"","getresponse_api_key":"","campaignmonitor_api_key":"","madmimi_username":"","madmimi_api_key":"","newsletter_fb_id":"","newsletter_btn_text":"Subscribe","newsletter_success_text":"We will be in touch soon!","social_text":"","fb_text":"Facebook Page Feeds","fb_page_id":"219675898134490","fb_posts_number":"5","fb_app_id":"465122843615952","fb_app_secret":"3c5aa0e1768620ab269903e5562d3c50","twitts_text":"","twitts_number":"5","twitter_api_key":"","twitter_api_secret":"","twitter_token":"","twitter_token_secret":"","counter_text":"","counter_date":"","counter_time":"00:00","counter_btn_text":"","counter_btn_url":"","popup_text":"","popup_video_type":"youtube","popup_youtube_link":"","popup_vimeo_link":"","search_text":"Looking for something?","custom_content":"","bg_color":"#34495e","txt_color":"#ffffff","link_color":"#ffa000","link_hover_color":"#ffa000","button_color":"#000000","button_bg_color":"#ffa000","font_size":"14","font_weight":"normal","line_height":"1.4","shadow":"1","conditions":{"location":{"state":"active","posts":"1","custom_posts":["22"]},"notlocation":{"state":""},"logged":{"state":""},"notlogged":{"state":""},"less":{"state":"","data":"1"},"onmobile":{"state":""},"notonmobile":{"state":""},"referrer":{"state":""},"notreferrer":{"state":""}}}},"social-media-icons":{"post_title":"Social Media Icons","_mtsnb_data":{"active_tab":"style","button":"close_button","close_icon":"power-off","show_icon":"","content_width":"1152","padding":"10","css_position":"absolute","content_type":"social","basic_link_style":"link","basic_text":"","basic_link_text":"","basic_link_url":"","posts_text":"","posts_number":"5","posts_to_show":"recent","newsletter_text":"","newsletter_type":"fb","MailChimp_api_key":"","aweber":{"consumer_key":"","consumer_secret":"","access_key":"","access_secret":""},"aweber_code":"","getresponse_api_key":"","campaignmonitor_api_key":"","madmimi_username":"","madmimi_api_key":"","newsletter_fb_id":"","newsletter_btn_text":"Subscribe","newsletter_success_text":"We will be in touch soon!","social_text":"Connect With Us","social":[{"type":"fa-facebook","url":"https:\/\/www.facebook.com\/MyThemeShop"},{"type":"fa-twitter","url":"https:\/\/twitter.com\/mythemeshopteam"},{"type":"fa-google-plus","url":"https:\/\/plus.google.com\/u\/0\/+Mythemeshop"},{"type":"fa-delicious","url":"https:\/\/mythemeshop.com\/"},{"type":"fa-digg","url":"https:\/\/mythemeshop.com\/"},{"type":"fa-dribbble","url":"https:\/\/mythemeshop.com\/"},{"type":"fa-flickr","url":"https:\/\/mythemeshop.com\/"},{"type":"fa-foursquare","url":"https:\/\/mythemeshop.com\/"},{"type":"fa-linkedin","url":"https:\/\/mythemeshop.com\/"},{"type":"fa-instagram","url":"https:\/\/mythemeshop.com\/"},{"type":"fa-pinterest","url":"https:\/\/mythemeshop.com\/"},{"type":"fa-reddit","url":"https:\/\/mythemeshop.com\/"},{"type":"fa-tumblr","url":"https:\/\/mythemeshop.com\/"},{"type":"fa-twitch","url":"https:\/\/mythemeshop.com\/"},{"type":"fa-vine","url":"https:\/\/mythemeshop.com\/"},{"type":"fa-yelp","url":"https:\/\/mythemeshop.com\/"},{"type":"fa-github","url":"https:\/\/github.com\/MyThemeShop\/"},{"type":"fa-youtube","url":"https:\/\/www.youtube.com\/user\/MyThemeShopTube"}],"fb_text":"","fb_page_id":"","fb_posts_number":"5","fb_app_id":"","fb_app_secret":"","twitts_text":"","twitts_number":"5","twitter_api_key":"","twitter_api_secret":"","twitter_token":"","twitter_token_secret":"","counter_text":"","counter_date":"","counter_time":"00:00","counter_btn_text":"","counter_btn_url":"","popup_text":"","popup_video_type":"youtube","popup_youtube_link":"","popup_vimeo_link":"","search_text":"Looking for something?","custom_content":"","bg_color":"#9b59b6","txt_color":"#ffffff","link_color":"#ffa000","link_hover_color":"#ffa000","button_color":"#000000","button_bg_color":"#ffa000","font_size":"15","font_weight":"bold","line_height":"1.4","conditions":{"location":{"state":"active","posts":"1","custom_posts":["21"]},"notlocation":{"state":""},"logged":{"state":""},"notlogged":{"state":""},"less":{"state":"","data":"1"},"onmobile":{"state":""},"notonmobile":{"state":""},"referrer":{"state":""},"notreferrer":{"state":""}}}},"newsletter-with-no-close-button":{"post_title":"Newsletter With No Close Button","_mtsnb_data":{"active_tab":"general","button":"no_button","close_icon":"","show_icon":"","content_width":"1150","padding":"10","css_position":"fixed","content_type":"newsletter","basic_link_style":"link","basic_text":"","basic_link_text":"","basic_link_url":"","posts_text":"","posts_number":"5","posts_to_show":"recent","newsletter_text":"Signup To Get Access to 17 Free Themes & Plugins","newsletter_type":"campaignmonitor","newsletter_name":"1","MailChimp_api_key":"","aweber":{"consumer_key":"","consumer_secret":"","access_key":"","access_secret":""},"aweber_code":"","getresponse_api_key":"","campaignmonitor_api_key":"","campaignmonitor_client":"","campaignmonitor_list":"","madmimi_username":"","madmimi_api_key":"","newsletter_fb_id":"","newsletter_btn_text":"ACCESS NOW","newsletter_success_text":"We will be in touch soon!","social_text":"","fb_text":"","fb_page_id":"","fb_posts_number":"5","fb_app_id":"","fb_app_secret":"","twitts_text":"","twitts_number":"5","twitter_api_key":"","twitter_api_secret":"","twitter_token":"","twitter_token_secret":"","counter_text":"","counter_date":"","counter_time":"00:00","counter_btn_text":"","counter_btn_url":"","popup_text":"","popup_video_type":"youtube","popup_youtube_link":"","popup_vimeo_link":"","search_text":"Looking for something?","custom_content":"","bg_color":"#3498db","txt_color":"#ffffff","link_color":"#ffa000","link_hover_color":"#ffa000","button_color":"#000000","button_bg_color":"#ffa000","font_size":"14","font_weight":"normal","line_height":"1.4","conditions":{"location":{"state":"active","posts":"1","custom_posts":["20"]},"notlocation":{"state":""},"logged":{"state":""},"notlogged":{"state":""},"less":{"state":"","data":"1"},"onmobile":{"state":""},"notonmobile":{"state":""},"referrer":{"state":""},"notreferrer":{"state":""}}}},"show-any-posts-you-like":{"post_title":"Show Any Posts You Like","_mtsnb_data":{"active_tab":"type","button":"toggle_button","close_icon":"heart","show_icon":"heart-o","content_width":"960","padding":"10","css_position":"absolute","content_type":"posts","basic_link_style":"link","basic_text":"","basic_link_text":"","basic_link_url":"","posts_text":"","posts_number":"5","posts_to_show":"recent","newsletter_text":"","newsletter_type":"fb","MailChimp_api_key":"","aweber":{"consumer_key":"","consumer_secret":"","access_key":"","access_secret":""},"aweber_code":"","getresponse_api_key":"","campaignmonitor_api_key":"","madmimi_username":"","madmimi_api_key":"","newsletter_fb_id":"","newsletter_btn_text":"Subscribe","newsletter_success_text":"We will be in touch soon!","social_text":"","fb_text":"","fb_page_id":"","fb_posts_number":"5","fb_app_id":"","fb_app_secret":"","twitts_text":"","twitts_number":"5","twitter_api_key":"","twitter_api_secret":"","twitter_token":"","twitter_token_secret":"","counter_text":"","counter_date":"","counter_time":"00:00","counter_btn_text":"","counter_btn_url":"","popup_text":"","popup_video_type":"youtube","popup_youtube_link":"","popup_vimeo_link":"","search_text":"Looking for something?","custom_content":"","bg_color":"#1abc9c","txt_color":"#ffffff","link_color":"#fff500","link_hover_color":"#fff500","button_color":"#000000","button_bg_color":"#fff500","font_size":"16","font_weight":"bold","line_height":"1.4","conditions":{"location":{"state":"active","posts":"1","custom_posts":["18"]},"notlocation":{"state":""},"logged":{"state":""},"notlogged":{"state":""},"less":{"state":"","data":"1"},"onmobile":{"state":""},"notonmobile":{"state":""},"referrer":{"state":""},"notreferrer":{"state":""}}}},"text-and-link-button":{"post_title":"Text and Link Button","_mtsnb_data":{"active_tab":"type","button":"close_button","close_icon":"times","show_icon":"check","initial_state":"opened","content_width":"1152","padding":"10","css_position":"fixed","screen_position":"top","animation":"","content_animation":"","content_type":"button","basic_link_style":"button","basic_text":"Engage Your Visitors With WP Notification Bar","basic_link_text":"Click Here","basic_link_url":"https:\/\/mythemeshop.com\/plugins\/wp-notification-bar\/","posts_text":"","posts_number":"5","posts_to_show":"recent","custom_posts":"","newsletter_text":"","newsletter_type":"fb","MailChimp_api_key":"","active_campaign_api_key":"","active_campaign_api_url":"","constant_contact_api_key":"","constant_contact_token":"","aweber":{"consumer_key":"","consumer_secret":"","access_key":"","access_secret":""},"aweber_code":"","getresponse_api_key":"","campaignmonitor_api_key":"","madmimi_username":"","madmimi_api_key":"","newsletter_fb_id":"","newsletter_btn_text":"Subscribe","newsletter_success_text":"We will be in touch soon!","social_text":"","fb_text":"","fb_page_id":"","fb_posts_number":"5","fb_app_id":"","fb_app_secret":"","twitts_text":"","twitts_number":"5","twitter_api_key":"","twitter_api_secret":"","twitter_token":"","twitter_token_secret":"","counter_text":"","counter_date":"05\/01\/2015","counter_time":"00:00","counter_btn_text":"","counter_btn_url":"","popup_text":"Test","popup_video_type":"youtube","popup_youtube_link":"https:\/\/www.youtube.com\/watch?v=-dKV6L1PlL4","popup_vimeo_link":"","search_text":"Looking for something?","custom_content":"","b_enabled":"","a_traffic":"50","b_traffic":"50","b_content_type":"custom-b","b_basic_link_style":"link","b_basic_text":"","b_basic_link_text":"","b_basic_link_url":"","b_posts_text":"","b_posts_number":"5","b_posts_to_show":"recent","b_custom_posts":"","b_newsletter_text":"","b_newsletter_type":"fb","b_MailChimp_api_key":"","b_active_campaign_api_key":"","b_active_campaign_api_url":"","b_constant_contact_api_key":"","b_constant_contact_token":"","b_aweber":{"consumer_key":"","consumer_secret":"","access_key":"","access_secret":""},"b_aweber_code":"","b_getresponse_api_key":"","b_campaignmonitor_api_key":"","b_madmimi_username":"","b_madmimi_api_key":"","b_newsletter_fb_id":"","b_newsletter_btn_text":"Subscribe","b_newsletter_success_text":"We will be in touch soon!","b_social_text":"","b_fb_text":"","b_fb_page_id":"","b_fb_posts_number":"5","b_fb_app_id":"","b_fb_app_secret":"","b_twitts_text":"","b_twitts_number":"5","b_twitter_api_key":"","b_twitter_api_secret":"","b_twitter_token":"","b_twitter_token_secret":"","b_counter_text":"","b_counter_date":"","b_counter_time":"00:00","b_counter_btn_text":"","b_counter_btn_url":"","b_popup_text":"","b_popup_video_type":"youtube","b_popup_youtube_link":"","b_popup_vimeo_link":"","b_search_text":"Looking for something?","b_custom_content":"This is test split content...","bg_color":"#ffffff","txt_color":"#000000","link_color":"#ffa000","link_hover_color":"#ffa000","button_color":"#000000","button_bg_color":"#ffa000","font_size":"15","font_weight":"bolder","line_height":"1.4","conditions":{"location":{"state":"active","posts":"1","custom_posts":"17"},"notlocation":{"state":"","custom_posts":""},"logged":{"state":""},"notlogged":{"state":""},"less":{"state":"","data":"1"},"after":{"state":"","data":"1"},"onmobile":{"state":""},"notonmobile":{"state":""},"referrer":{"state":""},"notreferrer":{"state":""},"utm":{"state":"","operator":"or","tags":[{"name":"utm_source","value":""},{"name":"utm_medium","value":""},{"name":"utm_term","value":""},{"name":"utm_content","value":""},{"name":"utm_campaign","value":""}]},"notutm":{"state":"","operator":"or","tags":[{"name":"utm_source","value":""},{"name":"utm_medium","value":""},{"name":"utm_term","value":""},{"name":"utm_content","value":""},{"name":"utm_campaign","value":""}]},"time":{"state":""},"nottime":{"state":""},"show_from_time":{"date":"","time":""},"show_to_time":{"date":"","time":""},"hide_from_time":{"date":"","time":""},"hide_to_time":{"date":"","time":""}}}}}