{"sidebar":{"mts_ad_300_widget-2":{"title":"","ad":"http:\/\/demo.mythemeshop.com\/sociallyviral\/files\/2015\/11\/300x250.jpg","link":"http:\/\/mythemeshop.com\/themes\/sociallyviral\/"},"facebook-like-widget-2":{"title":"Find us on Facebook","page_url":"https:\/\/www.facebook.com\/MyThemeShop","width":"300","color_scheme":"light","show_faces":"on","show_stream":null,"show_header":"on"},"mts_popular_posts_widget-2":{"title":"Popular Posts","qty":5,"title_length":7,"comment_num":1,"date":1,"days":9999,"show_thumb3":1,"box_layout":"vertical-small","show_excerpt":0,"excerpt_length":10},"wp_subscribe-3":{"service":"feedburner","feedburner_id":"","mailchimp_api_key":"","mailchimp_list_id":"","aweber_list_id":"","text":"Subscribe to our mailing list and get interesting stuff and updates to your email inbox.","email_placeholder":"Enter your email here","button_text":"Sign Up Now","success_message":"Thank you for subscribing.","error_message":"Something went wrong.","already_subscribed_message":"This email is already subscribed","footer_text":"we respect your privacy and take protecting it seriously","title":"Get more stuff","mailchimp_double_optin":"0"}},"widget-home":{"wp_subscribe-2":{"service":"feedburner","feedburner_id":"","mailchimp_api_key":"","mailchimp_list_id":"","aweber_list_id":"","text":"Subscribe to our mailing list and get interesting stuff and updates to your email inbox.","email_placeholder":"Enter your email here","button_text":"Sign Up Now","success_message":"Thank you for subscribing.","error_message":"Something went wrong.","already_subscribed_message":"This email is already subscribed","footer_text":"we respect your privacy and take protecting it seriously","mailchimp_double_optin":"0","title":"Get more stuff like this<br\/> <span>in your inbox<\/span>"}},"shop-sidebar":{"woocommerce_product_search-2":{"title":""},"woocommerce_price_filter-2":{"title":"Filter by price"},"woocommerce_product_categories-2":{"title":"Product Categories","orderby":"name","dropdown":0,"count":0,"hierarchical":1,"show_children_only":0,"hide_empty":0},"woocommerce_top_rated_products-2":{"title":"Top Rated Products","number":5},"mts_ad_widget-2":{"title":"Our Sponsors","ad1":"http:\/\/demo.mythemeshop.com\/sociallyviral\/wp-content\/themes\/mts_sociallyviral\/images\/125x125.png","ad2":"http:\/\/demo.mythemeshop.com\/sociallyviral\/wp-content\/themes\/mts_sociallyviral\/images\/125x125.png","ad3":"","ad4":"","ad5":"","ad6":"","link1":"http:\/\/mythemeshop.com\/","link2":"http:\/\/mythemeshop.com\/","link3":"","link4":"","link5":"","link6":"","random":0}},"product-sidebar":{"woocommerce_top_rated_products-3":{"title":"Top Rated Products","number":5},"woocommerce_recently_viewed_products-2":{"title":"Recently Viewed Products","number":10}}}