{"sidebar":{"search-2":{"title":""},"mts_popular_posts_widget-2":{"title":"Popular Posts","qty":3,"title_length":7,"comment_num":1,"date":1,"days":99999,"show_thumb3":1,"box_layout":"horizontal-small","show_excerpt":0,"excerpt_length":10},"wpt_widget-2":{"tabs":{"popular":"1","recent":"1","comments":"1","tags":"1"},"tab_order":{"popular":"1","recent":"2","comments":"3","tags":"4"},"allow_pagination":"1","post_num":"3","comment_num":"3","show_thumb":"1","thumb_size":"small","show_date":"1","show_excerpt":null,"excerpt_length":"10","show_comment_num":null,"show_avatar":"1","title_length":"15","show_love":null},"tag_cloud-2":{"title":"","taxonomy":"post_tag"}},"footer-top":{"mts_recent_posts_widget-2":{"title":"Recent Posts","qty":2,"title_length":7,"comment_num":1,"date":1,"show_thumb2":1,"box_layout":"horizontal-small","show_excerpt":0,"excerpt_length":10}},"footer-top-2":{"text-2":{"title":"Text Widget","text":"Lorem ipsum dolor sit amet, consectetur adipiscing elit. Non enim quaero quid verum, consectetur adipiscing elit. Non enim quaero quid verum, sedLorem ipsum dolor sit amet, consectetur adipiscing elit. Non enim <a href=\"#\">quaero<\/a> quid verum, sed.","filter":false}},"footer-top-3":{"recent-posts-2":{"title":"","number":3,"show_date":false}},"footer-top-4":{"social-profile-icons-2":{"title":"Connect With Us","facebook":"#","behance":"","flickr":"#","gplus":"#","pinterest":"#","instagram":"#","dribbble":"#","linkedin":"#","soundcloud":"","twitter":"#","vimeo":"#","stumbleupon":"","tumblr":"#","github":"#","youtube":"#","foursquare":"","reddit":"","dropbox":"","skype":"","email":"#","rss":"#"}},"shop-sidebar":{"woocommerce_product_search-2":{"title":"Search Products"},"woocommerce_price_filter-2":{"title":"Filter by price"},"woocommerce_top_rated_products-2":{"title":"Top Rated Products","number":"3"},"woocommerce_recent_reviews-2":{"title":"Recent Reviews","number":"3"}},"product-sidebar":{"woocommerce_products-2":{"title":"New Arrivals","number":"3","show":"","orderby":"date","order":"desc","hide_free":0,"show_hidden":0},"woocommerce_recently_viewed_products-2":{"title":"Recently Viewed","number":"3"}}}