{"sidebar-1":{"search-2":{"title":""},"tab-2":{"popular_post_num":"5","recent_post_num":"5"},"mts_ad_300_widget-2":{"title":"","ad":"http:\/\/s3.buysellads.com\/1268441\/125113-1346592671.png","link":"http:\/\/mythemeshop.com\/"},"advanced-recent-posts-4":{"title":"","count":"4","include_post_thumbnail":"false","include_post_excerpt":"false","truncate_post_title":"","truncate_post_title_type":"char","truncate_post_excerpt":"","truncate_post_excerpt_type":"char","truncate_elipsis":"...","post_thumbnail_width":"","post_thumbnail_height":"","widget_output_template":null,"show_expert_options":"true"},"facebook-like-widget-2":{"title":"Find us on Facebook","page_url":"http:\/\/www.facebook.com\/MyThemeShop","width":"292","color_scheme":"light","show_faces":"on","show_stream":null,"show_header":null}},"footer-1":{"text-2":{"title":"Lorem ipsum dolor","text":"Lorem ipsum dolor sit amet, consectetur adipiscing elit. Vestibulum malesuada, nibh quis egestas pellentesque, dui neque sagittis nisl, eget malesuada nunc felis sed augue.","filter":false}},"footer-2":{"categoryposts-2":{"title":"","cat":"32","num":"2","sort_by":"date","thumb":"on","asc_sort_order":null,"title_link":null,"comment_num":null,"date":null}},"footer-3":{"mts_subscribe_widget-2":{"title":"","desc":""},"social-profile-icons-2":{"title":"","dribbble":"#","email":"","facebook":"#","gplus":"#","linkedin":"#","pinterest":"#","rss":"#","stumbleupon":"#","twitter":"#","youtube":"#","flickr":"","lastfm":"#","tumblr":"#","vimeo":"#"}},"header-banner":{"text-3":{"title":"","text":"<img src=\"http:\/\/demo.mythemeshop.com\/top\/files\/2012\/05\/103642-1335226181.png\">","filter":false}}}