{"sidebar-1":{"social-profile-icons-3":{"title":"Follow Us","dribbble":"#","email":"#","facebook":"#","gplus":"#","linkedin":"#","pinterest":"#","rss":"#","stumbleupon":"#","twitter":"#","youtube":"#","flickr":"","instagram":"","tumblr":"","vimeo":"#","behance":"#","foursquare":"#","reddit":"#"},"single_category_posts_widget-2":{"title":"Featured Category","cat":38,"qty":3,"comment_num":1,"date":1,"show_thumb1":1,"show_excerpt":0,"excerpt_length":10},"facebook-like-widget-2":{"title":"Find us on Facebook","page_url":"https:\/\/www.facebook.com\/MyThemeShop","width":"292","color_scheme":"light","show_faces":"on","show_stream":null,"show_header":null},"mts_ad_widget-3":{"title":"Our Sponsors","ad1":"http:\/\/demo.mythemeshop.com\/pinstagram\/wp-content\/themes\/pinstagram\/images\/125x125.png","ad2":"http:\/\/demo.mythemeshop.com\/pinstagram\/wp-content\/themes\/pinstagram\/images\/125x125.png","ad3":"","ad4":"","ad5":"","ad6":"","link1":"http:\/\/mythemeshop.com\/","link2":"http:\/\/mythemeshop.com\/","link3":"","link4":"","link5":"","link6":"","random":null},"tab-2":{"popular_post_num":"3","recent_post_num":"3","show_thumb4":"1","show_thumb5":"1","date1":"1","date2":"1","comment_num1":"1","comment_num2":"1"},"text-3":{"title":"Subscribe","text":"Lorem ipsum dolor sit amet, consectetuer adipiscing elit. Curabitur quam augue","filter":false},"mts_subscribe_widget-2":{"title":"","desc":""},"mts_ad_300_widget-3":{"title":"","ad":"http:\/\/demo.mythemeshop.com\/pinstagram\/wp-content\/themes\/pinstagram\/images\/300x250.png","link":"http:\/\/mythemeshop.com\/"}},"footer-1":{"text-2":{"title":"Lorem ipsum","text":"Lorem ipsum dolor sit amet, consectetuer adipiscing elit. Curabitur quam augue, vehicula quis, tincidunt vel, varius vitae, nulla. Sed convallis orci. Duis libero orci, pretium a, convallis quis, pellentesque a, dolor. Curabitur vitae nisi non dolor vestibulum consequat. Nascetur, vel massa enim lundium nec in, phasellus vel","filter":false},"search-2":{"title":""}},"footer-2":{"mts_widget_recent_tweets-2":{"title":"Latest Tweets","consumerkey":"uALGWYZANMHuIz8SnJx6A","consumersecret":"h85rBBN1C54EDAlKM06itZho1EKfkB9xsJThMwE","accesstoken":"28959960-PSRUVP19F74YJ8F1rYSs6cnjaqxPqwxyBv68I0vF9","accesstokensecret":"kCTN92q50F8MnIUmi4hbanYbChTmuJJp5K3e3aUGA","cachetime":"34","username":"mythemeshopteam","tweetstoshow":"1"},"tag_cloud-2":{"title":"","taxonomy":"post_tag"}},"footer-3":{"mts_poluar_posts_widget-2":{"title":"Popular Posts","qty":3,"comment_num":1,"date":1,"days":999999,"show_thumb3":1,"show_excerpt":0,"excerpt_length":10}}}