{"sidebar-1":{"search-2":{"title":""},"tab-2":{"popular_post_num":"3","recent_post_num":"3","show_thumb4":"1","show_thumb5":"1","date1":"1","date2":"1","comment_num1":"1","comment_num2":"1"},"mts_ad_300_widget-2":{"title":"Sponsor","ad":"http:\/\/s3.buysellads.com\/1268441\/125113-1346592671.png","link":"http:\/\/mythemeshop.com\/"},"single_category_posts_widget-2":{"title":"Featured Category","cat":299,"qty":3,"comment_num":1,"date":1,"show_thumb1":1,"show_excerpt":0,"excerpt_length":10},"facebook-like-widget-2":{"title":"Find us on Facebook","page_url":"http:\/\/www.facebook.com\/MyThemeShop","width":"292","color_scheme":"light","show_faces":"on","show_stream":null,"show_header":null}},"widget-header":{"mts_ad_728_widget-2":{"title":"","ad":"http:\/\/demo.mythemeshop.com\/top\/files\/2012\/05\/103642-1335226181.png","link":"#"}},"footer-1":{"mts_recent_posts_widget-2":{"title":"Recent Posts","qty":3,"comment_num":1,"date":1,"show_thumb2":1,"show_excerpt":0,"excerpt_length":10}},"footer-2":{"text-4":{"title":"Lorem ipsum","text":"Lorem ipsum dolor sit amet, consectetur adipiscing elit. Integer nec odio. Praesent libero. Sed cursus ante dapibus diam. Sed nisi. Nulla quis sem at nibh elementum imperdiet.","filter":false},"tag_cloud-2":{"title":"","taxonomy":"post_tag"}},"footer-3":{"social-profile-icons-2":{"title":"Connect With Us","dribbble":"#","email":"#","facebook":"#","gplus":"#","linkedin":"#","pinterest":"#","rss":"#","stumbleupon":"#","twitter":"#","youtube":"#","flickr":"#","lastfm":"#","tumblr":"#","vimeo":"#"},"mts_subscribe_widget-2":{"title":"","desc":"mythemeshop"}}}