{"reader":{"last_tab":"main","mts_logo":"3411","mts_favicon":"","mts_touch_icon":"","mts_metro_icon":"","mts_twitter_username":"","mts_feedburner":"","mts_ajax_search":"0","mts_responsive":"1","mts_shop_products":"9","async_js":"1","remove_ver_params":"1","disable_emojis":"0","prefetching":"0","primary_color_scheme":"#5ce2c7","mts_layout":"cslayout","mts_background":{"color":"#ffffff","use":"pattern","image_pattern":"nobg","image_upload":"","repeat":"repeat","attachment":"scroll","position":"left top","size":"cover","gradient":{"from":"#ffffff","to":"#000000","direction":"0deg"},"parallax":"0"},"header_styles":"header-default","header_social_icons":[{"group_title":"Twitter","group_sort":"1","header_icon_title":"Twitter","header_icon":"twitter","header_icon_link":"#","header_icon_bgcolor":"#5ce2c7","header_icon_hover_bgcolor":"#383b34","header_icon_color":"#ffffff","header_icon_hover_color":"#ffffff","header_icon_margin":{"top":"0","right":"0","bottom":"0","left":"5px"},"header_icon_padding":{"top":"11px","right":"11px","bottom":"11px","left":"11px"},"header_icon_border":{"color":"","direction":"all","size":"","style":"none"},"header_icon_border_radius":"3"},{"group_title":"Instagram","group_sort":"2","header_icon_title":"Instagram","header_icon":"instagram","header_icon_link":"#","header_icon_bgcolor":"#5ce2c7","header_icon_hover_bgcolor":"#383b34","header_icon_color":"#ffffff","header_icon_hover_color":"#ffffff","header_icon_margin":{"top":"0","right":"0","bottom":"0","left":"5px"},"header_icon_padding":{"top":"11px","right":"11px","bottom":"11px","left":"11px"},"header_icon_border":{"color":"","direction":"all","size":"","style":"none"},"header_icon_border_radius":"3"},{"group_title":"Facebook","group_sort":"3","header_icon_title":"Facebook","header_icon":"facebook-official","header_icon_link":"#","header_icon_bgcolor":"#5ce2c7","header_icon_hover_bgcolor":"#383b34","header_icon_color":"#ffffff","header_icon_hover_color":"#ffffff","header_icon_margin":{"top":"0","right":"0","bottom":"0","left":"5px"},"header_icon_padding":{"top":"11px","right":"11px","bottom":"11px","left":"11px"},"header_icon_border":{"color":"","direction":"all","size":"","style":"none"},"header_icon_border_radius":"3"}],"featured_title":"Welcome to reader blog","featured_text":"A Trusted Place to learn how to successfully publish your book","featured_margin":{"top":"0","bottom":"0"},"featured_padding":{"top":"63px","bottom":"121px"},"header_featured_title_font":{"preview-color":"light","font-family":"Barlow Condensed","font-backup":"","font-weight":"600","font-style":"","color":"#2a384a","font-size":"60px","line-height":"","letter-spacing":"","margin-top":"","margin-bottom":"","css-selectors":".header-featured h1","additional-css":"text-transform: uppercase;"},"header_featured_text_font":{"preview-color":"light","font-family":"Karla","font-backup":"","font-weight":"400","font-style":"","color":"#2a384a","font-size":"18px","line-height":"","letter-spacing":"","margin-top":"","margin-bottom":"","css-selectors":".header-featured p","additional-css":""},"nav_button":"1","nav_button_text":"Join Us","nav_button_url":"#","sticky_nav":"0","hide_logo":"1","header_margin":{"top":"0","bottom":"0"},"header_padding":{"top":"43px","bottom":"43px"},"header_border":{"color":"","direction":"all","size":"","style":"none"},"header_background":{"color":"","use":"upload","image_pattern":"nobg","image_upload":"https:\/\/demo.mythemeshop.com\/reader-beta\/wp-content\/themes\/mts_reader\/images\/featured-bg.jpg","repeat":"no-repeat","attachment":"scroll","position":"center center","size":"cover","gradient":{"from":"#ffffff","to":"#000000","direction":"0deg"},"parallax":"0"},"main_navigation_dropdown_color":"#3a4749","main_navigation_dropdown_hover_color":"#5ce2c7","show_secondary_nav":"1","secondary_nav_background":{"color":"#ffffff","use":"pattern","image_pattern":"nobg","image_upload":"","repeat":"repeat","attachment":"scroll","position":"left top","size":"cover","gradient":{"from":"#ffffff","to":"#000000","direction":"0deg"},"parallax":"0"},"secondary_navigation_font":{"preview-color":"light","font-family":"Barlow Condensed","font-backup":"","font-weight":"500","font-style":"","color":"#3a4749","font-size":"18px","line-height":"","letter-spacing":"","margin-top":"","margin-bottom":"","css-selectors":"#secondary-navigation a","additional-css":"text-transform: uppercase;"},"secondary_nav_padding":{"top":"25px","bottom":"0"},"secondary_nav_border":{"color":"#e2e4e4","direction":"bottom","size":"1","style":"solid"},"mts_top_footer":"1","mts_top_footer_num":"5","mts_copyrights":"Theme by <a href=\"https:\/\/mythemeshop.com\/\" rel=\"nofollow\">MyThemeShop<\/a>","mts_top_footer_margin":{"top":"30px","right":"0","bottom":"0","left":"0"},"mts_top_footer_padding":{"top":"31px","right":"0","bottom":"0","left":"0"},"mts_footer_background":{"color":"#ffffff","use":"pattern","image_pattern":"nobg","image_upload":"","repeat":"repeat","attachment":"scroll","position":"left top","size":"cover","gradient":{"from":"#ffffff","to":"#000000","direction":"0deg"},"parallax":"0"},"mts_copyrights_background":{"color":"#2d333e","use":"pattern","image_pattern":"nobg","image_upload":"","repeat":"repeat","attachment":"scroll","position":"left top","size":"cover","gradient":{"from":"#ffffff","to":"#000000","direction":"0deg"},"parallax":"0"},"copyrights_border":{"color":"","direction":"all","size":"","style":"none"},"show_top_button":"1","top_button_icon":"angle-up","top_button_color":"#ffffff","top_button_color_hover":"#ffffff","top_button_background":"#5ce2c7","top_button_background_hover":"#3a4749","top_button_font_size":"28","top_button_padding":{"top":"3px","right":"19px","bottom":"7px","left":"19px"},"top_button_position":{"top":"auto","right":"40px","bottom":"100px","left":"auto"},"top_button_border_radius":"5","top_button_border":{"color":"","direction":"all","size":"","style":"none"},"footer_subscribe":"1","footer_subscribe_location":"both","footer_subscribe_background":{"color":"#e0f9ff","use":"pattern","image_pattern":"nobg","image_upload":"","repeat":"repeat","attachment":"scroll","position":"left top","size":"cover","gradient":{"from":"#ffffff","to":"#000000","direction":"0deg"},"parallax":"0"},"footer_subscribe_margin":{"top":"68px","bottom":"0"},"footer_subscribe_padding":{"top":"87px","right":"0","bottom":"70px","left":"0"},"footer_subscribe_border":{"color":"","direction":"all","size":"","style":"none"},"footer_subscribe_title_font":{"preview-color":"light","font-family":"Barlow Condensed","font-backup":"","font-weight":"600","font-style":"","color":"#2a384a","font-size":"40px","line-height":"","letter-spacing":"","margin-top":"","margin-bottom":"","css-selectors":".footer-subscribe .widget #wp-subscribe h4.title","additional-css":""},"footer_subscribe_input_background":"#ffffff","footer_subscribe_input_font":{"preview-color":"light","font-family":"Karla","font-backup":"","font-weight":"400","font-style":"","color":"#566073","font-size":"14px","line-height":"","letter-spacing":"","margin-top":"","margin-bottom":"","css-selectors":".footer-subscribe #wp-subscribe input.email-field, .footer-subscribe #wp-subscribe input.name-field","additional-css":"text-transform: uppercase; letter-spacing: 1.316px;"},"footer_subscribe_submit_font":{"preview-color":"dark","font-family":"Barlow Condensed","font-backup":"","font-weight":"700","font-style":"","color":"#ffffff","font-size":"16px","line-height":"","letter-spacing":"","margin-top":"","margin-bottom":"","css-selectors":".footer-subscribe .widget #wp-subscribe input.submit","additional-css":"text-transform: uppercase; letter-spacing: 0.528px;"},"footer_subscribe_text_font":{"preview-color":"light","font-family":"Karla","font-backup":"","font-weight":"400","font-style":"","color":"#2a384a","font-size":"18px","line-height":"","letter-spacing":"","margin-top":"","margin-bottom":"","css-selectors":".footer-subscribe #wp-subscribe p.text, .footer-subscribe .subscribe-icons-container p","additional-css":""},"footer_subscribe_small_text_font":{"preview-color":"light","font-family":"Karla","font-backup":"","font-weight":"400","font-style":"","color":"#2a384a","font-size":"14px","line-height":"","letter-spacing":"","margin-top":"","margin-bottom":"","css-selectors":".footer-subscribe .widget #wp-subscribe p.footer-text, .footer-subscribe .widget .wp-subscribe .wps-consent-wrapper label","additional-css":""},"footer_logo_section":"0","footer_logo":"","footer_reader_logo":{"preview-color":"light","font-family":"Barlow Condensed","font-backup":"","font-weight":"700","font-style":"","color":"#3a4749","font-size":"26px","line-height":"","letter-spacing":"","margin-top":"","margin-bottom":"","css-selectors":".footer #logo a","additional-css":""},"footer_logo_social_icons":"1","footer_logo_social":[{"group_title":"Facebook","group_sort":"1","footer_logo_social_title":"Facebook","footer_logo_social_icon":"facebook-square","footer_logo_social_link":"#","footer_logo_social_bgcolor":"","footer_logo_social_hover_bgcolor":"","footer_logo_social_color":"#ffffff","footer_logo_social_hover_color":"#444444","footer_logo_social_margin":{"top":"0","right":"22px","bottom":"0","left":"0"},"footer_logo_social_padding":{"top":"0","right":"0","bottom":"0","left":"0"},"footer_logo_social_border_radius":"0","footer_logo_social_border_size":"1","footer_logo_social_border_style":"none","footer_logo_social_border_color":"#dddddd"},{"group_title":"Twitter","group_sort":"2","footer_logo_social_title":"Twitter","footer_logo_social_icon":"twitter","footer_logo_social_link":"#","footer_logo_social_bgcolor":"","footer_logo_social_hover_bgcolor":"","footer_logo_social_color":"#ffffff","footer_logo_social_hover_color":"#444444","footer_logo_social_margin":{"top":"0","right":"22px","bottom":"0","left":"0"},"footer_logo_social_padding":{"top":"0","right":"0","bottom":"0","left":"0"},"footer_logo_social_border_radius":"0","footer_logo_social_border_size":"1","footer_logo_social_border_style":"none","footer_logo_social_border_color":"#dddddd"},{"group_title":"Instagram","group_sort":"3","footer_logo_social_title":"Instagram","footer_logo_social_icon":"instagram","footer_logo_social_link":"#","footer_logo_social_bgcolor":"","footer_logo_social_hover_bgcolor":"","footer_logo_social_color":"#ffffff","footer_logo_social_hover_color":"#444444","footer_logo_social_margin":{"top":"0","right":"22px","bottom":"0","left":"0"},"footer_logo_social_padding":{"top":"0","right":"0","bottom":"0","left":"0"},"footer_logo_social_border_radius":"0","footer_logo_social_border_size":"1","footer_logo_social_border_style":"none","footer_logo_social_border_color":"#dddddd"},{"group_title":"Youtube","group_sort":"4","footer_logo_social_title":"Youtube","footer_logo_social_icon":"youtube","footer_logo_social_link":"#","footer_logo_social_bgcolor":"","footer_logo_social_hover_bgcolor":"","footer_logo_social_color":"#ffffff","footer_logo_social_hover_color":"#444444","footer_logo_social_margin":{"top":"0","right":"0","bottom":"0","left":"0"},"footer_logo_social_padding":{"top":"0","right":"0","bottom":"0","left":"0"},"footer_logo_social_border_radius":"0","footer_logo_social_border_size":"1","footer_logo_social_border_style":"none","footer_logo_social_border_color":"#dddddd"}],"footer_logo_social_font_size":"22","footer_nav_section":"0","footer_nav_margin":{"top":"0","right":"0","bottom":"40px","left":"0"},"footer_nav_padding":{"top":"0","right":"0","bottom":"0","left":"0"},"footer_nav_border":{"color":"","direction":"all","size":"","style":"none"},"footer_nav_font":{"preview-color":"light","font-family":"Barlow Condensed","font-backup":"","font-weight":"500","font-style":"","color":"#3a4749","font-size":"15px","line-height":"","letter-spacing":"","margin-top":"","margin-bottom":"","css-selectors":".footer-nav li a","additional-css":"text-transform: uppercase;"},"footer_menu_item_margin":{"right":"44px","left":"0"},"footer_nav_separator":"0","footer_nav_separator_content":"|","footer_nav_separator_color":"#ffffff","footer_nav_separator_margin":{"right":"25px","left":"25px"},"footer_brands_section":"0","footer_brands_alignment":"center","brands_section_title":"Our Brands:","brands_margin":{"top":"0","right":"0","bottom":"0","left":"0"},"brands_padding":{"top":"40px","right":"0","bottom":"27px","left":"0"},"brands_border":{"color":"","direction":"all","size":"","style":"none"},"social_button_layout":"standard","mts_social_button_position":"top","mts_social_buttons_on_pages":"0","mts_social_buttons":{"enabled":{"facebookshare":"Facebook Share","pinterest":"Pinterest","twitter":"Twitter"},"disabled":{"facebook":"Facebook Like","reddit":"Reddit","linkedin":"LinkedIn","stumble":"StumbleUpon"}},"social_styling_margin":{"top":"0","right":"0","bottom":"0","left":"50px"},"social_styling_box_shadow":"1","social_floating_button_position":{"top":"236px","right":"auto","bottom":"auto","left":"0px"},"social_styling_border":{"color":"#e1e1e1","direction":"all","size":"1","style":"solid"},"social_styling_background":{"color":"","use":"pattern","image_pattern":"nobg","image_upload":"","repeat":"repeat","attachment":"scroll","position":"left top","size":"cover","gradient":{"from":"#ffffff","to":"#000000","direction":"0deg"},"parallax":"0"},"detect_adblocker":"0","detect_adblocker_type":"popup","detect_adblocker_title":"Ad Blocker Detected","detect_adblocker_description":"Our website is made possible by displaying online advertisements to our visitors. Please consider supporting us by disabling your ad blocker.","background_clickable":"0","background_link":"","background_link_new_tab":"1","mts_header_adcode":"","header_adcode_show":"all","header_ad_size":"0","mts_header_adcode_margin":{"top":"0","bottom":"0"},"navigation_ad":"0","navigation_adcode":"","navigation_ad_size":"26","navigation_ad_background":"#252525","mts_postfooter_adcode":"","mts_postfooter_adcode_time":"0","mts_posttop_adcode":"","mts_posttop_adcode_time":"0","mts_postend_adcode":"","mts_postend_adcode_time":"0","search_content":"all","search_results_per_page":"9","search_position":"above","mts_header_code":"","mts_analytics_code":"","mts_custom_css":"","retina_images":"1","images_responsive":"0","status_opengraph":"1","dynamic_css_compiler":"1","dynamic_css_db_caching":"0","cache_server_ip":""},"reader_blog":{"last_tab":"blog-general","mts_featured_categories":[{"group_title":"","group_sort":"1","mts_featured_title":"Latest","unique_id":"5cf3a98ad96f1","blog_layout":"layout-default","mts_featured_category":"latest","mts_featured_category_postsnum":"6","mts_featured_category_excerpt":"45"}],"mts_featured_category_title_5cf3a98ad96f1":"0","mts_post_title_alignment_5cf3a98ad96f1":"left","mts_featured_category_title_background_5cf3a98ad96f1":{"color":"","use":"pattern","image_pattern":"nobg","image_upload":"","repeat":"repeat","attachment":"scroll","position":"left top","size":"cover","gradient":{"from":"#ffffff","to":"#000000","direction":"0deg"},"parallax":"0"},"mts_featured_category_title_margin_5cf3a98ad96f1":{"top":"0","right":"0","bottom":"40px","left":"0"},"mts_featured_category_title_padding_5cf3a98ad96f1":{"top":"0","right":"0","bottom":"0","left":"0"},"post_title_border_5cf3a98ad96f1":{"color":"","direction":"all","size":"","style":"none"},"mts_featured_category_title_font_5cf3a98ad96f1":{"preview-color":"light","font-family":"Barlow Condensed","font-backup":"","font-weight":"500","font-style":"","color":"#2a384a","font-size":"22px","line-height":"","letter-spacing":"","margin-top":"","margin-bottom":"","css-selectors":".title-container.title-id-5cf3a98ad96f1 h3.featured-category-title","additional-css":"text-transform: uppercase; letter-spacing: 0.528px;"},"mts_home_headline_meta_info5cf3a98ad96f1":{"enabled":{"date":"Date","category":"Categories","comment":"Comment Count"},"disabled":{"author":"Author Name"}},"mts_meta_info_date_icon_5cf3a98ad96f1":"","mts_meta_info_category_icon_5cf3a98ad96f1":"","mts_meta_info_comment_icon_5cf3a98ad96f1":"","mts_meta_info_author_icon_5cf3a98ad96f1":"","meta_info_border_5cf3a98ad96f1":{"color":"","direction":"all","size":"","style":"none"},"meta_info_font_5cf3a98ad96f1":{"preview-color":"light","font-family":"Karla","font-backup":"","font-weight":"700","font-style":"","color":"#3a4749","font-size":"13px","line-height":"","letter-spacing":"","margin-top":"22px","margin-bottom":"30px","css-selectors":".layout-5cf3a98ad96f1 .latestPost .post-info","additional-css":"text-transform: uppercase; letter-spacing: 1.3px;"},"readmore_5cf3a98ad96f1":"0","post_border_5cf3a98ad96f1":{"color":"","direction":"all","size":"","style":"none"},"post_margin_5cf3a98ad96f1":{"top":"56px","bottom":"0"},"post_padding_5cf3a98ad96f1":{"top":"0","right":"0","bottom":"0","left":"0"},"post_title_font_5cf3a98ad96f1":{"preview-color":"light","font-family":"Barlow Condensed","font-backup":"","font-weight":"600","font-style":"","color":"#3a4749","font-size":"42px","line-height":"48px","letter-spacing":"","margin-top":"","margin-bottom":"","css-selectors":".layout-5cf3a98ad96f1 .latestPost .title a","additional-css":""},"post_excerpt_font_5cf3a98ad96f1":{"preview-color":"light","font-family":"Karla","font-backup":"","font-weight":"400","font-style":"","color":"#3a4749","font-size":"16px","line-height":"26px","letter-spacing":"","margin-top":"","margin-bottom":"","css-selectors":".layout-5cf3a98ad96f1 .latestPost .front-view-content","additional-css":"opacity: 0.75; letter-spacing: 0.272px;"},"mts_pagenavigation_type":"1","pagenavigation_alignment":"center","load_more_alignment":"center","mts_pagenavigation_bgcolor":"#ffffff","load_more_bgcolor":"#5ce2c7","mts_pagenavigation_hover_bgcolor":"#5ce2c7","load_more_hover_bgcolor":"#3a4749","mts_pagenavigation_color":"#3a4749","load_more_color":"#ffffff","mts_pagenavigation_hover_color":"#ffffff","load_more_hover_color":"#ffffff","mts_pagenavigation_margin":{"top":"0","right":"8px","bottom":"0","left":"0"},"mts_pagenavigation_padding":{"top":"9px","right":"0","bottom":"9px","left":"0"},"load_more_padding":{"top":"20px","right":"30px","bottom":"17px","left":"30px"},"mts_pagenavigation_border_radius":"35","pagenavigation_border":{"color":"","direction":"all","size":"","style":"none"},"pagination_font":{"preview-color":"light","font-family":"Barlow Condensed","font-backup":"","font-weight":"700","font-style":"","font-size":"14px","line-height":"","letter-spacing":"","margin-top":"","margin-bottom":"","css-selectors":".pagination","additional-css":""}},"reader_sidebars":{"last_tab":"sidebars-general","mts_sidebar_for_home":"mts_defaultsidebar","mts_sidebar_for_post":"mts_defaultsidebar","mts_sidebar_for_page":"mts_defaultsidebar","mts_sidebar_for_archive":"mts_defaultsidebar","mts_sidebar_for_category":"mts_defaultsidebar","mts_sidebar_for_tag":"mts_defaultsidebar","mts_sidebar_for_date":"mts_defaultsidebar","mts_sidebar_for_author":"mts_defaultsidebar","mts_sidebar_for_search":"mts_defaultsidebar","mts_sidebar_for_notfound":"mts_defaultsidebar","mts_sidebar_for_shop":"mts_defaultsidebar","mts_sidebar_for_product":"mts_defaultsidebar","mts_sidebar_title_styling_background":{"color":"","use":"pattern","image_pattern":"nobg","image_upload":"","repeat":"repeat","attachment":"scroll","position":"left top","size":"cover","gradient":{"from":"#ffffff","to":"#000000","direction":"0deg"},"parallax":"0"},"mts_sidebar_title_styling_margin":{"top":"0","bottom":"35px"},"mts_sidebar_title_styling_padding":{"top":"0","right":"0","bottom":"0","left":"0"},"widget_title_border":{"color":"","direction":"all","size":"","style":"none"},"mts_sidebar_styling_background":{"color":"","use":"pattern","image_pattern":"nobg","image_upload":"","repeat":"repeat","attachment":"scroll","position":"left top","size":"cover","gradient":{"from":"#ffffff","to":"#000000","direction":"0deg"},"parallax":"0"},"mts_sidebar_styling_margin":{"top":"0","right":"0","bottom":"40px","left":"0"},"mts_sidebar_styling_padding":{"top":"0","right":"0","bottom":"0","left":"0"},"sidebar_styling_border":{"color":"","direction":"all","size":"","style":"none"},"subscribe_widget_background":"#faebe3","subscribe_widget_padding":{"top":"35px","right":"30px","bottom":"30px","left":"25px"},"subscribe_widget_border_radius":"8","subscribe_widget_button_background":"#f3d4c3","search_widget_background":"#e9ecf1","search_widget_padding":{"top":"35px","right":"30px","bottom":"30px","left":"25px"},"search_widget_border_radius":"8","search_widget_button_background":"#cdd5e3","instagram_widget_background":"#e0f9ff","instagram_widget_padding":{"top":"35px","right":"32px","bottom":"30px","left":"32px"},"instagram_widget_border_radius":"8","instagram_widget_button_background":"#bff1ff"},"reader_single":{"last_tab":"single-general","show_single_featured":"1","mts_single_post_layout":{"enabled":{"content":"Post Content","thanks":"Thanks Section","tags":"Tags","author":"Author Box","nextpost":"Next Post Section","related":"Related Posts"},"disabled":{"subscribe":"Subscribe Box"}},"tags_bgcolor":"#3a4749","related_post_title":"Related Posts","mts_related_posts_taxonomy":"categories","mts_single_headline_meta_info":{"enabled":{"date":"Date","category":"Categories","comment":"Comment Count"},"disabled":{"author":"Author Name"}},"mts_single_meta_info_date_icon":"","mts_single_meta_info_category_icon":"","mts_single_meta_info_comment_icon":"","mts_single_meta_info_author_icon":"","mts_breadcrumb":"1","breadcrumb_font":{"preview-color":"light","font-family":"Barlow Condensed","font-backup":"","font-weight":"500","font-style":"","color":"#3a4749","font-size":"18px","line-height":"","letter-spacing":"","margin-top":"","margin-bottom":"","css-selectors":".breadcrumb-wrapper, .breadcrumb-wrapper a","additional-css":"text-transform: uppercase; letter-spacing: 0.594px;"},"mts_author_comment":"1","mts_comment_date":"1","single_title_alignment":"left","single_title_background":{"color":"","use":"pattern","image_pattern":"nobg","image_upload":"","repeat":"repeat","attachment":"scroll","position":"left top","size":"cover","gradient":{"from":"#ffffff","to":"#000000","direction":"0deg"},"parallax":"0"},"single_title_padding":{"top":"0","right":"0","bottom":"0","left":"0"},"single_title_border":{"color":"","direction":"all","size":"","style":"none"},"single_page_titles_font":{"preview-color":"light","font-family":"Barlow Condensed","font-backup":"","font-weight":"600","font-style":"","color":"#3a4749","font-size":"32px","line-height":"1","letter-spacing":"","margin-top":"","margin-bottom":"","css-selectors":"#respond h4, .total-comments","additional-css":"text-transform: uppercase; letter-spacing: 0.544px;"},"single_background":{"color":"","use":"pattern","image_pattern":"nobg","image_upload":"","repeat":"repeat","attachment":"scroll","position":"left top","size":"cover","gradient":{"from":"#ffffff","to":"#000000","direction":"0deg"},"parallax":"0"},"mts_single_styling_margin":{"top":"0","bottom":"35px"},"mts_single_styling_padding":{"top":"0","right":"0","bottom":"0","left":"0"},"single_styling_border":{"color":"","direction":"all","size":"","style":"none"},"single_title_font":{"preview-color":"light","font-family":"Barlow Condensed","font-backup":"","font-weight":"600","font-style":"","color":"#3a4749","font-size":"42px","line-height":"","letter-spacing":"","margin-top":"","margin-bottom":"","css-selectors":".single-title","additional-css":""},"mts_single_meta_info_font":{"preview-color":"light","font-family":"Karla","font-backup":"","font-weight":"700","font-style":"","color":"#3a4749","font-size":"13px","line-height":"","letter-spacing":"","margin-top":"","margin-bottom":"","css-selectors":".single_post .post-info","additional-css":"text-transform: uppercase; letter-spacing: 1.3px;"},"thanks_background":{"color":"#e9ecf1","use":"pattern","image_pattern":"nobg","image_upload":"","repeat":"repeat","attachment":"scroll","position":"left top","size":"cover","gradient":{"from":"#ffffff","to":"#000000","direction":"0deg"},"parallax":"0"},"thanks_title":"Thanks for Reading","thanks_text":"Enjoyed this post? Share it with your networks.","thanks_margin":{"top":"25px","right":"0","bottom":"0","left":"0"},"thanks_padding":{"top":"36px","right":"48px","bottom":"39px","left":"48px"},"thanks_border_radius":"8","thanks_title_font":{"preview-color":"light","font-family":"Barlow Condensed","font-backup":"","font-weight":"600","font-style":"","color":"#3a4749","font-size":"32px","line-height":"","letter-spacing":"","margin-top":"","margin-bottom":"","css-selectors":".thanks-section h3","additional-css":""},"thanks_text_font":{"preview-color":"light","font-family":"Karla","font-backup":"","font-weight":"400","font-style":"","color":"#3a4749","font-size":"15px","line-height":"30px","letter-spacing":"","margin-top":"","margin-bottom":"","css-selectors":".thanks-section p","additional-css":"opacity: 0.75;"},"nextpost_background":{"color":"#faebe3","use":"pattern","image_pattern":"nobg","image_upload":"","repeat":"repeat","attachment":"scroll","position":"left top","size":"cover","gradient":{"from":"#ffffff","to":"#000000","direction":"0deg"},"parallax":"0"},"nextpost_margin":{"top":"48px","right":"0","bottom":"0","left":"0"},"nextpost_padding":{"top":"36px","right":"48px","bottom":"39px","left":"48px"},"nextpost_border_radius":"8","nextpost_button_background":"#f3d4c3","nextpost_title_font":{"preview-color":"light","font-family":"Barlow Condensed","font-backup":"","font-weight":"600","font-style":"","color":"#3a4749","font-size":"32px","line-height":"","letter-spacing":"","margin-top":"","margin-bottom":"","css-selectors":".next-post h3 a","additional-css":""},"nextpost_text_font":{"preview-color":"light","font-family":"Karla","font-backup":"","font-weight":"400","font-style":"","color":"#3a4749","font-size":"15px","line-height":"25px","letter-spacing":"","margin-top":"","margin-bottom":"","css-selectors":".next-post p","additional-css":"opacity: 0.75; letter-spacing: 0.255px;"},"related_posts_background":{"color":"","use":"pattern","image_pattern":"nobg","image_upload":"","repeat":"repeat","attachment":"scroll","position":"left top","size":"cover","gradient":{"from":"#ffffff","to":"#000000","direction":"0deg"},"parallax":"0"},"related_posts_layouts":"default","related_posts_grid":"grid3","mts_related_postsnum":"3","related_posts_adcode":"","related_posts_position":"default","related_posts_margin":{"top":"74px","right":"0","bottom":"0","left":"0"},"related_posts_padding":{"top":"0","right":"0","bottom":"0","left":"0"},"related_posts_border":{"color":"","direction":"all","size":"","style":"none"},"related_post_title_font":{"preview-color":"light","font-family":"Barlow Condensed","font-backup":"","font-weight":"600","font-style":"","color":"#3a4749","font-size":"32px","line-height":"1","letter-spacing":"","margin-top":"","margin-bottom":"","css-selectors":".related-posts h4","additional-css":"text-transform: uppercase; letter-spacing: 0.544px;"},"related_posts_font":{"preview-color":"light","font-family":"Barlow Condensed","font-backup":"","font-weight":"600","font-style":"","color":"#3a4749","font-size":"20px","line-height":"24px","letter-spacing":"","css-selectors":".related-posts .title a","additional-css":""},"related_posts_meta_font":{"preview-color":"light","font-family":"Karla","font-backup":"","font-weight":"400","font-style":"","color":"#3a4749","font-size":"14px","line-height":"","letter-spacing":"","margin-top":"","margin-bottom":"","css-selectors":".related-posts .post-info, .related-posts .post-info a","additional-css":""},"related_posts_text_font":{"preview-color":"light","font-family":"Karla","font-backup":"","font-weight":"400","font-style":"","color":"#3a4749","font-size":"13px","line-height":"20px","letter-spacing":"","margin-top":"6px","margin-bottom":"","css-selectors":".related-posts .front-view-content","additional-css":""},"related_article_background":{"color":"","use":"pattern","image_pattern":"nobg","image_upload":"","repeat":"repeat","attachment":"scroll","position":"left top","size":"cover","gradient":{"from":"#ffffff","to":"#000000","direction":"0deg"},"parallax":"0"},"related_article_padding":{"top":"0","right":"0","bottom":"0","left":"0"},"related_article_text_padding":{"top":"0","right":"0","bottom":"0","left":"0"},"single_subscribe_background":{"color":"#e0f9ff","use":"pattern","image_pattern":"nobg","image_upload":"","repeat":"repeat","attachment":"scroll","position":"left top","size":"cover","gradient":{"from":"#ffffff","to":"#000000","direction":"0deg"},"parallax":"0"},"single_subscribe_margin":{"top":"30px","right":"0","bottom":"30px","left":"0"},"single_subscribe_padding":{"top":"30px","right":"30px","bottom":"30px","left":"30px"},"single_subscribe_border_radius":"0","single_subscribe_title_font":{"preview-color":"light","font-family":"Barlow Condensed","font-backup":"","font-weight":"600","font-style":"","color":"#3a4749","font-size":"30px","line-height":"32px","letter-spacing":"","margin-top":"","margin-bottom":"","css-selectors":".single-subscribe .widget #wp-subscribe .title","additional-css":"text-transform: uppercase; letter-spacing: 0.608px;"},"single_subscribe_text_font":{"preview-color":"light","font-family":"Karla","font-backup":"","font-weight":"400","font-style":"","color":"#3a4749","font-size":"16px","line-height":"24px","letter-spacing":"","margin-top":"","margin-bottom":"","css-selectors":".single-subscribe .widget #wp-subscribe p.text, .single-subscribe .widget .wp-subscribe .wps-consent-wrapper label, .single-subscribe .widget .wp-subscribe-wrap .error, .single-subscribe .widget .wp-subscribe-wrap .thanks","additional-css":""},"single_subscribe_input_background":"#ffffff","single_subscribe_input_height":"42","single_subscribe_input_border_radius":"0","single_subscribe_input_border":{"color":"","direction":"all","size":"","style":"none"},"single_subscribe_input_font":{"preview-color":"light","font-family":"karla","font-backup":"","font-weight":"400","font-style":"","color":"#3a4749","font-size":"14px","line-height":"","letter-spacing":"","margin-top":"","margin-bottom":"","css-selectors":".single-subscribe .widget #wp-subscribe input.email-field, .single-subscribe .widget #wp-subscribe input.name-field","additional-css":""},"single_subscribe_submit_backgroud":"#5ce2c7","single_subscribe_submit_border_radius":"0","single_subscribe_submit_border":{"color":"","direction":"all","size":"","style":"none"},"single_subscribe_submit_padding":{"top":"10px","right":"0","bottom":"10px","left":"0"},"single_subscribe_submit_font":{"preview-color":"dark","font-family":"Karla","font-backup":"","font-weight":"700","font-style":"","color":"#ffffff","font-size":"16px","line-height":"","letter-spacing":"","margin-top":"","margin-bottom":"","css-selectors":".single-subscribe .widget #wp-subscribe input.submit","additional-css":""},"single_subscribe_small_text_font":{"preview-color":"dark","font-family":"Karla","font-backup":"","font-weight":"400","font-style":"","color":"#a6a7aa","font-size":"13px","line-height":"20px","letter-spacing":"","margin-top":"","margin-bottom":"","css-selectors":".single-subscribe .widget .wp-subscribe-wrap p.footer-text","additional-css":""},"single_authorbox_background":{"color":"#ffffff","use":"pattern","image_pattern":"nobg","image_upload":"","repeat":"repeat","attachment":"scroll","position":"left top","size":"cover","gradient":{"from":"#ffffff","to":"#000000","direction":"0deg"},"parallax":"0"},"author_box_title":"","single_authorbox_margin":{"top":"79px","right":"0","bottom":"0","left":"0"},"single_authorbox_padding":{"top":"0","right":"0","bottom":"0","left":"0"},"single_authorbox_border":{"color":"#e2e4e4","direction":"top","size":"1","style":"solid"},"single_authorbox_border_radius":"0","single_authorbox_title_font":{"preview-color":"light","font-family":"Open Sans","font-backup":"","font-weight":"700","font-style":"","color":"#3a4749","font-size":"22px","line-height":"1","letter-spacing":"","margin-top":"","margin-bottom":"","css-selectors":".postauthor h4","additional-css":""},"single_authorbox_author_name_font":{"preview-color":"light","font-family":"Barlow Condensed","font-backup":"","font-weight":"600","font-style":"","color":"#3a4749","font-size":"30px","line-height":"","letter-spacing":"","margin-top":"","margin-bottom":"","css-selectors":".postauthor h5, .postauthor h5 a","additional-css":""},"single_authorbox_text_font":{"preview-color":"light","font-family":"Karla","font-backup":"","font-weight":"400","font-style":"","color":"#3a4749","font-size":"15px","line-height":"25px","letter-spacing":"","margin-top":"","margin-bottom":"","css-selectors":".postauthor p","additional-css":""},"single_author_image_margin":{"top":"-32px","right":"0","bottom":"0","left":"0"},"single_author_image_border_radius":"65"},"reader_typography":{"last_tab":"typography-collection","reader_logo":{"preview-color":"light","font-family":"Barlow Condensed","font-backup":"","font-weight":"600","font-style":"","color":"#3a4749","font-size":"40px","line-height":"","letter-spacing":"","margin-top":"","margin-bottom":"","css-selectors":"#logo a, .next-post .logo","additional-css":""},"primary_navigation_font":{"preview-color":"light","font-family":"Barlow Condensed","font-backup":"","font-weight":"500","font-style":"","color":"#3a4749","font-size":"16px","line-height":"","letter-spacing":"","margin-top":"","margin-bottom":"","css-selectors":"#primary-navigation li","additional-css":"text-transform: uppercase;letter-spacing: 0.528px;"},"home_title_font":{"preview-color":"light","font-family":"Barlow Condensed","font-backup":"","font-weight":"600","font-style":"","color":"#3a4749","font-size":"28px","line-height":"42px","letter-spacing":"","margin-top":"","margin-bottom":"","css-selectors":".latestPost .title a","additional-css":""},"content_font":{"preview-color":"light","font-family":"Karla","font-backup":"","font-weight":"400","font-style":"","color":"#a3a8a9","font-size":"17px","line-height":"30px","letter-spacing":"","margin-top":"","margin-bottom":"","css-selectors":"body","additional-css":"letter-spacing: 0.289px;"},"sidebar_title_font":{"preview-color":"light","font-family":"Barlow Condensed","font-backup":"","font-weight":"600","font-style":"","color":"#3a4749","font-size":"25px","line-height":"1","letter-spacing":"","margin-top":"","margin-bottom":"","css-selectors":"#sidebar .widget h3.widget-title, #sidebar .widget h3.widget-title a, .widget #wp-subscribe .title","additional-css":"text-transform: uppercase; letter-spacing: 0.425px;"},"mts_widget_links":{"preview-color":"light","font-family":"Barlow Condensed","font-backup":"","font-weight":"600","font-style":"","color":"#3a4749","font-size":"20px","line-height":"20px","letter-spacing":"","margin-top":"","margin-bottom":"","css-selectors":"#sidebar .widget li.horizontal-small .post-title a, #sidebar .widget .wpt_widget_content .entry-title a, #sidebar .widget .wp_review_tab_widget_content .entry-title a","additional-css":"text-transform: none;"},"default_widget_links":{"preview-color":"light","font-family":"Barlow Condensed","font-backup":"","font-weight":"500","font-style":"","color":"#4a5166","font-size":"16px","line-height":"","letter-spacing":"","margin-top":"","margin-bottom":"","css-selectors":"#sidebar .widget li a, #sidebar .widget.widget_categories li a, #sidebar .widget.widget_archive li a, #sidebar .widget.widget_pages li a, #sidebar .widget.widget_meta li a, #sidebar .widget.widget_recent_comments li a, #sidebar .widget.widget_recent_entries li a, #sidebar .widget.widget_rss, #sidebar .widget.widget_nav_menu li a","additional-css":"text-transform: uppercase; letter-spacing: 0.608px;"},"sidebar_url_bigthumb":{"preview-color":"light","font-family":"Barlow Condensed","font-backup":"","font-weight":"600","font-style":"","color":"#3a4749","font-size":"28px","line-height":"30px","letter-spacing":"","margin-top":"","margin-bottom":"","css-selectors":"#sidebar .widget .vertical-small a, #sidebar .widget li.vertical-small, #sidebar .widget .review_thumb_large .entry-title a, .f-widget .widget .vertical-small a, .f-widget .widget .vertical-small li, .f-widget .widget .review_thumb_large .entry-title a","additional-css":"text-transform: none;"},"sidebar_font":{"preview-color":"light","font-family":"Karla","font-backup":"","font-weight":"400","font-style":"","color":"#3a4749","font-size":"15px","line-height":"22px","letter-spacing":"","margin-top":"","margin-bottom":"","css-selectors":"#sidebar .widget p, #sidebar .widget .post-excerpt, .widget #wp-subscribe input.email-field, .widget #wp-subscribe input.name-field, .widget .wp-subscribe-wrap .wps-consent-wrapper label, .widget #s, #site-footer .f-widget p","additional-css":""},"sidebar_font_bigthumb":{"preview-color":"light","font-family":"Karla","font-backup":"","font-weight":"400","font-style":"","color":"#3a4749","font-size":"15px","line-height":"22px","letter-spacing":"","margin-top":"15px","margin-bottom":"","css-selectors":"#sidebar .widget .vertical-small p, #sidebar .widget .vertical-small .post-excerpt, .f-widget .widget .vertical-small p, .f-widget .widget .vertical-small .post-excerpt","additional-css":""},"sidebar_postinfo_font":{"preview-color":"light","font-family":"Karla","font-backup":"","font-weight":"700","font-style":"","color":"#3a4749","font-size":"12px","line-height":"1","letter-spacing":"","margin-top":"5px","margin-bottom":"","css-selectors":"#sidebar .widget .post-info, #sidebar .widget .post-info a, #sidebar .wpt_widget_content .wpt-postmeta, .widget .wp_review_tab_widget_content .wp-review-tab-postmeta","additional-css":"text-transform: uppercase; letter-spacing: 1.3px;"},"sidebar_postinfo_font_bigthumb":{"preview-color":"light","font-family":"Karla","font-backup":"","font-weight":"700","font-style":"","color":"#3a4749","font-size":"12px","line-height":"1","letter-spacing":"","margin-top":"8px","margin-bottom":"","css-selectors":"#sidebar .widget .vertical-small .post-info, #sidebar .widget .vertical-small .post-info a, .f-widget .widget .vertical-small .post-info, .f-widget .widget .vertical-small .post-info a, .widget .wp_review_tab_widget_content .review_thumb_large .wp-review-tab-postmeta, .wpt_comment_content, .wpt_excerpt","additional-css":"text-transform: uppercase; letter-spacing: 1.3px;"},"tabs_title_font":{"preview-color":"light","font-family":"Barlow Condensed","font-backup":"","font-weight":"400","font-style":"","color":"#3a4749","font-size":"18px","line-height":"","letter-spacing":"","margin-top":"","margin-bottom":"","css-selectors":"#sidebar .widget .wp_review_tab_widget_content .tab_title a, #sidebar .widget .wpt_widget_content .tab_title a, .f-widget .widget .wp_review_tab_widget_content .tab_title a, .f-widget .widget .wpt_widget_content .tab_title a, .reply","additional-css":"text-transform: uppercase; letter-spacing: 0.306px;"},"top_footer_title_font":{"preview-color":"light","font-family":"Barlow Condensed","font-backup":"","font-weight":"700","font-style":"","color":"#3a4749","font-size":"15px","line-height":"","letter-spacing":"","margin-top":"","margin-bottom":"","css-selectors":".footer-widgets h3, #site-footer .widget #wp-subscribe .title, .brands-title","additional-css":"text-transform: uppercase; letter-spacing: 0.15px;"},"top_footer_link_font":{"preview-color":"light","font-family":"Barlow Condensed","font-backup":"","font-weight":"500","font-style":"","color":"#9ca3a4","font-size":"15px","line-height":"","letter-spacing":"","margin-top":"","margin-bottom":"","css-selectors":".f-widget a, footer .wpt_widget_content a, footer .wp_review_tab_widget_content a, footer .wpt_tab_widget_content a, footer .widget .wp_review_tab_widget_content a","additional-css":"text-transform: uppercase; letter-spacing: 0.15px;"},"top_footer_font":{"preview-color":"light","font-family":"Karla","font-backup":"","font-weight":"400","font-style":"","color":"#9ca3a4","font-size":"14px","line-height":"24px","letter-spacing":"","margin-top":"","margin-bottom":"","css-selectors":".footer-widgets, .f-widget .top-posts .comment_num, footer .meta, footer .twitter_time, footer .widget .wpt_widget_content .wpt-postmeta, footer .widget .wpt_comment_content, footer .widget .wpt_excerpt, footer .wp_review_tab_widget_content .wp-review-tab-postmeta, footer .advanced-recent-posts p, footer .popular-posts p, footer .category-posts p, footer .widget .post-info","additional-css":"letter-spacing: 0.15px;"},"copyrights_font":{"preview-color":"light","font-family":"Karla","font-backup":"","font-weight":"400","font-style":"","color":"#ffffff","font-size":"18px","line-height":"","letter-spacing":"","margin-top":"","margin-bottom":"","css-selectors":"#copyright-note, #copyright-note a","additional-css":""},"fields_font":{"preview-color":"light","font-family":"Barlow Condensed","font-backup":"","font-weight":"400","font-style":"","font-size":"16px","line-height":"","letter-spacing":"","margin-top":"","margin-bottom":"","css-selectors":"input#author, .contact-form input[type=\"text\"], input#email, input#url, #commentform textarea, #commentform input#submit, #mtscontact_submit, .contact-form textarea","additional-css":"text-transform: uppercase;"},"sidebar_buttons_font":{"preview-color":"light","font-family":"Karla","font-backup":"","font-weight":"700","font-style":"","color":"#3a4749","font-size":"15px","line-height":"","letter-spacing":"","margin-top":"","margin-bottom":"","css-selectors":".widget #wp-subscribe input.submit, .widget .sbutton, .next-post .button, .widget_product_search button[type=\"submit\"]","additional-css":"text-transform: uppercase;"},"h1_headline":{"preview-color":"light","font-family":"Barlow Condensed","font-backup":"","font-weight":"600","font-style":"","color":"#3a4749","font-size":"36px","line-height":"","letter-spacing":"","margin-top":"","margin-bottom":"","css-selectors":"h1","additional-css":""},"h2_headline":{"preview-color":"light","font-family":"Barlow Condensed","font-backup":"","font-weight":"600","font-style":"","color":"#3a4749","font-size":"34px","line-height":"","letter-spacing":"","margin-top":"","margin-bottom":"","css-selectors":"h2","additional-css":""},"h3_headline":{"preview-color":"light","font-family":"Barlow Condensed","font-backup":"","font-weight":"600","font-style":"","color":"#3a4749","font-size":"32px","line-height":"","letter-spacing":"","margin-top":"","margin-bottom":"","css-selectors":"h3","additional-css":""},"h4_headline":{"preview-color":"light","font-family":"Barlow Condensed","font-backup":"","font-weight":"600","font-style":"","color":"#3a4749","font-size":"30px","line-height":"","letter-spacing":"","margin-top":"","margin-bottom":"","css-selectors":"h4","additional-css":""},"h5_headline":{"preview-color":"light","font-family":"Barlow Condensed","font-backup":"","font-weight":"600","font-style":"","color":"#3a4749","font-size":"28px","line-height":"","letter-spacing":"","margin-top":"","margin-bottom":"","css-selectors":"h5","additional-css":""},"h6_headline":{"preview-color":"light","font-family":"Barlow Condensed","font-backup":"","font-weight":"600","font-style":"","color":"#3a4749","font-size":"24px","line-height":"","letter-spacing":"","margin-top":"","margin-bottom":"","css-selectors":"h6","additional-css":""},"typography-subsets":{"latin":"latin"}},"mts-opts-backup":"1"}
