{"sidebar":{"wp_subscribe-3":{"title":"Subscribe to\r\nour newsletter!","service":"feedburner","aweber_consumer_key":"","aweber_consumer_secret":"","aweber_access_key":"","aweber_access_secret":"","aweber_account_id":"","aweber_list_id":"none","feedburner_id":"","mailchimp_api_key":"","mailchimp_list_id":"none","mailchimp_double_optin":"0","include_name_field":"0","text":"Lorem ipsum dolor sit amet, consectetur adipiscing elit. Sed suscipit dui vel eleme ntum hendrerit. Vivamus sagittis scelerisque tellus.","name_placeholder":"Enter your name here","email_placeholder":"Enter your email","consent_text":"I would like to receive emails","button_text":"Subscribe","success_message":"Thank you for subscribing.","error_message":"Something went wrong.","footer_text":""},"search-8":{"title":""},"mts_ad_300_widget-7":{"title":"","ad":"https:\/\/demo.mythemeshop.com\/reader-beta\/files\/2019\/06\/adver.png","link":"https:\/\/mythemeshop.com\/"},"mts_popular_posts_widget-5":{"title":"Popular Posts","qty":2,"title_length":10,"category":0,"author_name":0,"date":0,"days":3000,"show_thumb3":1,"box_layout":"vertical-small","border_radius":8,"show_excerpt":1,"excerpt_length":16}},"footer-subscribe":{"wp_subscribe-4":{"title":"JOIN A COMMUNITY OF OVER 100,000 AUTHORS","service":"mailchimp","aweber_consumer_key":"","aweber_consumer_secret":"","aweber_access_key":"","aweber_access_secret":"","aweber_account_id":"","aweber_list_id":"none","feedburner_id":"","mailchimp_api_key":"","mailchimp_list_id":"none","mailchimp_double_optin":"0","include_name_field":"1","text":"Reader is more than just a blog. Become a member today to discover how we can help you publish a beautiful book.","name_placeholder":"Your Name","email_placeholder":"Email Address","consent_text":"I would like to receive emails","button_text":"Join now for Free","success_message":"Thank you for subscribing.","error_message":"Something went wrong.","footer_text":""}},"footer-top-1":{"text-7":{"title":"","text":"<a href=\"https:\/\/mythemeshop.com\/\"><img src=\"https:\/\/demo.mythemeshop.com\/reader-beta\/files\/2019\/06\/logo-reader.png\" alt=\"reader\" \/><\/a>","filter":true,"visual":true},"social-profile-icons-4":{"title":"","social_font_color":"#3a4749","social_bg_color":"","font_size":32,"br_radius":0,"pd_top":0,"pd_right":0,"pd_bottom":0,"pd_left":0,"facebook":"#","facebooksocial_color_value":"","facebooksocial_bg_value":"","facebookhover_color_value":"","facebookhover_bg_value":"","facebooksocial_br_value":"","behance":"","behancesocial_color_value":"","behancesocial_bg_value":"","behancehover_color_value":"","behancehover_bg_value":"","behancesocial_br_value":"","flickr":"","flickrsocial_color_value":"","flickrsocial_bg_value":"","flickrhover_color_value":"","flickrhover_bg_value":"","flickrsocial_br_value":"","pinterest":"","pinterestsocial_color_value":"","pinterestsocial_bg_value":"","pinteresthover_color_value":"","pinteresthover_bg_value":"","pinterestsocial_br_value":"","instagram":"","instagramsocial_color_value":"","instagramsocial_bg_value":"","instagramhover_color_value":"","instagramhover_bg_value":"","instagramsocial_br_value":"","dribbble":"","dribbblesocial_color_value":"","dribbblesocial_bg_value":"","dribbblehover_color_value":"","dribbblehover_bg_value":"","dribbblesocial_br_value":"","linkedin":"","linkedinsocial_color_value":"","linkedinsocial_bg_value":"","linkedinhover_color_value":"","linkedinhover_bg_value":"","linkedinsocial_br_value":"","soundcloud":"","soundcloudsocial_color_value":"","soundcloudsocial_bg_value":"","soundcloudhover_color_value":"","soundcloudhover_bg_value":"","soundcloudsocial_br_value":"","twitter":"#","twittersocial_color_value":"","twittersocial_bg_value":"","twitterhover_color_value":"","twitterhover_bg_value":"","twittersocial_br_value":"","vimeo":"","vimeosocial_color_value":"","vimeosocial_bg_value":"","vimeohover_color_value":"","vimeohover_bg_value":"","vimeosocial_br_value":"","stumbleupon":"","stumbleuponsocial_color_value":"","stumbleuponsocial_bg_value":"","stumbleuponhover_color_value":"","stumbleuponhover_bg_value":"","stumbleuponsocial_br_value":"","tumblr":"","tumblrsocial_color_value":"","tumblrsocial_bg_value":"","tumblrhover_color_value":"","tumblrhover_bg_value":"","tumblrsocial_br_value":"","github":"","githubsocial_color_value":"","githubsocial_bg_value":"","githubhover_color_value":"","githubhover_bg_value":"","githubsocial_br_value":"","youtube":"#","youtubesocial_color_value":"","youtubesocial_bg_value":"","youtubehover_color_value":"","youtubehover_bg_value":"","youtubesocial_br_value":"","foursquare":"","foursquaresocial_color_value":"","foursquaresocial_bg_value":"","foursquarehover_color_value":"","foursquarehover_bg_value":"","foursquaresocial_br_value":"","reddit":"","redditsocial_color_value":"","redditsocial_bg_value":"","reddithover_color_value":"","reddithover_bg_value":"","redditsocial_br_value":"","dropbox":"","dropboxsocial_color_value":"","dropboxsocial_bg_value":"","dropboxhover_color_value":"","dropboxhover_bg_value":"","dropboxsocial_br_value":"","skype":"","skypesocial_color_value":"","skypesocial_bg_value":"","skypehover_color_value":"","skypehover_bg_value":"","skypesocial_br_value":"","email":"","emailsocial_color_value":"","emailsocial_bg_value":"","emailhover_color_value":"","emailhover_bg_value":"","emailsocial_br_value":"","rss":"","rsssocial_color_value":"","rsssocial_bg_value":"","rsshover_color_value":"","rsshover_bg_value":"","rsssocial_br_value":""}},"footer-top-2":{"archives-2":{"title":"","count":0,"dropdown":0}},"footer-top-3":{"nav_menu-2":{"title":"Menu","nav_menu":103}},"footer-top-4":{"categories-4":{"title":"","count":0,"hierarchical":0,"dropdown":0}},"footer-top-5":{"meta-2":{"title":""}}}