{"sidebar":{"mts_popular_posts_widget-2":{"title":"Popular Posts","qty":4,"title_length":20,"comment_num":0,"date":0,"days":999,"show_thumb3":0,"box_layout":"horizontal-small","show_excerpt":0,"excerpt_length":10},"single_category_posts_widget-1":{"title":"Featured Category","cat":1,"title_length":10,"qty":3,"comment_num":1,"date":1,"show_thumb1":1,"box_layout":"horizontal-small","show_excerpt":0,"excerpt_length":10},"mts_ad_300_widget-1":{"title":"","ad":"https:\/\/demo.mythemeshop.com\/clean\/files\/2017\/07\/img1.jpg","link":"http:\/\/mythemeshop.com\/themes\/clean\/"},"social-profile-icons-1":{"title":"Follow Us","facebook":"#","behance":"#","flickr":"#","gplus":"#","pinterest":"#","instagram":"#","dribbble":"#","linkedin":"#","soundcloud":"#","twitter":"#","vimeo":"#","stumbleupon":"#","tumblr":"#","github":"#","youtube":"#","foursquare":"#","reddit":"#","dropbox":"#","skype":"#","email":"#","rss":"#"}},"home-sidebar-1":{"single_category_posts_widget-2":{"title":"Featured Category","cat":1,"title_length":20,"qty":3,"comment_num":0,"date":0,"show_thumb1":0,"box_layout":"horizontal-small","show_excerpt":0,"excerpt_length":10}},"home-sidebar-2":{"mts_ad_300_widget-2":{"title":"","ad":"https:\/\/demo.mythemeshop.com\/clean\/files\/2017\/07\/img1.jpg","link":"http:\/\/mythemeshop.com\/themes\/clean\/"}},"footer-first":{"categories-3":{"title":"","count":0,"hierarchical":0,"dropdown":0}},"footer-first-2":{"archives-3":{"title":"","count":0,"dropdown":0}},"footer-first-3":{"nav_menu-2":{"title":"Links","nav_menu":33}},"footer-first-4":{"recent-comments-3":{"title":"","number":2}},"footer-first-5":{"text-2":{"title":"About Us","text":"<p>Pellentesque egestas ante id venenatis sollicitudin.<\/p>\r\n<p>Donec venenatis dolor at ligula sodales ornare. Maecenas eu metus volutpat, pharetra turpis id, dictum diam<\/p>","filter":"content"}},"shop-sidebar":{"woocommerce_product_search-2":{"title":""},"woocommerce_widget_cart-1":{"title":"Cart","hide_if_empty":0},"woocommerce_price_filter-2":{"title":"Filter by price"},"woocommerce_product_categories-2":{"title":"Product categories","orderby":"name","dropdown":0,"count":0,"hierarchical":1,"show_children_only":0,"hide_empty":0}},"product-sidebar":{"woocommerce_top_rated_products-1":{"title":"Top Rated Products","number":5},"woocommerce_recently_viewed_products-1":{"title":"Recently Viewed Products","number":3},"woocommerce_recent_reviews-1":{"title":"Recent Reviews","number":3}}}