[{"id":440,"title":"Which manga hero slumbers deep down inside you?","type":"fb_quiz","questions":{"5gc6q":{"title":"Which manga hero slumbers deep down inside you?","mediaType":"image","image":"https:\/\/demo.mythemeshop.com\/wp-quiz-pro\/files\/2019\/01\/manga.jpg","imageCredit":"","video":"","imagePlaceholder":"","desc":"You have what it take to be a manga hero, but which one? Find out now!","imageId":"439","id":"5gc6q","index":0,"profile":"user"}},"results":{"7rit7":{"title":"%%userfirstname%%","imageRadius":"0","image":"https:\/\/demo.mythemeshop.com\/wp-quiz-pro\/files\/2019\/01\/goku.jpg","pos_x":"48","pos_y":"54","proImageWidth":"186","proImageHeight":"186","pos_title_x":"77","pos_title_y":"248","titleImageWidth":"125","desc":"%%userfirstname%%, you are <strong>brave and strong just like this hero! Nothing can get in your way and your enemies fear you as much as they respect you!","imageId":"436","id":"7rit7","index":0},"ufejo":{"title":"%%userfirstname%%","imageRadius":"0","image":"https:\/\/demo.mythemeshop.com\/wp-quiz-pro\/files\/2019\/01\/L.jpg","pos_x":"49","pos_y":"55","proImageWidth":"185","proImageHeight":"185","pos_title_x":"69","pos_title_y":"248","titleImageWidth":"142","desc":"%%userfirstname%%, you are <strong>world-renowned detective just like this hero! Nothing can get in your way and your enemies fear you as much as they respect you!","imageId":"437","id":"ufejo","index":1},"ebr1u":{"title":"%%userfirstname%%","imageRadius":"0","image":"https:\/\/demo.mythemeshop.com\/wp-quiz-pro\/files\/2019\/01\/Monkey.jpg","pos_x":"48","pos_y":"54","proImageWidth":"186","proImageHeight":"186","pos_title_x":"73","pos_title_y":"248","titleImageWidth":"132","desc":"%%userfirstname%%, you are <strong>world-renowned detective just like this hero! Nothing can get in your way and your enemies fear you as much as they respect you!","imageId":"438","id":"ebr1u","index":2}},"settings":{"font_color":"#444","title_color":"#ffffff","title_size":"30","title_weight":"700","title_style":"normal","profile":"user","question_layout":"single","skin":"flat","bar_color":"#00c479","background_color":"#ecf0f1","title_font":"Helvetica-Bold","animation_in":"fadeIn","animation_out":"fadeOut","size":"full","custom_height":"468","custom_width":"338","share_buttons":["fb","tw","g+","vk"],"countdown_timer":"0","force_action":"0","ad_nth_display":"0","ad_codes":[""],"rand_questions":"off","rand_answers":"off","restart_questions":"off","promote_plugin":"off","embed_toggle":"off","show_ads":"off","show_countdown":"0","timer":"0","auto_scroll":"off","repeat_ads":"0","continue_as_btn":"off"},"featured_image":"https:\/\/demo.mythemeshop.com\/wp-quiz-pro\/files\/2019\/01\/manga.jpg"}]
