{"sidebar":{"mts_ad_300_widget-2":{"title":"","ad":"https:\/\/demo.mythemeshop.com\/risen\/files\/2019\/01\/jupiter-img.jpg","link":"https:\/\/mythemeshop.com\/themes\/risen\/"},"social-profile-icons-2":{"title":"Follow us on","social_font_color":"#000000","social_bg_color":"","font_size":32,"br_radius":0,"pd_top":0,"pd_right":0,"pd_bottom":0,"pd_left":0,"facebook":"#","facebooksocial_color_value":"","facebooksocial_bg_value":"","facebookhover_color_value":"","facebookhover_bg_value":"","behance":"#","behancesocial_color_value":"","behancesocial_bg_value":"","behancehover_color_value":"","behancehover_bg_value":"","flickr":"#","flickrsocial_color_value":"","flickrsocial_bg_value":"","flickrhover_color_value":"","flickrhover_bg_value":"","gplus":"#","gplussocial_color_value":"","gplussocial_bg_value":"","gplushover_color_value":"","gplushover_bg_value":"","pinterest":"#","pinterestsocial_color_value":"","pinterestsocial_bg_value":"","pinteresthover_color_value":"","pinteresthover_bg_value":"","instagram":"#","instagramsocial_color_value":"","instagramsocial_bg_value":"","instagramhover_color_value":"","instagramhover_bg_value":"","dribbble":"#","dribbblesocial_color_value":"","dribbblesocial_bg_value":"","dribbblehover_color_value":"","dribbblehover_bg_value":"","linkedin":"#","linkedinsocial_color_value":"","linkedinsocial_bg_value":"","linkedinhover_color_value":"","linkedinhover_bg_value":"","soundcloud":"#","soundcloudsocial_color_value":"","soundcloudsocial_bg_value":"","soundcloudhover_color_value":"","soundcloudhover_bg_value":"","twitter":"#","twittersocial_color_value":"","twittersocial_bg_value":"","twitterhover_color_value":"","twitterhover_bg_value":"","vimeo":"#","vimeosocial_color_value":"","vimeosocial_bg_value":"","vimeohover_color_value":"","vimeohover_bg_value":"","stumbleupon":"#","stumbleuponsocial_color_value":"","stumbleuponsocial_bg_value":"","stumbleuponhover_color_value":"","stumbleuponhover_bg_value":"","tumblr":"#","tumblrsocial_color_value":"","tumblrsocial_bg_value":"","tumblrhover_color_value":"","tumblrhover_bg_value":"","github":"#","githubsocial_color_value":"","githubsocial_bg_value":"","githubhover_color_value":"","githubhover_bg_value":"","youtube":"#","youtubesocial_color_value":"","youtubesocial_bg_value":"","youtubehover_color_value":"","youtubehover_bg_value":"","foursquare":"#","foursquaresocial_color_value":"","foursquaresocial_bg_value":"","foursquarehover_color_value":"","foursquarehover_bg_value":"","reddit":"#","redditsocial_color_value":"","redditsocial_bg_value":"","reddithover_color_value":"","reddithover_bg_value":"","dropbox":"#","dropboxsocial_color_value":"","dropboxsocial_bg_value":"","dropboxhover_color_value":"","dropboxhover_bg_value":"","skype":"#","skypesocial_color_value":"","skypesocial_bg_value":"","skypehover_color_value":"","skypehover_bg_value":"","email":"#","emailsocial_color_value":"","emailsocial_bg_value":"","emailhover_color_value":"","emailhover_bg_value":"","rss":"#","rsssocial_color_value":"","rsssocial_bg_value":"","rsshover_color_value":"","rsshover_bg_value":""},"mts_popular_posts_widget-2":{"title":"Popular Posts","qty":3,"title_length":8,"category":1,"author_name":1,"date":1,"days":999,"show_thumb3":1,"box_layout":"vertical-small","border_radius":0,"show_excerpt":0,"excerpt_length":10}},"single-subscribe":{"wp_subscribe-2":{"title":"NewsLetter Sign Up","service":"feedburner","aweber_consumer_key":"","aweber_consumer_secret":"","aweber_access_key":"","aweber_access_secret":"","aweber_account_id":"","aweber_list_id":"none","feedburner_id":"","mailchimp_api_key":"","mailchimp_list_id":"none","mailchimp_double_optin":"0","include_name_field":"0","text":"Subscribe to our mailing list and get interesting stuff and updates to your email inbox.","name_placeholder":"Enter your name here","email_placeholder":"Insert your email","consent_text":"","button_text":"Submit & Subscribe","success_message":"Thank you for subscribing.","error_message":"Something went wrong.","footer_text":""}},"post-layout-defaulthottest":{"wp_subscribe-3":{"title":"Subscribe","service":"mailchimp","aweber_consumer_key":"","aweber_consumer_secret":"","aweber_access_key":"","aweber_access_secret":"","aweber_account_id":"","aweber_list_id":"none","feedburner_id":"","mailchimp_api_key":"","mailchimp_list_id":"none","mailchimp_double_optin":"0","include_name_field":"1","text":"Subscribe to our mailing list and get interesting stuff and updates to your email inbox.","name_placeholder":"Your name","email_placeholder":"Enter your email here","consent_text":"","button_text":"Sign Up Now","success_message":"Thank you for subscribing.","error_message":"Something went wrong.","footer_text":""},"single_category_posts_widget-2":{"title":"Featured Posts","cat":5,"title_length":6,"qty":3,"category":0,"author_name":0,"date":1,"show_thumb1":1,"box_layout":"horizontal-small","border_radius":0,"show_excerpt":0,"excerpt_length":10},"mts_post_slider_widget-2":{"title":"See More Posts","cat":["11","3"],"slides_num":3,"slider_nav":"bullets","show_title":0}},"post-layout-subscribelatest":{"wp_subscribe-4":{"title":"Newsletter Sign Up","service":"feedburner","aweber_consumer_key":"","aweber_consumer_secret":"","aweber_access_key":"","aweber_access_secret":"","aweber_account_id":"","aweber_list_id":"none","feedburner_id":"","mailchimp_api_key":"","mailchimp_list_id":"none","mailchimp_double_optin":"0","include_name_field":"0","text":"Subscribe to our mailing list and get interesting stuff and updates to your email inbox.","name_placeholder":"Enter your name here","email_placeholder":"Insert your email","consent_text":"","button_text":"Submit & Subscribe","success_message":"Thank you for subscribing.","error_message":"Something went wrong.","footer_text":""}},"post-layout-defaultlatest":{"mts_ad_300_widget-3":{"title":"","ad":"https:\/\/demo.mythemeshop.com\/risen\/files\/2019\/01\/jupiter-img.jpg","link":"https:\/\/mythemeshop.com\/themes\/risen\/"},"facebook-like-widget-2":{"title":"Find us on Facebook","page_url":"https:\/\/facebook.com\/mythemeshop","width":"300","show_faces":"on","show_stream":"on","show_header":"on"}}}
