{"sidebar":{"mts_recent_postthumbs_widget-2":{"qty":6},"facebook-like-widget-3":{"title":"Find us on Facebook","page_url":"https:\/\/www.facebook.com\/MyThemeShop","width":"300","show_faces":"on","show_stream":null,"show_header":"on"},"social-profile-icons-2":{"title":"","facebook":"#","behance":"#","flickr":"#","gplus":"#","pinterest":"#","instagram":"#","dribbble":"#","linkedin":"#","soundcloud":"#","twitter":"#","vimeo":"#","stumbleupon":"#","tumblr":"#","github":"#","youtube":"#","foursquare":"#","reddit":"#","dropbox":"#","skype":"#","email":"#","rss":"#"},"wpt_widget-2":{"tabs":{"popular":"1","recent":"1"},"tab_order":{"popular":"1","recent":"2","comments":"3","tags":"4"},"allow_pagination":"1","post_num":"4","title_length":"15","comment_num":"5","show_thumb":"1","thumb_size":"small","show_date":"1","show_excerpt":null,"excerpt_length":"15","show_comment_num":null,"show_avatar":"1","show_love":null},"categories-3":{"title":"","count":1,"hierarchical":0,"dropdown":0},"mts_popular_posts_widget-2":{"title":"Trending","qty":4,"title_length":7,"comment_num":0,"date":1,"days":9999,"show_thumb3":1,"box_layout":"horizontal-small","show_excerpt":0,"excerpt_length":10},"wp_subscribe-3":{"title":"Get more stuff","service":"feedburner","aweber_consumer_key":"","aweber_consumer_secret":"","aweber_access_key":"","aweber_access_secret":"","aweber_account_id":"","aweber_list_id":"none","feedburner_id":"","mailchimp_api_key":"","mailchimp_list_id":"none","mailchimp_double_optin":"0","include_name_field":"0","text":"Subscribe to our mailing list and get interesting stuff and updates to your email inbox.","name_placeholder":"Enter your name here","email_placeholder":"Enter your email here","button_text":"Sign Up Now","success_message":"Thank you for subscribing.","error_message":"Something went wrong.","footer_text":"we respect your privacy and take protecting it seriously"}},"footer-first":{"mts_recent_posts_widget-2":{"title":"Recent Posts","qty":3,"title_length":7,"comment_num":0,"date":0,"show_thumb2":1,"box_layout":"horizontal-small","show_excerpt":0,"excerpt_length":10}},"footer-first-2":{"archives-3":{"title":"","count":0,"dropdown":0},"tag_cloud-2":{"title":"","taxonomy":"post_tag"}},"footer-first-3":{"recent-comments-3":{"title":"","number":2}},"footer-first-4":{"text-3":{"title":"Text Widget","text":"<p>A lifetime of working with nuclear \r\npower has left me with a healthy \r\ngreen glow\u2026and left me as \r\nimpotent as a Nevada boxing \r\ncommissioner.<\/p>\r\n<p>I\u2019m not going to die. That only \r\nhappens to bad people.<\/p>","filter":false}},"shop-sidebar":{"woocommerce_widget_cart-2":{"title":"Cart","hide_if_empty":0},"woocommerce_product_search-2":{"title":""},"woocommerce_price_filter-2":{"title":"Filter by price"},"woocommerce_product_categories-2":{"title":"Product categories","orderby":"name","dropdown":0,"count":1,"hierarchical":1,"show_children_only":0,"hide_empty":0}},"product-sidebar":{"woocommerce_product_search-3":{"title":""},"woocommerce_products-2":{"title":"Products","number":5,"show":"","orderby":"date","order":"desc","hide_free":0,"show_hidden":0},"woocommerce_recently_viewed_products-2":{"title":"Recently viewed products","number":10},"woocommerce_recent_reviews-2":{"title":"Recent reviews","number":10}}}