{"sidebar-1":{"search-2":{"title":""},"tab-2":{"popular_post_num":"4","recent_post_num":"4"},"mts_ad_300_widget-3":{"title":"","ad":"http:\/\/demo.mythemeshop.com\/daynight\/wp-content\/themes\/daynight\/images\/300x250.gif","link":"http:\/\/mythemeshop.com\/"},"categoryposts-2":{"title":"","cat":"32","num":"3","sort_by":"date","comment_num":"on","date":"on","thumb":"on","asc_sort_order":null,"title_link":null},"mts_ad_widget-2":{"title":"Our Sponsors","ad1":"http:\/\/demo.mythemeshop.com\/daynight\/wp-content\/themes\/daynight\/images\/125x125.gif","ad2":"http:\/\/demo.mythemeshop.com\/daynight\/wp-content\/themes\/daynight\/images\/125x125.gif","ad3":"","ad4":"","ad5":"","ad6":"","link1":"http:\/\/mythemeshop.com\/","link2":"http:\/\/mythemeshop.com\/","link3":"","link4":"","link5":"","link6":"","random":null},"mts_pp-widget-2":{"posts":"3","show_images":true},"facebook-like-widget-2":{"title":"Find us on Facebook","page_url":"https:\/\/www.facebook.com\/MyThemeShop","width":"292","color_scheme":"light","show_faces":"on","show_stream":null,"show_header":null},"social-profile-icons-2":{"title":"","dribbble":"#","email":"#","facebook":"#","gplus":"#","linkedin":"#","pinterest":"#","rss":"#","stumbleupon":"#","twitter":"#","youtube":"#","flickr":"#","lastfm":"#","tumblr":"#","vimeo":"#"}},"footer-1":{"mts_ad_300_widget-4":{"title":"Sponsor","ad":"http:\/\/demo.mythemeshop.com\/daynight\/wp-content\/themes\/daynight\/images\/300x250.gif","link":"http:\/\/mythemeshop.com\/"}},"footer-2":{"text-2":{"title":"Subscribe","text":"Pellentesque habitant morbi tristique senectus et netus et malesuada fames ac turpis egestas. <a href=\"#\">Vestibulum<\/a> tortor quam, feugiat vitae, ultricies eget, tempor sit amet, ante.","filter":false},"mts_subscribe_widget-3":{"title":"","desc":""}},"footer-3":{"advanced-recent-posts-3":{"title":"","count":"2","include_post_thumbnail":"false","include_post_excerpt":"false","truncate_post_title":"","truncate_post_title_type":"char","truncate_post_excerpt":"","truncate_post_excerpt_type":"char","truncate_elipsis":"...","post_thumbnail_width":"","post_thumbnail_height":"","widget_output_template":null,"show_expert_options":""}}}