{"sidebar":{"wp_subscribe-2":{"service":"feedburner","feedburner_id":"MyThemeShop","mailchimp_api_key":"","mailchimp_list_id":"","mailchimp_double_optin":"0","aweber_list_id":"","include_name_field":"0","title":"Get more stuff like this in your Inbox","text":"Subscribe to our mailing list and get interesting stuff and updates to your email inbox.","name_placeholder":"Enter your name here","email_placeholder":"Enter your email here","button_text":"Sign Up Now","success_message":"Thank you for subscribing.","error_message":"Something went wrong.","already_subscribed_message":"This email is already subscribed","footer_text":"we respect your privacy and take protecting it seriously"},"single_category_posts_widget-2":{"title":"Featured Category","cat":2,"title_length":7,"qty":2,"comment_num":0,"date":0,"show_thumb1":1,"box_layout":"vertical-small","show_excerpt":0,"excerpt_length":10}}}