{"sidebar-2":{"social-profile-icons-2":{"title":"","facebook":"#","behance":"","flickr":"","gplus":"#","pinterest":"#","instagram":"#","dribbble":"","linkedin":"","soundcloud":"","twitter":"#","vimeo":"","stumbleupon":"","tumblr":"","github":"","youtube":"#","foursquare":"","reddit":"","dropbox":"","skype":"","email":"#","rss":""},"wp_subscribe-2":{"title":"Get more stuff","service":"feedburner","feedburner_id":"","mailchimp_api_key":"","mailchimp_list_id":"","mailchimp_double_optin":"0","aweber_list_id":"","getresponse_api_key":"","getresponse_list_id":"","mailerlite_api_key":"","mailerlite_list_id":"","benchmark_user":"","benchmark_pass":"","benchmark_list_name":"","constantcontact_api_key":"","constantcontact_token":"","constantcontact_list_id":"","mailrelay_api_key":"","mailrelay_host":"","mailrelay_group_id":"","activecampaignapiurl":"","activecampaignapikey":"","activecampaignlistid":"","include_name_field":"0","thanks_page":"0","thanks_page_url":"","text":"Subscribe to our mailing list and get interesting stuff and updates to your email inbox.","name_placeholder":"Enter your name here","email_placeholder":"Enter your email here","button_text":"Sign Up Now","success_message":"Thank you for subscribing.","error_message":"Something went wrong.","footer_text":"we respect your privacy and take protecting it seriously","background_color":"#f9f9f9","title_color":"#282828","text_color":"#969696","field_text_color":"#282828","field_background_color":"#e5e5e5","button_text_color":"#ffffff","button_background_color":"#22c0d8","footer_text_color":"#bababa"},"single_category_posts_widget-2":{"title":"Featured Category","cat":1,"title_length":10,"qty":3,"comment_num":1,"date":1,"show_thumb1":1,"box_layout":"horizontal-small","show_excerpt":0,"excerpt_length":10},"text-2":{"title":"Text Widget","text":"A lifetime of working with nuclear power has left me with a healthy green glow\u2026and left me as impotent as a Nevada boxing commissioner. Kids, kids. I\u2019m not going to die. That only happens to bad people. Kids, kids. I\u2019m not going to die. That only happens to bad people. Slow down, Bart! My legs don\u2019t \u2026","filter":false},"recent-posts-2":{"title":"","number":5,"show_date":false}}}