{"footer-first":{"single_category_posts_widget-2":{"title":"Featured Category","cat":2,"title_length":7,"qty":3,"comment_num":1,"date":1,"show_thumb1":1,"box_layout":"horizontal-small","show_excerpt":0,"excerpt_length":10},"text-2":{"title":"Text Widget","text":"Program testing can be used to show the presence of bugs, but never to show their absence! Premature optimization is the root of all evil in programming. A good programmer is someone who always looks both ways before crossing a one-way street.\r\n\r\nIn Order To Understand Recursion, One Must First Understand Recursion.","filter":true}},"footer-first-2":{"mts_recent_posts_widget-2":{"title":"Latest News","qty":4,"title_length":7,"comment_num":1,"date":1,"show_thumb2":1,"box_layout":"horizontal-small","show_excerpt":0,"excerpt_length":10}},"sidebar":{"social-profile-icons-2":{"title":"Follow us","facebook":"#","behance":"","flickr":"","gplus":"#","pinterest":"#","instagram":"#","dribbble":"","linkedin":"#","soundcloud":"#","twitter":"#","vimeo":"#","stumbleupon":"#","tumblr":"#","github":"","youtube":"#","foursquare":"#","reddit":"","dropbox":"","skype":"","email":"","rss":""},"mts_popular_posts_widget-2":{"title":"Popular Posts","qty":3,"title_length":7,"comment_num":1,"date":1,"days":300000000000,"show_thumb3":1,"box_layout":"vertical-small","show_excerpt":0,"excerpt_length":10},"text-3":{"title":"Text Widget","text":"Measuring programming progress by lines of code is like measuring aircraft building progress by weight. C makes it easy to shoot yourself in the foot; C++ makes it harder, but when you do, it blows away your whole leg. I don't care if it works on your machine! We are not shipping your machine!","filter":false}}}