{"sidebar":{"mts_popular_posts_widget-2":{"title":"Popular Posts","qty":2,"title_length":7,"comment_num":1,"date":1,"days":30000000000,"show_thumb3":0,"box_layout":"horizontal-small","show_excerpt":0,"excerpt_length":10},"single_category_posts_widget-2":{"title":"Featured Category","cat":4,"title_length":10,"qty":2,"comment_num":1,"date":1,"show_thumb1":0,"box_layout":"horizontal-small","show_excerpt":1,"excerpt_length":10},"wpt_widget-2":{"tabs":{"popular":"1","recent":"1"},"tab_order":{"popular":"1","recent":"2","comments":"3","tags":"4"},"allow_pagination":null,"post_num":"3","title_length":"15","comment_num":"5","show_thumb":null,"thumb_size":"small","show_date":"1","show_excerpt":null,"excerpt_length":"15","show_comment_num":null,"show_avatar":"1","show_love":null},"facebook-like-widget-2":{"title":"Find us on Facebook","page_url":"https:\/\/www.facebook.com\/MyThemeShop\/","width":"300","show_faces":"on","show_stream":null,"show_header":"on"},"social-profile-icons-3":{"title":"Follow Us","facebook":"#","behance":"#","flickr":"#","gplus":"#","pinterest":"#","instagram":"#","dribbble":"","linkedin":"#","soundcloud":"#","twitter":"#","vimeo":"","stumbleupon":"","tumblr":"#","github":"","youtube":"#","foursquare":"","reddit":"","dropbox":"","skype":"","email":"","rss":"#"}},"footer-first":{"mts_widget_recent_tweets-2":{"title":"Latest Tweets","consumerkey":"uALGWYZANMHuIz8SnJx6A","consumersecret":"h85rBBN1C54EDAlKM06itZho1EKfkB9xsJThMwE","accesstoken":"28959960-PSRUVP19F74YJ8F1rYSs6cnjaqxPqwxyBv68I0vF9","accesstokensecret":"kCTN92q50F8MnIUmi4hbanYbChTmuJJp5K3e3aUGA","cachetime":"24","username":"mythemeshopteam","tweetstoshow":"2"}},"footer-first-2":{"single_category_posts_widget-3":{"title":"Featured Category","cat":2,"title_length":7,"qty":2,"comment_num":1,"date":1,"show_thumb1":0,"box_layout":"horizontal-small","show_excerpt":0,"excerpt_length":10}},"footer-first-3":{"categories-2":{"title":"Categories","count":0,"hierarchical":0,"dropdown":0}},"footer-first-4":{"mts_recent_posts_widget-2":{"title":"Recent Posts","qty":2,"title_length":7,"comment_num":1,"date":1,"show_thumb2":0,"box_layout":"horizontal-small","show_excerpt":0,"excerpt_length":10}}}