{"sidebar":{"search-3":{"title":""},"single_category_posts_widget-5":{"title":"Politics","cat":19,"title_length":7,"qty":4,"comment_num":0,"date":0,"show_thumb1":1,"box_layout":"horizontal-small","show_excerpt":0,"excerpt_length":10},"mts_popular_posts_widget-4":{"title":"Trending","qty":4,"title_length":7,"comment_num":0,"date":0,"days":9999,"show_thumb3":1,"box_layout":"horizontal-small","show_excerpt":0,"excerpt_length":10},"single_category_posts_widget-6":{"title":"Breaking","cat":17,"title_length":7,"qty":4,"comment_num":0,"date":0,"show_thumb1":1,"box_layout":"horizontal-small","show_excerpt":0,"excerpt_length":10}},"post-layout-2home-layout-2":{"social-profile-icons-2":{"title":"Follow Us","facebook":"#","behance":"#","flickr":"#","gplus":"#","pinterest":"#","instagram":"#","dribbble":"#","linkedin":"#","soundcloud":"#","twitter":"#","vimeo":"#","stumbleupon":"#","tumblr":"#","github":"#","youtube":"","foursquare":"#","reddit":"#","dropbox":"#","skype":"#","email":"#","rss":"#"},"single_category_posts_widget-2":{"title":"Featured Category","cat":24,"title_length":7,"qty":4,"comment_num":0,"date":0,"show_thumb1":1,"box_layout":"horizontal-small","show_excerpt":0,"excerpt_length":10},"mts_post_slider_widget-2":{"title":"Featured Posts","cat":["20","23"],"slides_num":3,"slider_nav":"arrows","show_title":1},"mts_popular_posts_widget-2":{"title":"Popular Posts","qty":4,"title_length":7,"comment_num":0,"date":0,"days":999,"show_thumb3":1,"box_layout":"horizontal-small","show_excerpt":0,"excerpt_length":10}},"footer-first":{"single_category_posts_widget-3":{"title":"Entertainment","cat":23,"title_length":7,"qty":2,"comment_num":0,"date":0,"show_thumb1":1,"box_layout":"vertical-small","show_excerpt":0,"excerpt_length":10}},"footer-first-2":{"mts_popular_posts_widget-3":{"title":"Popular Posts","qty":2,"title_length":7,"comment_num":0,"date":0,"days":999,"show_thumb3":1,"box_layout":"vertical-small","show_excerpt":0,"excerpt_length":10}},"footer-first-3":{"single_category_posts_widget-4":{"title":"Breaking","cat":17,"title_length":7,"qty":2,"comment_num":0,"date":0,"show_thumb1":1,"box_layout":"vertical-small","show_excerpt":0,"excerpt_length":10}},"footer-first-4":{"text-2":{"title":"About Us","text":"<p>Quisque sagittis quis enim vel maximus. Quisque vitae purus suscipit, cursus est at, vulputate erat. Ut nec risus eu magna pharetra posuere. Sed imperdiet egestas mollis.<\/p>\r\n<p>Duis eu laoreet ipsum. Phasellus ultricies venenatis sagittis. Praesent pretium eros nec est convallis, et porta mi molestie. Etiam porttitor ipsum bibendum ullamcorper dapibus.<\/p>","filter":true,"visual":true}}}