{"sidebar":{"search-2":{"title":""},"social-profile-icons-2":{"title":"Follow Us","facebook":"#","behance":"","flickr":"#","gplus":"#","pinterest":"#","instagram":"#","dribbble":"#","linkedin":"#","soundcloud":"#","twitter":"#","vimeo":"#","stumbleupon":"#","tumblr":"#","github":"#","youtube":"#","foursquare":"","reddit":"#","dropbox":"","skype":"#","email":"#","rss":"#"},"wpt_widget-2":{"tabs":{"popular":"1","recent":"1"},"tab_order":{"popular":"1","recent":"2","comments":"3","tags":"4"},"allow_pagination":"1","post_num":"5","title_length":"7","comment_num":"5","show_thumb":"1","thumb_size":"small","show_date":"1","show_excerpt":null,"excerpt_length":"15","show_comment_num":null,"show_avatar":"1","show_love":null},"mts_ad_300_widget-2":{"title":"","ad":"https:\/\/demo.mythemeshop.com\/socialnow\/wp-content\/themes\/mts_socialnow\/images\/300x250.png","link":"http:\/\/mythemeshop.com\/"},"mts_recent_posts_widget-2":{"title":"Recent News","qty":3,"title_length":7,"author_name":1,"comment_num":0,"date":0,"show_thumb2":1,"box_layout":"vertical-small","show_excerpt":0,"excerpt_length":10},"wp_subscribe-2":{"service":"feedburner","feedburner_id":"","mailchimp_api_key":"","mailchimp_list_id":"","mailchimp_double_optin":"0","aweber_list_id":"","include_name_field":"0","title":"Get more stuff like this<br\/> <span>in your inbox<\/span>","text":"Subscribe to our mailing list and get interesting stuff and updates to your email inbox.","name_placeholder":"Enter your name here","email_placeholder":"Enter your email here","button_text":"Sign Up Now","success_message":"Thank you for subscribing.","error_message":"Something went wrong.","already_subscribed_message":"This email is already subscribed","footer_text":"we respect your privacy and take protecting it seriously"}},"footer-first":{"text-2":{"title":"About Us","text":"<div style=\"float: left; margin-right: 25px;\"><img src=\"https:\/\/demo.mythemeshop.com\/socialnow\/files\/2017\/03\/logo-footer.png\" \/><\/div>\r\n<div style=\"overflow: hidden;\"><strong>Nam sollicitudin porta sem, ac mollis tellus posuere ut donec ultricies sem<\/strong>\r\n<br \/><br \/>\r\nDonec ultricies sem nisi, id sodales ipsum tempus sed. Pellentesque sit amet sagittis est, a dapibus justo<\/div>","filter":false}},"footer-first-2":{"tag_cloud-3":{"title":"","taxonomy":"post_tag"}},"footer-first-3":{"categories-4":{"title":"","count":1,"hierarchical":0,"dropdown":0}},"footer-first-4":{"mts_widget_recent_tweets-2":{"title":"Latest Tweets","consumerkey":"uALGWYZANMHuIz8SnJx6A","consumersecret":"h85rBBN1C54EDAlKM06itZho1EKfkB9xsJThMwE","accesstoken":"28959960-PSRUVP19F74YJ8F1rYSs6cnjaqxPqwxyBv68I0vF9","accesstokensecret":"kCTN92q50F8MnIUmi4hbanYbChTmuJJp5K3e3aUGA","cachetime":"24","username":"mythemeshopteam","tweetstoshow":"1"}},"shop-sidebar":{"woocommerce_product_search-2":{"title":""},"woocommerce_price_filter-2":{"title":"Filter by price"},"woocommerce_product_categories-2":{"title":"Product Categories","orderby":"name","dropdown":0,"count":0,"hierarchical":1,"show_children_only":0,"hide_empty":0},"woocommerce_products-3":{"title":"Products","number":5,"show":"","orderby":"date","order":"desc","hide_free":0,"show_hidden":0}},"product-sidebar":{"woocommerce_product_search-3":{"title":""},"woocommerce_widget_cart-2":{"title":"Cart","hide_if_empty":0},"woocommerce_recently_viewed_products-2":{"title":"Recently Viewed Products","number":10},"woocommerce_recent_reviews-2":{"title":"Recent Reviews","number":10}}}