[{"agency":[{"title":"Perfect Home","fields":{"tagline":"Morbi id mi eget enim tempus","content":"Fusce lorem dolor, varius sit amet sapien vel, sodales mattis dolor. Mauris vehicula mi tempus rutrum dapibus. Interdum et malesuada fames ac ante ipsum primis in faucibus. Fusce cursus condimentum ex ut ornare. Aliquam maximus dapibus nunc id laoreet. Morbi id mi eget enim tempus elementum. Donec sed hendrerit lorem. Sed posuere sed neque a venenatis. Sed consequat orci dapibus sapien posuere tempus. Vivamus lobortis dui massa, a pulvinar purus tincidunt ut. Nullam quis suscipit mauris.\r\n\r\nEtiam quis faucibus odio. Duis efficitur lacus quam, et ultricies lorem blandit ut. Duis erat mi, imperdiet at elit at, gravida bibendum risus. Sed in ullamcorper diam, volutpat rhoncus dolor. Cras nec orci aliquet, ultricies velit quis, cursus purus. Sed suscipit luctus urna a tincidunt. Donec tristique a turpis nec porta. Ut eget augue ac metus faucibus finibus dictum in velit. Etiam in tempor leo. Nullam dapibus est ante, sed molestie dolor accumsan id. Aenean mauris est, hendrerit quis magna in, tempor luctus arcu. Phasellus nec dignissim mauris. Ut placerat arcu quis volutpat sollicitudin.","agents":["1","1397"],"displayed_address":"New South Wales, Australia","city":"","zip":"","state":"New South Wales","country":"Australia","lat":"-31.2532183","lng":"146.92109900000003","logo":"https:\/\/demo.mythemeshop.com\/wp-real-estate-pro\/files\/2017\/10\/Agency-3.png","logo_id":"145","cover":"https:\/\/demo.mythemeshop.com\/wp-real-estate-pro\/files\/2017\/09\/table-white-home-interior.jpg","cover_id":"26","phone":"","fax":"","email":"","website":""}},{"title":"My Home","fields":{"tagline":"Proin placerat rutrum volutpat","content":"Praesent in laoreet orci, ac iaculis elit. Nullam cursus, nisl id tempor vestibulum, ante nunc congue ligula, porta posuere nunc neque in lectus. Cras non metus sapien. Vivamus ultrices libero congue purus placerat, ac efficitur diam dapibus. Pellentesque sit amet nisl risus. Duis vitae porttitor erat, ut imperdiet nisl. Cras eu dictum sapien, sed finibus felis. Aliquam et nibh luctus, volutpat leo ac, ultricies felis. Proin semper metus quis sem vehicula, sed sodales neque rhoncus. Orci varius natoque penatibus et magnis dis parturient montes, nascetur ridiculus mus. Proin velit nulla, placerat a ultrices a, blandit a mauris. Quisque eget diam rutrum, consequat justo in, fringilla sapien. In tempus dapibus sapien, eu vestibulum est lacinia quis. Aliquam ante orci, dignissim eget dignissim sodales, luctus a ante. Nulla vel risus elit. Morbi ornare erat non imperdiet faucibus.\r\n\r\nAenean enim turpis, pharetra id rhoncus ut, cursus nec mauris. Curabitur vehicula sodales risus, auctor bibendum mauris feugiat sed. Sed at quam bibendum, varius ante non, pellentesque lectus. Quisque at vulputate est. Sed et ullamcorper sapien. Sed aliquet volutpat justo sit amet placerat. Quisque euismod risus urna, eu varius augue porta quis. Sed semper aliquet odio. Proin placerat rutrum volutpat. Mauris at gravida tellus. Suspendisse non odio rhoncus, placerat ex sit amet, convallis nibh. Pellentesque lacinia ornare mi, quis porttitor augue consequat a.","agents":["169","1"],"displayed_address":"Long Beach, CA, USA","city":"Long Beach","zip":"","state":"California","country":"United States","lat":"33.7700504","lng":"-118.19373949999999","logo":"","logo_id":"","cover":"https:\/\/demo.mythemeshop.com\/wp-real-estate-pro\/files\/2017\/09\/pexels-photo-217294.jpeg","cover_id":"29","phone":"","fax":"","email":"","website":""}},{"title":"Real City","fields":{"tagline":"Pellentesque sit amet accumsan","content":"Nulla id laoreet leo, quis hendrerit magna. Quisque sagittis imperdiet sapien, sed consequat sem egestas ut. Vivamus iaculis magna orci, vel rhoncus ex elementum a. Duis dignissim justo pharetra, vehicula urna sit amet, ullamcorper nibh. Nam consectetur eget elit a auctor. Sed venenatis lorem erat, id molestie quam scelerisque eu. Maecenas viverra commodo vulputate. Nullam id dapibus quam, ac hendrerit sem. Aenean cursus arcu metus, eu mattis eros gravida eu. Aliquam erat volutpat.\r\n\r\nNunc non urna quis felis ullamcorper volutpat eu eget ex. Nunc velit dolor, efficitur eget odio ac, tempus faucibus lacus. Suspendisse scelerisque imperdiet pulvinar. Suspendisse ut dui at leo tristique dictum sit amet non velit. Duis laoreet tortor at faucibus faucibus. Quisque sed efficitur ante. Integer quis eros erat. Nullam commodo ex libero, eu tempor felis faucibus in. Vivamus id ante consequat, volutpat enim eget, iaculis massa. Praesent sed elit eros. Pellentesque sit amet accumsan sem, ac rhoncus erat. Sed sit amet justo suscipit, semper urna vitae, vehicula mi. Cras sagittis ex eros, a porttitor justo condimentum vel. Etiam ultricies lacus at ex varius convallis. Pellentesque efficitur neque in nisi suscipit hendrerit.","agents":["169","173","1","1397"],"displayed_address":"London, UK","city":"London","zip":"","state":"England","country":"United Kingdom","lat":"51.5073509","lng":"-0.12775829999998223","logo":"","logo_id":"","cover":"https:\/\/demo.mythemeshop.com\/wp-real-estate-pro\/files\/2017\/09\/1.jpg","cover_id":"9","phone":"","fax":"","email":"","website":""}},{"title":"Max City","fields":{"tagline":"Sed luctus augue nec sollicitudin","content":"Nullam quis tortor vulputate, laoreet dui at, posuere ex. Etiam vel iaculis sapien, eu placerat leo. Aenean a nulla id urna facilisis faucibus. In facilisis dolor eget lorem aliquet dictum. Praesent sodales ante eget nulla egestas sollicitudin. Phasellus et laoreet purus, eu lobortis odio. Praesent mollis turpis massa, eget volutpat dui viverra eget. Pellentesque et orci vitae justo congue pharetra.\r\n\r\nCras ligula urna, gravida sed ullamcorper ac, auctor quis turpis. Aliquam ut posuere elit. Fusce tincidunt rhoncus ante, eu lacinia mi pellentesque non. Donec ut mi a risus tempor feugiat. Integer nec laoreet ligula. Nulla posuere eu odio et maximus. Mauris dignissim nec eros sit amet tincidunt. Sed luctus augue nec sollicitudin luctus. Vestibulum ante ipsum primis in faucibus orci luctus et ultrices posuere cubilia Curae; Suspendisse efficitur nisi non dictum cursus. Integer cursus pharetra lectus, id gravida nulla condimentum id. Phasellus nec libero felis.","agents":["173","1"],"displayed_address":"Miami, FL, USA","city":"Miami","zip":"","state":"Florida","country":"United States","lat":"25.7616798","lng":"-80.19179020000001","logo":"","logo_id":"","cover":"https:\/\/demo.mythemeshop.com\/wp-real-estate-pro\/files\/2017\/09\/pexels-photo-189295.jpeg","cover_id":"35","phone":"","fax":"","email":"","website":""}}],"listing":[{"title":"Unbeatable Views!","fields":{"tagline":"Soak up the sun with this beachfront beauty","content":"Suspendisse elementum, ligula sed mollis fermentum, nulla leo elementum ipsum, viverra ultricies dolor mi at sapien. Maecenas porttitor vulputate metus, id luctus urna lobortis vitae. Sed faucibus enim sit amet nulla laoreet tincidunt. Suspendisse rutrum tincidunt accumsan. Nunc velit est, porta id ultricies ut, euismod ut felis. Donec ligula nisi, commodo vel laoreet pharetra, dictum nec ipsum. Quisque eu egestas nibh. Vivamus malesuada eros lacinia leo blandit lobortis. Quisque scelerisque lorem non justo tristique, nec tincidunt risus laoreet.\r\n\r\nDonec non massa id nisi hendrerit rhoncus. Praesent a nisl sed augue pretium vestibulum in ultricies est. Donec bibendum feugiat mi quis fringilla. Vestibulum ullamcorper varius mauris vitae pulvinar. Aliquam erat volutpat. Vestibulum fringilla vitae sapien ut congue. Suspendisse mattis massa efficitur, sagittis ligula in, blandit lorem. Ut luctus lobortis enim, sed sollicitudin orci viverra non. Aliquam erat volutpat. Mauris aliquet fringilla justo id cursus. Nam id semper massa. Donec hendrerit est felis, et aliquet urna venenatis et. Etiam vehicula, mi in congue mattis, metus purus tincidunt risus, sit amet sodales enim diam ac mauris. Maecenas felis ipsum, egestas at ligula a, pulvinar porta augue. Nam molestie porttitor tellus, eu sollicitudin elit ornare et.","price":"485000","price_suffix":"","status":"under-offer","purpose":"Sell","bedrooms":"4","bathrooms":"2","car_spaces":"3","building_size":"24","building_unit":"squares","land_size":"3","land_unit":"squares","agent":"1397","displayed_address":"Des Moines, IA, USA","zip":"","city":"Des Moines","state":"Iowa","country":"United States","lat":"41.6005448","lng":"-93.60910639999997","image_gallery":{"12":"https:\/\/demo.mythemeshop.com\/wp-real-estate\/files\/2017\/09\/office-table-home-room.jpeg","13":"https:\/\/demo.mythemeshop.com\/wp-real-estate\/files\/2017\/09\/pexels-photo.jpg","14":"https:\/\/demo.mythemeshop.com\/wp-real-estate\/files\/2017\/09\/pexels-photo-28620.jpg"},"open":"","internal_features":"","external_features":"","type":"house","mls":"","neighborhood":""}},{"title":"Everything at your doorstep","fields":{"tagline":"Close to everything!","content":"<p>Vestibulum at viverra dolor. Phasellus suscipit vitae mi nec sagittis. Etiam faucibus imperdiet tincidunt. Morbi hendrerit vitae turpis et commodo. Cras a sapien faucibus, volutpat velit non, varius dui. Aliquam erat volutpat. Phasellus aliquet, arcu vel blandit elementum, nisl lorem cursus risus, in venenatis nibh ligula ut neque.<\/p>\r\n<p>Curabitur odio velit, tincidunt eget fermentum nec, volutpat in velit. Nullam non iaculis lacus, at scelerisque lacus. Vivamus ultrices ante id lacus semper, sit amet fringilla tortor egestas. Aliquam quis urna nisl. Etiam egestas nisl a purus maximus ornare. Integer euismod tincidunt tellus pellentesque luctus. Aenean ultricies lectus erat, sit amet cursus urna lobortis sed. Praesent commodo laoreet velit non tempor.<\/p>\r\n<p>Vivamus fermentum convallis consequat. Phasellus id ex molestie, faucibus neque in, suscipit nunc. Ut tincidunt congue urna, nec blandit tellus suscipit ac. Donec euismod at elit id vulputate. Phasellus nec semper nibh. Duis nec lacinia libero, pulvinar varius turpis. Etiam sit amet hendrerit ligula.<\/p>","price":"420000","price_suffix":"or near offer","status":"under-offer","purpose":"Sell","bedrooms":"4","bathrooms":"2","car_spaces":"1","building_size":"24","building_unit":"squares","land_size":"3","land_unit":"squares","agent":"1","displayed_address":"Des Moines, IA 50315, USA","zip":"50315","city":"Des Moines","state":"Iowa","country":"United States","lat":"41.53465579999999","lng":"-93.61164939999998","image_gallery":{"8":"https:\/\/demo.mythemeshop.com\/wp-real-estate\/files\/2017\/09\/2.jpg","9":"https:\/\/demo.mythemeshop.com\/wp-real-estate\/files\/2017\/09\/1.jpg"},"open":[{"day":"17-09-20","start":"10:00 am","end":"8:00 pm"}],"internal_features":"","external_features":"","type":"house","mls":"","neighborhood":""}},{"title":"Lovely Farm and Cottage","fields":{"tagline":"Country Delight","content":"Nam cursus libero id volutpat malesuada. Sed ullamcorper tortor arcu, a finibus velit varius id. Nullam egestas pellentesque leo, eu lacinia metus vulputate a. Donec faucibus suscipit pretium. Suspendisse nec aliquam dolor, vel tempor ligula. Sed ac congue tellus. Aliquam ut dui consequat, elementum purus a, luctus quam. Phasellus sit amet eleifend mi, vel sollicitudin erat.\r\n\r\nAliquam blandit sapien ac nisi ultricies vehicula. Mauris pulvinar odio eget hendrerit efficitur. Nulla vehicula, mauris non efficitur venenatis, orci mauris ultrices metus, in placerat nunc leo a velit. Morbi lacinia urna vitae pellentesque volutpat. Nullam sed sapien ante. Proin et augue quis est lobortis blandit. Nullam condimentum leo quis elit luctus molestie. Sed sapien dui, pellentesque quis orci non, dictum tincidunt libero.","price":"520000","price_suffix":"","status":"","purpose":"Sell","bedrooms":"3","bathrooms":"1","car_spaces":"","building_size":"20.5","building_unit":"squares","land_size":"95","land_unit":"squares","agent":"169","displayed_address":"Des Moines, IA 50314, USA","zip":"50314","city":"Des Moines","state":"Iowa","country":"United States","lat":"41.605621","lng":"-93.61969099999999","image_gallery":{"18":"https:\/\/demo.mythemeshop.com\/wp-real-estate\/files\/2017\/09\/pexels-photo-38106.jpeg","19":"https:\/\/demo.mythemeshop.com\/wp-real-estate\/files\/2017\/09\/pexels-photo-94644.jpeg","21":"https:\/\/demo.mythemeshop.com\/wp-real-estate\/files\/2017\/09\/pexels-photo-121537.jpeg"},"open":"","internal_features":["Dishwasher","Open Fireplace"],"external_features":["Balcony","Tennis Court"],"type":"house","mls":"","neighborhood":""}},{"title":"Entertainers Delight","fields":{"tagline":"Everything you need right here","content":"Suspendisse elementum, ligula sed mollis fermentum, nulla leo elementum ipsum, viverra ultricies dolor mi at sapien. Maecenas porttitor vulputate metus, id luctus urna lobortis vitae. Sed faucibus enim sit amet nulla laoreet tincidunt. Suspendisse rutrum tincidunt accumsan. Nunc velit est, porta id ultricies ut, euismod ut felis. Donec ligula nisi, commodo vel laoreet pharetra, dictum nec ipsum. Quisque eu egestas nibh. Vivamus malesuada eros lacinia leo blandit lobortis. Quisque scelerisque lorem non justo tristique, nec tincidunt risus laoreet.\r\n\r\nDonec non massa id nisi hendrerit rhoncus. Praesent a nisl sed augue pretium vestibulum in ultricies est. Donec bibendum feugiat mi quis fringilla. Vestibulum ullamcorper varius mauris vitae pulvinar. Aliquam erat volutpat. Vestibulum fringilla vitae sapien ut congue. Suspendisse mattis massa efficitur, sagittis ligula in, blandit lorem. Ut luctus lobortis enim, sed sollicitudin orci viverra non. Aliquam erat volutpat. Mauris aliquet fringilla justo id cursus. Nam id semper massa. Donec hendrerit est felis, et aliquet urna venenatis et. Etiam vehicula, mi in congue mattis, metus purus tincidunt risus, sit amet sodales enim diam ac mauris. Maecenas felis ipsum, egestas at ligula a, pulvinar porta augue. Nam molestie porttitor tellus, eu sollicitudin elit ornare et.","price":"12500","price_suffix":"","status":"","purpose":"Sell","bedrooms":"5","bathrooms":"3","car_spaces":"2","building_size":"","building_unit":"squares","land_size":"","land_unit":"squares","agent":"1397","displayed_address":"Des Moines, IA 50319, USA","zip":"50319","city":"Des Moines","state":"Iowa","country":"United States","lat":"41.5910453","lng":"-93.6027866","image_gallery":{"24":"https:\/\/demo.mythemeshop.com\/wp-real-estate\/files\/2017\/09\/inside-apartment-design-home.jpg","25":"https:\/\/demo.mythemeshop.com\/wp-real-estate\/files\/2017\/09\/bedroom-architectural-interior-lifestyle-53603.jpeg"},"open":"","internal_features":"","external_features":["Balcony","Tennis Court"],"type":"house","mls":"","neighborhood":""}},{"title":"Right On The Beach!","fields":{"tagline":"Soak up the sun and surf with this beachfront beauty","content":"<p>Nam cursus libero id volutpat malesuada. Sed ullamcorper tortor arcu, a finibus velit varius id. Nullam egestas pellentesque leo, eu lacinia metus vulputate a. Donec faucibus suscipit pretium. Suspendisse nec aliquam dolor, vel tempor ligula. Sed ac congue tellus. Aliquam ut dui consequat, elementum purus a, luctus quam. Phasellus sit amet eleifend mi, vel sollicitudin erat.<\/p>\r\n<p>Aliquam blandit sapien ac nisi ultricies vehicula. Mauris pulvinar odio eget hendrerit efficitur. Nulla vehicula, mauris non efficitur venenatis, orci mauris ultrices metus, in placerat nunc leo a velit. Morbi lacinia urna vitae pellentesque volutpat. Nullam sed sapien ante. Proin et augue quis est lobortis blandit. Nullam condimentum leo quis elit luctus molestie. Sed sapien dui, pellentesque quis orci non, dictum tincidunt libero.<\/p>","price":"5400","price_suffix":"or near offer","status":"","purpose":"Sell","bedrooms":"3","bathrooms":"2","car_spaces":"1","building_size":"30","building_unit":"squares","land_size":"25","land_unit":"squares","agent":"1","displayed_address":"1915 Prospect Rd, Des Moines, IA 50310, USA","zip":"50310","city":"Des Moines","state":"Iowa","country":"United States","lat":"41.62049270000001","lng":"-93.6473962","image_gallery":{"26":"https:\/\/demo.mythemeshop.com\/wp-real-estate\/files\/2017\/09\/table-white-home-interior.jpg","28":"https:\/\/demo.mythemeshop.com\/wp-real-estate\/files\/2017\/09\/water-kitchen-black-design.jpg"},"open":"","internal_features":["Open Fireplace"],"external_features":["Balcony"],"type":"house","mls":"","neighborhood":""}},{"title":"All the space you need","fields":{"tagline":"Ut enim ad minima veniam","content":"Vestibulum at viverra dolor. Phasellus suscipit vitae mi nec sagittis. Etiam faucibus imperdiet tincidunt. Morbi hendrerit vitae turpis et commodo. Cras a sapien faucibus, volutpat velit non, varius dui. Aliquam erat volutpat. Phasellus aliquet, arcu vel blandit elementum, nisl lorem cursus risus, in venenatis nibh ligula ut neque.\r\n\r\nCurabitur odio velit, tincidunt eget fermentum nec, volutpat in velit. Nullam non iaculis lacus, at scelerisque lacus. Vivamus ultrices ante id lacus semper, sit amet fringilla tortor egestas. Aliquam quis urna nisl. Etiam egestas nisl a purus maximus ornare. Integer euismod tincidunt tellus pellentesque luctus. Aenean ultricies lectus erat, sit amet cursus urna lobortis sed. Praesent commodo laoreet velit non tempor.\r\n\r\nVivamus fermentum convallis consequat. Phasellus id ex molestie, faucibus neque in, suscipit nunc. Ut tincidunt congue urna, nec blandit tellus suscipit ac. Donec euismod at elit id vulputate. Phasellus nec semper nibh. Duis nec lacinia libero, pulvinar varius turpis. Etiam sit amet hendrerit ligula.","price":"35000","price_suffix":"fixed","status":"sold","purpose":"Sell","bedrooms":"0","bathrooms":"0","car_spaces":"0","building_size":"","building_unit":"squares","land_size":"25","land_unit":"squares","agent":"173","displayed_address":"2230 Hickman Rd, Des Moines, IA 50310, USA","zip":"50310","city":"Des Moines","state":"Iowa","country":"United States","lat":"41.614763","lng":"-93.647941","image_gallery":{"29":"https:\/\/demo.mythemeshop.com\/wp-real-estate\/files\/2017\/09\/pexels-photo-217294.jpeg","30":"https:\/\/demo.mythemeshop.com\/wp-real-estate\/files\/2017\/09\/stairs-home-loft-lifestyle.jpg"},"open":"","internal_features":"","external_features":"","type":"land","mls":"","neighborhood":""}},{"title":"Modern Beachfront Living","fields":{"tagline":"Aut reiciendis voluptatibus maiores","content":"<p>Suspendisse elementum, ligula sed mollis fermentum, nulla leo elementum ipsum, viverra ultricies dolor mi at sapien. Maecenas porttitor vulputate metus, id luctus urna lobortis vitae. Sed faucibus enim sit amet nulla laoreet tincidunt. Suspendisse rutrum tincidunt accumsan. Nunc velit est, porta id ultricies ut, euismod ut felis. Donec ligula nisi, commodo vel laoreet pharetra, dictum nec ipsum. Quisque eu egestas nibh. Vivamus malesuada eros lacinia leo blandit lobortis. Quisque scelerisque lorem non justo tristique, nec tincidunt risus laoreet.<\/p>\r\n<p>Donec non massa id nisi hendrerit rhoncus. Praesent a nisl sed augue pretium vestibulum in ultricies est. Donec bibendum feugiat mi quis fringilla. Vestibulum ullamcorper varius mauris vitae pulvinar. Aliquam erat volutpat. Vestibulum fringilla vitae sapien ut congue. Suspendisse mattis massa efficitur, sagittis ligula in, blandit lorem. Ut luctus lobortis enim, sed sollicitudin orci viverra non. Aliquam erat volutpat. Mauris aliquet fringilla justo id cursus. Nam id semper massa. Donec hendrerit est felis, et aliquet urna venenatis et. Etiam vehicula, mi in congue mattis, metus purus tincidunt risus, sit amet sodales enim diam ac mauris. Maecenas felis ipsum, egestas at ligula a, pulvinar porta augue. Nam molestie porttitor tellus, eu sollicitudin elit ornare et.<\/p>","price":"600000","price_suffix":"","status":"","purpose":"Sell","bedrooms":"3","bathrooms":"2","car_spaces":"4","building_size":"","building_unit":"squares","land_size":"","land_unit":"squares","agent":"1","displayed_address":"Des Moines, IA 50310, USA","zip":"50310","city":"Des Moines","state":"Iowa","country":"United States","lat":"41.63244900000001","lng":"-93.67246490000002","image_gallery":{"33":"https:\/\/demo.mythemeshop.com\/wp-real-estate\/files\/2017\/09\/pexels-photo-189333.jpeg","34":"https:\/\/demo.mythemeshop.com\/wp-real-estate\/files\/2017\/09\/pexels-photo-196055.jpeg"},"open":"","internal_features":"","external_features":"","type":"house","mls":"","neighborhood":""}},{"title":"8542 El Paseo Grande","fields":{"tagline":"Etiam accumsan urna","content":"Aenean accumsan eros at ex sodales congue. Morbi viverra, nibh quis molestie porttitor, est felis consequat sapien, efficitur faucibus arcu metus ut ex. Nullam aliquet commodo ex suscipit suscipit. In auctor ex malesuada, mattis massa ut, vulputate lectus. Vestibulum vitae feugiat leo. Pellentesque vehicula diam tellus, vestibulum pretium ante facilisis sollicitudin. Duis quis magna vitae justo feugiat rhoncus vitae eu magna. Phasellus vitae ullamcorper ipsum, in dapibus nibh. Phasellus at risus auctor, dictum nisi vitae, convallis dolor.\r\n\r\nDonec hendrerit quam ut dignissim placerat. Praesent ultricies mattis erat, vel cursus diam suscipit nec. Nunc commodo sed erat ac tristique. Sed leo nibh, auctor in urna eget, imperdiet malesuada nibh. Donec in sem vel nulla rhoncus sagittis congue vehicula leo. Curabitur non arcu a mauris efficitur placerat. Nunc placerat eu nibh id scelerisque. Curabitur sem nunc, molestie non risus finibus, venenatis euismod sapien. Nulla rhoncus dui libero, non efficitur sem congue a. Proin sit amet libero risus. Morbi tristique ornare tortor, quis rhoncus orci luctus ac.","price":"15000","price_suffix":"or near offer","status":"active","purpose":"Rent","bedrooms":"3","bathrooms":"3","car_spaces":"1","building_size":"100","building_unit":"squares","land_size":"20","land_unit":"squares","agent":"169","displayed_address":"1045 22nd St, Des Moines, IA 50311, USA","zip":"50311","city":"Des Moines","state":"Iowa","country":"United States","lat":"41.596851","lng":"-93.646344","image_gallery":{"35":"https:\/\/demo.mythemeshop.com\/wp-real-estate\/files\/2017\/09\/pexels-photo-189295.jpeg","37":"https:\/\/demo.mythemeshop.com\/wp-real-estate\/files\/2017\/09\/pexels-photo-189293.jpeg"},"open":"","internal_features":["Dishwasher","Open Fireplace"],"external_features":["Balcony"],"type":"house","mls":"","neighborhood":""}},{"title":"1100 5th Ave","fields":{"tagline":"Vivamus blandit mi nec","content":"Curabitur in orci tempor, porttitor augue sed, feugiat lacus. Nulla facilisi. Ut ultrices hendrerit felis. Etiam malesuada orci sit amet ex tincidunt congue. Vivamus id ipsum ut felis rutrum consectetur non sed magna. Nulla pharetra cursus augue quis scelerisque. Etiam auctor vel quam eu aliquam. In sed tincidunt elit. Pellentesque in aliquet felis. Morbi dolor massa, accumsan sed scelerisque vitae, finibus id leo. In nec placerat massa. Fusce gravida, lacus a blandit volutpat, turpis quam cursus sapien, at pretium felis dui id tellus. Orci varius natoque penatibus et magnis dis parturient montes, nascetur ridiculus mus. Proin maximus sollicitudin turpis, a auctor elit venenatis vel. Pellentesque eu fringilla purus. Duis fringilla turpis in ligula fermentum, a luctus lorem consectetur.\r\n\r\nDuis dictum, nisl eget pretium commodo, justo lorem finibus nisi, vitae tempus dui dolor ut odio. Integer fringilla non nibh nec porta. Curabitur in malesuada enim. Nunc ac tortor diam. Donec finibus sit amet sem eu sollicitudin. Donec vel dignissim magna, vitae ornare ipsum. Quisque nec turpis nec ex commodo egestas. Vivamus sed erat vel diam molestie tincidunt eu vel tortor. Curabitur venenatis posuere eros sit amet accumsan. Donec convallis aliquam ligula sed facilisis. Curabitur tincidunt posuere justo vel fringilla.","price":"87000","price_suffix":"no bargain","status":"under-offer","purpose":"Sell","bedrooms":"4","bathrooms":"3","car_spaces":"2","building_size":"200","building_unit":"squares","land_size":"300","land_unit":"squares","agent":"1397","displayed_address":"Des Moines, IA 50311, USA","zip":"50311","city":"Des Moines","state":"Iowa","country":"United States","lat":"41.5999808","lng":"-93.67500050000001","image_gallery":{"38":"https:\/\/demo.mythemeshop.com\/wp-real-estate\/files\/2017\/09\/pexels-photo-140982.jpeg","24":"https:\/\/demo.mythemeshop.com\/wp-real-estate\/files\/2017\/09\/inside-apartment-design-home.jpg","14":"https:\/\/demo.mythemeshop.com\/wp-real-estate-pro\/files\/2017\/09\/pexels-photo-28620.jpg","18":"https:\/\/demo.mythemeshop.com\/wp-real-estate-pro\/files\/2017\/09\/pexels-photo-38106.jpeg","19":"https:\/\/demo.mythemeshop.com\/wp-real-estate-pro\/files\/2017\/09\/pexels-photo-94644.jpeg"},"open":"","internal_features":"","external_features":["Balcony","Tennis Court"],"type":"house","mls":"","neighborhood":""}},{"title":"Escada Apartments","fields":{"tagline":"Pellentesque aliquam","content":"Curabitur in orci tempor, porttitor augue sed, feugiat lacus. Nulla facilisi. Ut ultrices hendrerit felis. Etiam malesuada orci sit amet ex tincidunt congue. Vivamus id ipsum ut felis rutrum consectetur non sed magna. Nulla pharetra cursus augue quis scelerisque. Etiam auctor vel quam eu aliquam. In sed tincidunt elit. Pellentesque in aliquet felis. Morbi dolor massa, accumsan sed scelerisque vitae, finibus id leo. In nec placerat massa. Fusce gravida, lacus a blandit volutpat, turpis quam cursus sapien, at pretium felis dui id tellus. Orci varius natoque penatibus et magnis dis parturient montes, nascetur ridiculus mus. Proin maximus sollicitudin turpis, a auctor elit venenatis vel. Pellentesque eu fringilla purus. Duis fringilla turpis in ligula fermentum, a luctus lorem consectetur.\r\n\r\nDuis dictum, nisl eget pretium commodo, justo lorem finibus nisi, vitae tempus dui dolor ut odio. Integer fringilla non nibh nec porta. Curabitur in malesuada enim. Nunc ac tortor diam. Donec finibus sit amet sem eu sollicitudin. Donec vel dignissim magna, vitae ornare ipsum. Quisque nec turpis nec ex commodo egestas. Vivamus sed erat vel diam molestie tincidunt eu vel tortor. Curabitur venenatis posuere eros sit amet accumsan. Donec convallis aliquam ligula sed facilisis. Curabitur tincidunt posuere justo vel fringilla.","price":"30000","price_suffix":"fixed","status":"auction","purpose":"Rent","bedrooms":"4","bathrooms":"3","car_spaces":"1","building_size":"2400","building_unit":"squares","land_size":"200","land_unit":"squares","agent":"1","displayed_address":"Des Moines, IA 50312, USA","zip":"50312","city":"Des Moines","state":"Iowa","country":"United States","lat":"41.5774667","lng":"-93.67753619999996","image_gallery":{"30":"https:\/\/demo.mythemeshop.com\/wp-real-estate\/files\/2017\/09\/stairs-home-loft-lifestyle.jpg","24":"https:\/\/demo.mythemeshop.com\/wp-real-estate\/files\/2017\/09\/inside-apartment-design-home.jpg","35":"https:\/\/demo.mythemeshop.com\/wp-real-estate-pro\/files\/2017\/09\/pexels-photo-189295.jpeg","26":"https:\/\/demo.mythemeshop.com\/wp-real-estate-pro\/files\/2017\/09\/table-white-home-interior.jpg","25":"https:\/\/demo.mythemeshop.com\/wp-real-estate-pro\/files\/2017\/09\/bedroom-architectural-interior-lifestyle-53603.jpeg"},"open":"","internal_features":"","external_features":["Balcony"],"type":"house","mls":"","neighborhood":""}},{"title":"Downtown Penthouse","fields":{"tagline":"Aliquam convallis turpis ut lorem","content":"Aenean accumsan eros at ex sodales congue. Morbi viverra, nibh quis molestie porttitor, est felis consequat sapien, efficitur faucibus arcu metus ut ex. Nullam aliquet commodo ex suscipit suscipit. In auctor ex malesuada, mattis massa ut, vulputate lectus. Vestibulum vitae feugiat leo. Pellentesque vehicula diam tellus, vestibulum pretium ante facilisis sollicitudin. Duis quis magna vitae justo feugiat rhoncus vitae eu magna. Phasellus vitae ullamcorper ipsum, in dapibus nibh. Phasellus at risus auctor, dictum nisi vitae, convallis dolor.\r\n\r\nDonec hendrerit quam ut dignissim placerat. Praesent ultricies mattis erat, vel cursus diam suscipit nec. Nunc commodo sed erat ac tristique. Sed leo nibh, auctor in urna eget, imperdiet malesuada nibh. Donec in sem vel nulla rhoncus sagittis congue vehicula leo. Curabitur non arcu a mauris efficitur placerat. Nunc placerat eu nibh id scelerisque. Curabitur sem nunc, molestie non risus finibus, venenatis euismod sapien. Nulla rhoncus dui libero, non efficitur sem congue a. Proin sit amet libero risus. Morbi tristique ornare tortor, quis rhoncus orci luctus ac.","price":"4500000","price_suffix":"or near offer","status":"under-offer","purpose":"Sell","bedrooms":"5","bathrooms":"4","car_spaces":"2","building_size":"400","building_unit":"squares","land_size":"20","land_unit":"squares","agent":"173","displayed_address":"110 Clark St, Des Moines, IA 50314, USA","zip":"50314","city":"Des Moines","state":"Iowa","country":"United States","lat":"41.60530500000001","lng":"-93.61802699999998","image_gallery":{"26":"https:\/\/demo.mythemeshop.com\/wp-real-estate\/files\/2017\/09\/table-white-home-interior.jpg","25":"https:\/\/demo.mythemeshop.com\/wp-real-estate\/files\/2017\/09\/bedroom-architectural-interior-lifestyle-53603.jpeg","35":"https:\/\/demo.mythemeshop.com\/wp-real-estate-pro\/files\/2017\/09\/pexels-photo-189295.jpeg","34":"https:\/\/demo.mythemeshop.com\/wp-real-estate-pro\/files\/2017\/09\/pexels-photo-196055.jpeg","30":"https:\/\/demo.mythemeshop.com\/wp-real-estate-pro\/files\/2017\/09\/stairs-home-loft-lifestyle.jpg"},"open":"","internal_features":["Dishwasher","Open Fireplace"],"external_features":["Balcony"],"type":"house","mls":"","neighborhood":""}},{"title":"Gorgeous in green house","fields":{"tagline":"Donec tempus sapien","content":"Curabitur in orci tempor, porttitor augue sed, feugiat lacus. Nulla facilisi. Ut ultrices hendrerit felis. Etiam malesuada orci sit amet ex tincidunt congue. Vivamus id ipsum ut felis rutrum consectetur non sed magna. Nulla pharetra cursus augue quis scelerisque. Etiam auctor vel quam eu aliquam. In sed tincidunt elit. Pellentesque in aliquet felis. Morbi dolor massa, accumsan sed scelerisque vitae, finibus id leo. In nec placerat massa. Fusce gravida, lacus a blandit volutpat, turpis quam cursus sapien, at pretium felis dui id tellus. Orci varius natoque penatibus et magnis dis parturient montes, nascetur ridiculus mus. Proin maximus sollicitudin turpis, a auctor elit venenatis vel. Pellentesque eu fringilla purus. Duis fringilla turpis in ligula fermentum, a luctus lorem consectetur.\r\n\r\nDuis dictum, nisl eget pretium commodo, justo lorem finibus nisi, vitae tempus dui dolor ut odio. Integer fringilla non nibh nec porta. Curabitur in malesuada enim. Nunc ac tortor diam. Donec finibus sit amet sem eu sollicitudin. Donec vel dignissim magna, vitae ornare ipsum. Quisque nec turpis nec ex commodo egestas. Vivamus sed erat vel diam molestie tincidunt eu vel tortor. Curabitur venenatis posuere eros sit amet accumsan. Donec convallis aliquam ligula sed facilisis. Curabitur tincidunt posuere justo vel fringilla.","price":"3550000","price_suffix":"","status":"sold","purpose":"Sell","bedrooms":"3","bathrooms":"2","car_spaces":"1","building_size":"","building_unit":"squares","land_size":"2560","land_unit":"squares","agent":"169","displayed_address":"Des Moines, IA 50314, USA","zip":"50314","city":"Des Moines","state":"Iowa","country":"United States","lat":"41.60898199999999","lng":"-93.62684639999998","image_gallery":{"47":"https:\/\/demo.mythemeshop.com\/wp-real-estate\/files\/2017\/09\/pexels-photo-101808.jpeg","48":"https:\/\/demo.mythemeshop.com\/wp-real-estate\/files\/2017\/09\/pexels-photo-1.jpg","35":"https:\/\/demo.mythemeshop.com\/wp-real-estate-pro\/files\/2017\/09\/pexels-photo-189295.jpeg","34":"https:\/\/demo.mythemeshop.com\/wp-real-estate-pro\/files\/2017\/09\/pexels-photo-196055.jpeg","33":"https:\/\/demo.mythemeshop.com\/wp-real-estate-pro\/files\/2017\/09\/pexels-photo-189333.jpeg"},"open":"","internal_features":"","external_features":"","type":"house","mls":"","neighborhood":""}},{"title":"Luxury family home","fields":{"tagline":"Integer efficitur at dui","content":"Aenean accumsan eros at ex sodales congue. Morbi viverra, nibh quis molestie porttitor, est felis consequat sapien, efficitur faucibus arcu metus ut ex. Nullam aliquet commodo ex suscipit suscipit. In auctor ex malesuada, mattis massa ut, vulputate lectus. Vestibulum vitae feugiat leo. Pellentesque vehicula diam tellus, vestibulum pretium ante facilisis sollicitudin. Duis quis magna vitae justo feugiat rhoncus vitae eu magna. Phasellus vitae ullamcorper ipsum, in dapibus nibh. Phasellus at risus auctor, dictum nisi vitae, convallis dolor.\r\n\r\nDonec hendrerit quam ut dignissim placerat. Praesent ultricies mattis erat, vel cursus diam suscipit nec. Nunc commodo sed erat ac tristique. Sed leo nibh, auctor in urna eget, imperdiet malesuada nibh. Donec in sem vel nulla rhoncus sagittis congue vehicula leo. Curabitur non arcu a mauris efficitur placerat. Nunc placerat eu nibh id scelerisque. Curabitur sem nunc, molestie non risus finibus, venenatis euismod sapien. Nulla rhoncus dui libero, non efficitur sem congue a. Proin sit amet libero risus. Morbi tristique ornare tortor, quis rhoncus orci luctus ac.","price":"459000","price_suffix":"or near offer","status":"under-offer","purpose":"Sell","bedrooms":"3","bathrooms":"2","car_spaces":"2","building_size":"5500","building_unit":"squares","land_size":"3520","land_unit":"squares","agent":"1","displayed_address":"Des Moines, IA, USA","zip":"","city":"Des Moines","state":"Iowa","country":"United States","lat":"41.6005448","lng":"-93.60910639999997","image_gallery":{"48":"https:\/\/demo.mythemeshop.com\/wp-real-estate\/files\/2017\/09\/pexels-photo-1.jpg","35":"https:\/\/demo.mythemeshop.com\/wp-real-estate\/files\/2017\/09\/pexels-photo-189295.jpeg","18":"https:\/\/demo.mythemeshop.com\/wp-real-estate\/files\/2017\/09\/pexels-photo-38106.jpeg","21":"https:\/\/demo.mythemeshop.com\/wp-real-estate\/files\/2017\/09\/pexels-photo-121537.jpeg","33":"https:\/\/demo.mythemeshop.com\/wp-real-estate\/files\/2017\/09\/pexels-photo-189333.jpeg","47":"https:\/\/demo.mythemeshop.com\/wp-real-estate\/files\/2017\/09\/pexels-photo-101808.jpeg"},"open":[{"day":"25-10-11","start":"10:00 am","end":"6:00 pm"}],"internal_features":["Dishwasher","Open Fireplace"],"external_features":["Balcony","Tennis Court"],"type":"house","mls":"","neighborhood":"Sed leo nibh, auctor in urna eget, imperdiet malesuada nibh. Donec in sem vel nulla rhoncus sagittis congue vehicula leo. Curabitur non arcu a mauris efficitur placerat. Nunc placerat eu nibh id scelerisque. Curabitur sem nunc."}}],"memberships":[{"title":"Free Package","content":"<strong>Package Type:<\/strong> Single Submission\r\n\r\n<strong>Listing duration:<\/strong> 30 days\r\n\r\n<strong>Recurring period:<\/strong>\u00a01\u00a0Month\r\n\r\nListings submitted with this package will be automatically featured on: Homepage\r\n\r\nProfessional Profile Page Listing in 1 Primary Category Photos, Videos and Special Offers Testimonials Links to Website and All Social Media Accounts","fields":{"subscription_period":"1","subscription_unit":"months","allowed_listings":"-1","price":"0","stripe_id":"free"}},{"title":"Premium Listing","content":"<strong>Package Type:<\/strong>\u00a0Single Submission\r\n\r\n<strong>Listing duration:<\/strong> 30 days\r\n\r\n<strong>Recurring period:<\/strong> 1\u00a0Month\r\n\r\nListings submitted with this package will be automatically featured on: Homepage\r\n\r\nProfessional Profile Page Listing in 1 Primary Category Priority Listing above Bronze Members Photos, Videos and Special Offers Testimonials Links to Website and All Social Media Accounts","fields":{"subscription_period":"1","subscription_unit":"months","allowed_listings":"1","price":"99","stripe_id":"premium"}},{"title":"Gold Package","content":"<strong>Package Type:<\/strong> Unlimited Premium Submissions\r\n\r\n<strong>Listing duration:<\/strong> 30 days\r\n\r\n<strong>Recurring period:<\/strong>\u00a01\u00a0Month\r\n\r\nListings submitted with this package will be automatically featured on: Homepage and Category page. Professional Profile Page Listing in 1 Primary Category Photos, Videos and Special Offers Testimonials Links to Website and All Social Media Accounts Priority Listing above Bronze.","fields":{"subscription_period":"1","subscription_unit":"months","allowed_listings":"-1","price":"199","stripe_id":"gold"}}]}]