{"sidebar-1":{"search-2":{"title":""},"mts_pp-widget-2":{"posts":"3","show_images":true},"tab-2":{"popular_post_num":"5","recent_post_num":"5"},"mts_ad_widget-3":{"title":"Our Sponsors","ad1":"http:\/\/demo.mythemeshop.com\/instinct\/wp-content\/themes\/instinct\/images\/125x125.gif","ad2":"http:\/\/demo.mythemeshop.com\/instinct\/wp-content\/themes\/instinct\/images\/125x125.gif","ad3":"","ad4":"","ad5":"","ad6":"","link1":"http:\/\/mythemeshop.com\/","link2":"http:\/\/mythemeshop.com\/","link3":"","link4":"","link5":"","link6":"","random":null},"advanced-recent-posts-2":{"title":"","count":"5","include_post_thumbnail":"false","include_post_excerpt":"false","truncate_post_title":"","truncate_post_title_type":"char","truncate_post_excerpt":"","truncate_post_excerpt_type":"char","truncate_elipsis":"...","post_thumbnail_width":"","post_thumbnail_height":"","widget_output_template":null,"show_expert_options":"true"},"tag_cloud-2":{"title":"","taxonomy":"post_tag"},"mts_ad_300_widget-2":{"title":"","ad":"http:\/\/s3.buysellads.com\/1268441\/125113-1346592671.png","link":"http:\/\/mythemeshop.com\/"}},"footer-1":{"mts_subscribe_widget-2":{"title":"Subscribe","desc":""}},"footer-2":{"categoryposts-2":{"title":"","cat":"7","num":"3","sort_by":"date","thumb":"on","thumb_w":"70","thumb_h":"70","asc_sort_order":null,"title_link":null,"comment_num":null,"date":null}},"footer-3":{"text-2":{"title":"When choosing","text":"When choosing a wallpaper, it\u2019s important to choose something that not only represents you, but will have an effect on you when you look at it.","filter":false},"social-profile-icons-2":{"title":"","dribbble":"#","email":"#","facebook":"#","gplus":"#","linkedin":"#","pinterest":"#","rss":"#","stumbleupon":"#","twitter":"#","youtube":"#","flickr":"#","lastfm":"#","tumblr":"#","vimeo":"#"}}}