{"sidebar":{"single_category_posts_widget-1":{"title":"Featured Category","cat":1,"title_length":10,"qty":3,"comment_num":0,"date":0,"show_thumb1":1,"box_layout":"horizontal-small","show_excerpt":0,"excerpt_length":10},"mts_ad_300_widget-1":{"title":"","ad":"https:\/\/demo.mythemeshop.com\/bloggingbox-news\/files\/2017\/05\/sidebar-banner.jpg","link":"http:\/\/mythemeshop.com\/themes\/bloggingbox\/"},"facebook-like-widget-1":{"title":"Find us on Facebook","page_url":"https:\/\/facebook.com\/mythemeshop","width":"300","show_faces":"on","show_stream":null,"show_header":"on"},"social-profile-icons-1":{"title":"","facebook":"#","behance":"#","flickr":"#","gplus":"#","pinterest":"#","instagram":"#","dribbble":"#","linkedin":"#","soundcloud":"#","twitter":"#","vimeo":"#","stumbleupon":"#","tumblr":"#","github":"#","youtube":"#","foursquare":"#","reddit":"#","dropbox":"#","skype":"#","email":"#","rss":"#"},"mts_widget_recent_tweets-1":{"title":"Twitter Updates","consumerkey":"uALGWYZANMHuIz8SnJx6A","consumersecret":"h85rBBN1C54EDAlKM06itZho1EKfkB9xsJThMwE","accesstoken":"28959960-PSRUVP19F74YJ8F1rYSs6cnjaqxPqwxyBv68I0vF9","accesstokensecret":"kCTN92q50F8MnIUmi4hbanYbChTmuJJp5K3e3aUGA","cachetime":"24","username":"mythemeshopteam","tweetstoshow":"2"},"tag_cloud-1":{"title":"","taxonomy":"post_tag"}}}