{"sidebar":{"social-profile-icons-2":{"title":"","facebook":"#","behance":"#","flickr":"#","gplus":"#","pinterest":"#","instagram":"#","dribbble":"#","linkedin":"#","soundcloud":"#","twitter":"#","vimeo":"#","stumbleupon":"#","tumblr":"#","github":"#","youtube":"#","foursquare":"#","reddit":"#","dropbox":"#","skype":"#","email":"#","rss":"#"},"wp_subscribe-2":{"service":"feedburner","feedburner_id":"","mailchimp_api_key":"","mailchimp_list_id":"","aweber_list_id":"","title":"Get more stuff","text":"Subscribe to our mailing list and get interesting stuff and updates to your email inbox.","email_placeholder":"Enter your email here","button_text":"Sign Up Now","success_message":"Thank you for subscribing.","error_message":"Something went wrong.","already_subscribed_message":"This email is already subscribed","footer_text":"we respect your privacy and take it seriously","mailchimp_double_optin":"0","include_name_field":"0","name_placeholder":"Enter your name here"},"single_category_posts_widget-2":{"title":"Featured Category","cat":3,"title_length":5,"qty":5,"comment_num":0,"date":1,"show_thumb1":1,"box_layout":"horizontal-small","show_excerpt":0,"excerpt_length":10},"facebook-like-widget-2":{"title":"Find us on Facebook","page_url":"https:\/\/www.facebook.com\/MyThemeShop","width":"292","color_scheme":"light","show_faces":"on","show_stream":null,"show_header":null}}}