{"sidebar":{"search-3":{"title":""},"mts_popular_posts_widget-1":{"title":"Popular Posts","qty":3,"title_length":7,"comment_num":1,"date":1,"days":99999,"show_thumb3":1,"box_layout":"horizontal-small","show_excerpt":0,"excerpt_length":10},"single_category_posts_widget-2":{"title":"Featured Category","cat":8,"title_length":15,"qty":3,"comment_num":0,"date":0,"show_thumb1":1,"box_layout":"vertical-small","show_excerpt":0,"excerpt_length":10},"tag_cloud-1":{"title":"","taxonomy":"post_tag"}},"widget-subscribe":{"wp_subscribe-3":{"title":"Get more stuff","service":"feedburner","activecampaignapikey":"","activecampaignapiurl":"","activecampaignlistid":"none","acumbamail_customer_id":"","acumbamail_api_token":"","acumbamail_list_id":"none","acumbamail_double_optin":"0","aweber_consumer_key":"","aweber_consumer_secret":"","aweber_access_key":"","aweber_access_secret":"","aweber_account_id":"","aweber_list_id":"none","benchmark_user":"","benchmark_pass":"","benchmark_list_name":"none","benchmark_double_optin":"0","constantcontact_api_key":"","constantcontact_token":"","constantcontact_list_id":"none","drip_account_id":"","drip_api_token":"","drip_list_id":"none","drip_double_optin":"0","feedburner_id":"","freshmail_api_key":"","freshmail_api_secret":"","freshmail_list_id":"none","freshmail_double_optin":"0","getresponse_api_key":"","getresponse_list_id":"none","madmimi_username":"","madmimi_api_key":"","madmimi_list_id":"none","mailchimp_api_key":"","mailchimp_list_id":"none","mailchimp_double_optin":"0","mailerlite_api_key":"","mailerlite_list_id":"none","mailerlite_double_optin":"0","mailrelay_api_key":"","mailrelay_host":"","mailrelay_group_id":"none","sendgrid_api_key":"","sendgrid_list_id":"none","sendinblue_api_key":"","sendinblue_list_id":"none","sendy_api_url":"","sendy_api_key":"","sendy_list_id":"","include_name_field":"0","thanks_page":"0","thanks_page_url":"","thanks_page_new_window":"1","text":"","name_placeholder":"Enter your name here","email_placeholder":"Enter your email here","button_text":"Sign Up Now","success_message":"Thank you for subscribing.","error_message":"Something went wrong.","footer_text":"we respect your privacy and take protecting it seriously","background_color":"#d93f3d","title_color":"#FFFFFF","text_color":"#FFFFFF","field_text_color":"#4b301a","field_background_color":"#ffffff","button_text_color":"#ffffff","button_background_color":"#bd2825","footer_text_color":"#FFFFFF"}},"footer-first":{"text-2":{"title":"","text":"<a href=\"https:\/\/demo.mythemeshop.com\/bridge-health\/\"><img src=\"https:\/\/democdn.mythemeshop.com\/bridge-health\/files\/2017\/09\/health-logo.png\" \/><\/a>","filter":true,"visual":true},"text-3":{"title":"","text":"Lorem ipsum dolor sit amet, consectetur adipiscing elit.","filter":true,"visual":true}},"footer-first-2":{"mts_popular_posts_widget-2":{"title":"What's Hot","qty":2,"title_length":15,"comment_num":0,"date":0,"days":99999,"show_thumb3":1,"box_layout":"horizontal-small","show_excerpt":0,"excerpt_length":10}},"footer-first-3":{"mts_post_slider_widget-2":{"title":"Featured Posts","cat":["5","12"],"slides_num":3,"slider_nav":"bullets","show_title":0}}}