{"sidebar":{"social-profile-icons-1":{"title":"","facebook":"#","behance":"#","flickr":"#","gplus":"#","pinterest":"#","instagram":"#","dribbble":"#","linkedin":"","soundcloud":"","twitter":"","vimeo":"","stumbleupon":"","tumblr":"","github":"","youtube":"","foursquare":"","reddit":"","dropbox":"","skype":"","email":"","rss":""},"mts_ad_widget-2":{"title":"Our Sponsors","ad1":"https:\/\/demo.mythemeshop.com\/bridge-news\/files\/2017\/09\/img.jpg","ad2":"https:\/\/demo.mythemeshop.com\/bridge-news\/files\/2017\/09\/images.jpg","ad3":"","ad4":"","ad5":"","ad6":"","link1":"http:\/\/mythemeshop.com\/themes\/bridge\/","link2":"http:\/\/mythemeshop.com\/themes\/bridge\/","link3":"","link4":"","link5":"","link6":"","random":0},"single_category_posts_widget-2":{"title":"Breaking","cat":5,"title_length":15,"qty":4,"comment_num":0,"date":0,"show_thumb1":1,"box_layout":"horizontal-small","show_excerpt":0,"excerpt_length":10},"categories-2":{"title":"","count":1,"hierarchical":0,"dropdown":0},"facebook-like-widget-2":{"title":"Find us on Facebook","page_url":"https:\/\/www.facebook.com\/MyThemeShop","width":"300","show_faces":"on","show_stream":null,"show_header":"on"}},"widget-header":{"mts_ad_728_widget-2":{"title":"","ad":"https:\/\/demo.mythemeshop.com\/bridge-news\/files\/2017\/09\/images-1.jpg","link":"http:\/\/mythemeshop.com\/themes\/bridge\/"}}}