{"sidebar-1":{"mts_ad_300_widget-2":{"title":"","ad":"http:\/\/demo.mythemeshop.com\/awake\/files\/2012\/12\/125113-1346592671.png","link":"http:\/\/mythemeshop.com\/"},"categoryposts-2":{"title":"","cat":"32","num":"3","sort_by":"date","thumb":"on"},"mts_pp-widget-2":{"posts":"3","show_images":true},"mts_ad_widget-2":{"title":"Our Sponsors","ad1":"http:\/\/demo.mythemeshop.com\/awake\/wp-content\/themes\/awake\/images\/125x125.gif","ad2":"http:\/\/demo.mythemeshop.com\/awake\/wp-content\/themes\/awake\/images\/125x125.gif","ad3":"","ad4":"","ad5":"","ad6":"","link1":"http:\/\/mythemeshop.com\/","link2":"http:\/\/mythemeshop.com\/","link3":"","link4":"","link5":"","link6":"","random":null},"advanced-recent-posts-2":{"title":"","count":"3","include_post_thumbnail":"false","include_post_excerpt":"false","truncate_post_title":"","truncate_post_title_type":"char","truncate_post_excerpt":"","truncate_post_excerpt_type":"char","truncate_elipsis":"...","post_thumbnail_width":"","post_thumbnail_height":"","widget_output_template":null,"show_expert_options":""},"tab-2":{"popular_post_num":"2","recent_post_num":"2"},"mts_subscribe_widget-2":{"title":"","desc":""},"facebook-like-widget-2":{"title":"Find us on Facebook","page_url":"https:\/\/www.facebook.com\/MyThemeShop","width":"292","color_scheme":"light","show_faces":"on","show_stream":null,"show_header":null}},"sidebar-2":{"mts_ad_728_widget-2":{"title":"","ad":"https:\/\/demo.mythemeshop.com\/awake\/files\/2017\/01\/banner.png","link":"http:\/\/mythemeshop.com\/"}},"footer-1":{"recent-posts-3":{"title":"","number":5,"show_date":false}},"footer-2":{"categories-3":{"title":"","count":0,"hierarchical":0,"dropdown":0}},"footer-3":{"text-2":{"title":"Lorem ipsum","text":"Lorem ipsum dolor sit amet, consectetur adipiscing elit. Morbi at nisl lorem, vel porttitor justo. Nunc non mauris elit. ","filter":false},"social-profile-icons-2":{"title":"","dribbble":"#","email":"#","facebook":"#","gplus":"#","linkedin":"#","pinterest":"#","rss":"#","stumbleupon":"#","twitter":"#","youtube":"#","flickr":"#","lastfm":"#","tumblr":"#","vimeo":"#"}}}