{"sidebar":{"search-3":{"title":""},"mts_post_slider_widget-2":{"title":"Featured Posts","cat":["5"],"slides_num":3,"slider_nav":"arrows","show_title":0},"mts_ad_300_widget-2":{"title":"","ad":"https:\/\/demo.mythemeshop.com\/viral-cat\/files\/2017\/06\/img2.jpg","link":"https:\/\/demo.mythemeshop.com\/s\/?theme=Viral"},"mts_ad_300_widget-3":{"title":"","ad":"https:\/\/demo.mythemeshop.com\/viral-cat\/files\/2017\/06\/images.jpg","link":"https:\/\/demo.mythemeshop.com\/s\/?theme=Viral"},"single_category_posts_widget-2":{"title":"Featured Category","cat":3,"title_length":7,"qty":3,"comment_num":1,"date":1,"show_thumb1":1,"box_layout":"horizontal-small","show_excerpt":0,"excerpt_length":10},"mts_popular_posts_widget-2":{"title":"Popular Posts","qty":3,"title_length":7,"comment_num":0,"date":1,"days":99999,"show_thumb3":1,"box_layout":"horizontal-small","show_excerpt":0,"excerpt_length":10}},"widget-header":{"text-2":{"title":"","text":"<a href=\"https:\/\/mythemeshop.com\/themes\/viral\/\"><img style=\"width: 980px;\" src=\"https:\/\/demo.mythemeshop.com\/viral-cat\/files\/2017\/06\/cat-bg.jpg\" \/><\/a>\r\n\r\n<style>\r\n.widget-header { background: #f2f7fa; }<br \/>\r\n<\/style>","filter":"content"}}}