<?xml version="1.0" encoding="UTF-8" ?>
<!-- This is a WordPress eXtended RSS file generated by WordPress as an export of your site. -->
<!-- It contains information about your site's posts, pages, comments, categories, and other content. -->
<!-- You may use this file to transfer that content from one site to another. -->
<!-- This file is not intended to serve as a complete backup of your site. -->

<!-- To import this information into a WordPress site follow these steps: -->
<!-- 1. Log in to that site as an administrator. -->
<!-- 2. Go to Tools: Import in the WordPress admin panel. -->
<!-- 3. Install the "WordPress" importer from the list. -->
<!-- 4. Activate & Run Importer. -->
<!-- 5. Upload this file using the form provided on that page. -->
<!-- 6. You will first be asked to map the authors in this export file to users -->
<!--    on the site. For each author, you may choose to map to an -->
<!--    existing user on the site or to create a new user. -->
<!-- 7. WordPress will then import each of the posts, pages, comments, categories, etc. -->
<!--    contained in this file into your site. -->

<!--Theme by MyThemeShop.com-->
<rss version="2.0"
	xmlns:excerpt="http://wordpress.org/export/1.2/excerpt/"
	xmlns:content="http://purl.org/rss/1.0/modules/content/"
	xmlns:wfw="http://wellformedweb.org/CommentAPI/"
	xmlns:dc="http://purl.org/dc/elements/1.1/"
	xmlns:wp="http://wordpress.org/export/1.2/"
>

<channel>
	<title>Personal Trainer</title>
	<link>http://demo.mythemeshop.com/justfit-personal-trainer</link>
	<description>Just another MyThemeShop Playground site</description>
	<pubDate>Sun, 15 Jan 2017 13:39:45 +0000</pubDate>
	<language>en-US</language>
	<wp:wxr_version>1.2</wp:wxr_version>
	<wp:base_site_url>http://demo.mythemeshop.com/</wp:base_site_url>
	<wp:base_blog_url>http://demo.mythemeshop.com/justfit-personal-trainer</wp:base_blog_url>

	<wp:author><wp:author_id>1</wp:author_id><wp:author_login><![CDATA[N8FnGO1Y]]></wp:author_login><wp:author_email><![CDATA[admin@mythemeshop.com]]></wp:author_email><wp:author_display_name><![CDATA[MyThemeShop]]></wp:author_display_name><wp:author_first_name><![CDATA[MTS]]></wp:author_first_name><wp:author_last_name><![CDATA[]]></wp:author_last_name></wp:author>

	<wp:category>
		<wp:term_id>1</wp:term_id>
		<wp:category_nicename><![CDATA[uncategorized]]></wp:category_nicename>
		<wp:category_parent><![CDATA[]]></wp:category_parent>
		<wp:cat_name><![CDATA[Uncategorized]]></wp:cat_name>
	</wp:category>
	<wp:term>
		<wp:term_id><![CDATA[2]]></wp:term_id>
		<wp:term_taxonomy><![CDATA[nav_menu]]></wp:term_taxonomy>
		<wp:term_slug><![CDATA[menu]]></wp:term_slug>
		<wp:term_parent><![CDATA[]]></wp:term_parent>
		<wp:term_name><![CDATA[Menu]]></wp:term_name>
	</wp:term>
	<wp:term>
		<wp:term_id><![CDATA[1]]></wp:term_id>
		<wp:term_taxonomy><![CDATA[category]]></wp:term_taxonomy>
		<wp:term_slug><![CDATA[uncategorized]]></wp:term_slug>
		<wp:term_parent><![CDATA[]]></wp:term_parent>
		<wp:term_name><![CDATA[Uncategorized]]></wp:term_name>
	</wp:term>
	<wp:term><wp:term_id>2</wp:term_id><wp:term_taxonomy>nav_menu</wp:term_taxonomy><wp:term_slug><![CDATA[menu]]></wp:term_slug><wp:term_name><![CDATA[Menu]]></wp:term_name>
</wp:term>

	<!--Theme by MyThemeShop.com-->

	<item>
		<title>personal-trainer</title>
		<link>http://demo.mythemeshop.com/justfit-personal-trainer/personal-trainer/</link>
		<pubDate>Sun, 09 Oct 2016 09:26:53 +0000</pubDate>
		<dc:creator><![CDATA[N8FnGO1Y]]></dc:creator>
		<guid isPermaLink="false">http://demo.mythemeshop.com/justfit-personal-trainer/files/2016/10/personal-trainer.jpg</guid>
		<description></description>
		<content:encoded><![CDATA[]]></content:encoded>
		<excerpt:encoded><![CDATA[]]></excerpt:encoded>
		<wp:post_id>6</wp:post_id>
		<wp:post_date><![CDATA[2016-10-09 09:26:53]]></wp:post_date>
		<wp:post_date_gmt><![CDATA[2016-10-09 09:26:53]]></wp:post_date_gmt>
		<wp:comment_status><![CDATA[open]]></wp:comment_status>
		<wp:ping_status><![CDATA[closed]]></wp:ping_status>
		<wp:post_name><![CDATA[personal-trainer]]></wp:post_name>
		<wp:status><![CDATA[inherit]]></wp:status>
		<wp:post_parent>0</wp:post_parent>
		<wp:menu_order>0</wp:menu_order>
		<wp:post_type><![CDATA[attachment]]></wp:post_type>
		<wp:post_password><![CDATA[]]></wp:post_password>
		<wp:is_sticky>0</wp:is_sticky>
		<wp:attachment_url><![CDATA[https://demo.mythemeshop.com/justfit-personal-trainer/files/2016/10/personal-trainer.jpg]]></wp:attachment_url>
		<wp:postmeta>
			<wp:meta_key><![CDATA[_wp_attachment_metadata]]></wp:meta_key>
			<wp:meta_value><![CDATA[a:5:{s:5:"width";i:1920;s:6:"height";i:1280;s:4:"file";s:28:"2016/10/personal-trainer.jpg";s:5:"sizes";a:10:{s:9:"thumbnail";a:4:{s:4:"file";s:28:"personal-trainer-150x150.jpg";s:5:"width";i:150;s:6:"height";i:150;s:9:"mime-type";s:10:"image/jpeg";}s:6:"medium";a:4:{s:4:"file";s:28:"personal-trainer-300x200.jpg";s:5:"width";i:300;s:6:"height";i:200;s:9:"mime-type";s:10:"image/jpeg";}s:12:"medium_large";a:4:{s:4:"file";s:28:"personal-trainer-768x512.jpg";s:5:"width";i:768;s:6:"height";i:512;s:9:"mime-type";s:10:"image/jpeg";}s:5:"large";a:4:{s:4:"file";s:29:"personal-trainer-1024x683.jpg";s:5:"width";i:1024;s:6:"height";i:683;s:9:"mime-type";s:10:"image/jpeg";}s:14:"post-thumbnail";a:4:{s:4:"file";s:28:"personal-trainer-223x137.jpg";s:5:"width";i:223;s:6:"height";i:137;s:9:"mime-type";s:10:"image/jpeg";}s:8:"featured";a:4:{s:4:"file";s:28:"personal-trainer-360x250.jpg";s:5:"width";i:360;s:6:"height";i:250;s:9:"mime-type";s:10:"image/jpeg";}s:12:"featuredfull";a:4:{s:4:"file";s:28:"personal-trainer-765x400.jpg";s:5:"width";i:765;s:6:"height";i:400;s:9:"mime-type";s:10:"image/jpeg";}s:11:"widgetthumb";a:4:{s:4:"file";s:26:"personal-trainer-71x71.jpg";s:5:"width";i:71;s:6:"height";i:71;s:9:"mime-type";s:10:"image/jpeg";}s:10:"widgetfull";a:4:{s:4:"file";s:28:"personal-trainer-320x210.jpg";s:5:"width";i:320;s:6:"height";i:210;s:9:"mime-type";s:10:"image/jpeg";}s:8:"facility";a:4:{s:4:"file";s:28:"personal-trainer-240x240.jpg";s:5:"width";i:240;s:6:"height";i:240;s:9:"mime-type";s:10:"image/jpeg";}}s:10:"image_meta";a:12:{s:8:"aperture";s:1:"0";s:6:"credit";s:0:"";s:6:"camera";s:0:"";s:7:"caption";s:0:"";s:17:"created_timestamp";s:1:"0";s:9:"copyright";s:0:"";s:12:"focal_length";s:1:"0";s:3:"iso";s:1:"0";s:13:"shutter_speed";s:1:"0";s:5:"title";s:0:"";s:11:"orientation";s:1:"0";s:8:"keywords";a:0:{}}}]]></wp:meta_value>
		</wp:postmeta>
		<wp:postmeta>
			<wp:meta_key><![CDATA[_wp_attached_file]]></wp:meta_key>
			<wp:meta_value><![CDATA[2016/10/personal-trainer.jpg]]></wp:meta_value>
		</wp:postmeta>
	</item>
	<item>
		<title>personal-trainer-2</title>
		<link>http://demo.mythemeshop.com/justfit-personal-trainer/personal-trainer-2/</link>
		<pubDate>Sun, 09 Oct 2016 11:49:05 +0000</pubDate>
		<dc:creator><![CDATA[N8FnGO1Y]]></dc:creator>
		<guid isPermaLink="false">http://demo.mythemeshop.com/justfit-personal-trainer/files/2016/10/personal-trainer-2.jpg</guid>
		<description></description>
		<content:encoded><![CDATA[]]></content:encoded>
		<excerpt:encoded><![CDATA[]]></excerpt:encoded>
		<wp:post_id>12</wp:post_id>
		<wp:post_date><![CDATA[2016-10-09 11:49:05]]></wp:post_date>
		<wp:post_date_gmt><![CDATA[2016-10-09 11:49:05]]></wp:post_date_gmt>
		<wp:comment_status><![CDATA[open]]></wp:comment_status>
		<wp:ping_status><![CDATA[closed]]></wp:ping_status>
		<wp:post_name><![CDATA[personal-trainer-2]]></wp:post_name>
		<wp:status><![CDATA[inherit]]></wp:status>
		<wp:post_parent>0</wp:post_parent>
		<wp:menu_order>0</wp:menu_order>
		<wp:post_type><![CDATA[attachment]]></wp:post_type>
		<wp:post_password><![CDATA[]]></wp:post_password>
		<wp:is_sticky>0</wp:is_sticky>
		<wp:attachment_url><![CDATA[https://demo.mythemeshop.com/justfit-personal-trainer/files/2016/10/personal-trainer-2.jpg]]></wp:attachment_url>
		<wp:postmeta>
			<wp:meta_key><![CDATA[_wp_attachment_metadata]]></wp:meta_key>
			<wp:meta_value><![CDATA[a:5:{s:5:"width";i:1920;s:6:"height";i:1100;s:4:"file";s:30:"2016/10/personal-trainer-2.jpg";s:5:"sizes";a:10:{s:9:"thumbnail";a:4:{s:4:"file";s:30:"personal-trainer-2-150x150.jpg";s:5:"width";i:150;s:6:"height";i:150;s:9:"mime-type";s:10:"image/jpeg";}s:6:"medium";a:4:{s:4:"file";s:30:"personal-trainer-2-300x172.jpg";s:5:"width";i:300;s:6:"height";i:172;s:9:"mime-type";s:10:"image/jpeg";}s:12:"medium_large";a:4:{s:4:"file";s:30:"personal-trainer-2-768x440.jpg";s:5:"width";i:768;s:6:"height";i:440;s:9:"mime-type";s:10:"image/jpeg";}s:5:"large";a:4:{s:4:"file";s:31:"personal-trainer-2-1024x587.jpg";s:5:"width";i:1024;s:6:"height";i:587;s:9:"mime-type";s:10:"image/jpeg";}s:14:"post-thumbnail";a:4:{s:4:"file";s:30:"personal-trainer-2-223x137.jpg";s:5:"width";i:223;s:6:"height";i:137;s:9:"mime-type";s:10:"image/jpeg";}s:8:"featured";a:4:{s:4:"file";s:30:"personal-trainer-2-360x250.jpg";s:5:"width";i:360;s:6:"height";i:250;s:9:"mime-type";s:10:"image/jpeg";}s:12:"featuredfull";a:4:{s:4:"file";s:30:"personal-trainer-2-765x400.jpg";s:5:"width";i:765;s:6:"height";i:400;s:9:"mime-type";s:10:"image/jpeg";}s:11:"widgetthumb";a:4:{s:4:"file";s:28:"personal-trainer-2-71x71.jpg";s:5:"width";i:71;s:6:"height";i:71;s:9:"mime-type";s:10:"image/jpeg";}s:10:"widgetfull";a:4:{s:4:"file";s:30:"personal-trainer-2-320x210.jpg";s:5:"width";i:320;s:6:"height";i:210;s:9:"mime-type";s:10:"image/jpeg";}s:8:"facility";a:4:{s:4:"file";s:30:"personal-trainer-2-240x240.jpg";s:5:"width";i:240;s:6:"height";i:240;s:9:"mime-type";s:10:"image/jpeg";}}s:10:"image_meta";a:12:{s:8:"aperture";s:1:"0";s:6:"credit";s:0:"";s:6:"camera";s:0:"";s:7:"caption";s:0:"";s:17:"created_timestamp";s:1:"0";s:9:"copyright";s:0:"";s:12:"focal_length";s:1:"0";s:3:"iso";s:1:"0";s:13:"shutter_speed";s:1:"0";s:5:"title";s:0:"";s:11:"orientation";s:1:"0";s:8:"keywords";a:0:{}}}]]></wp:meta_value>
		</wp:postmeta>
		<wp:postmeta>
			<wp:meta_key><![CDATA[_wp_attached_file]]></wp:meta_key>
			<wp:meta_value><![CDATA[2016/10/personal-trainer-2.jpg]]></wp:meta_value>
		</wp:postmeta>
	</item>
	<item>
		<title>personal-trainer-3</title>
		<link>http://demo.mythemeshop.com/justfit-personal-trainer/personal-trainer-3/</link>
		<pubDate>Sun, 09 Oct 2016 10:02:01 +0000</pubDate>
		<dc:creator><![CDATA[N8FnGO1Y]]></dc:creator>
		<guid isPermaLink="false">http://demo.mythemeshop.com/justfit-personal-trainer/files/2016/10/personal-trainer-3.jpg</guid>
		<description></description>
		<content:encoded><![CDATA[]]></content:encoded>
		<excerpt:encoded><![CDATA[]]></excerpt:encoded>
		<wp:post_id>10</wp:post_id>
		<wp:post_date><![CDATA[2016-10-09 10:02:01]]></wp:post_date>
		<wp:post_date_gmt><![CDATA[2016-10-09 10:02:01]]></wp:post_date_gmt>
		<wp:comment_status><![CDATA[open]]></wp:comment_status>
		<wp:ping_status><![CDATA[closed]]></wp:ping_status>
		<wp:post_name><![CDATA[personal-trainer-3]]></wp:post_name>
		<wp:status><![CDATA[inherit]]></wp:status>
		<wp:post_parent>0</wp:post_parent>
		<wp:menu_order>0</wp:menu_order>
		<wp:post_type><![CDATA[attachment]]></wp:post_type>
		<wp:post_password><![CDATA[]]></wp:post_password>
		<wp:is_sticky>0</wp:is_sticky>
		<wp:attachment_url><![CDATA[https://demo.mythemeshop.com/justfit-personal-trainer/files/2016/10/personal-trainer-3.jpg]]></wp:attachment_url>
		<wp:postmeta>
			<wp:meta_key><![CDATA[_wp_attachment_metadata]]></wp:meta_key>
			<wp:meta_value><![CDATA[a:5:{s:5:"width";i:1920;s:6:"height";i:1100;s:4:"file";s:30:"2016/10/personal-trainer-3.jpg";s:5:"sizes";a:10:{s:9:"thumbnail";a:4:{s:4:"file";s:30:"personal-trainer-3-150x150.jpg";s:5:"width";i:150;s:6:"height";i:150;s:9:"mime-type";s:10:"image/jpeg";}s:6:"medium";a:4:{s:4:"file";s:30:"personal-trainer-3-300x172.jpg";s:5:"width";i:300;s:6:"height";i:172;s:9:"mime-type";s:10:"image/jpeg";}s:12:"medium_large";a:4:{s:4:"file";s:30:"personal-trainer-3-768x440.jpg";s:5:"width";i:768;s:6:"height";i:440;s:9:"mime-type";s:10:"image/jpeg";}s:5:"large";a:4:{s:4:"file";s:31:"personal-trainer-3-1024x587.jpg";s:5:"width";i:1024;s:6:"height";i:587;s:9:"mime-type";s:10:"image/jpeg";}s:14:"post-thumbnail";a:4:{s:4:"file";s:30:"personal-trainer-3-223x137.jpg";s:5:"width";i:223;s:6:"height";i:137;s:9:"mime-type";s:10:"image/jpeg";}s:8:"featured";a:4:{s:4:"file";s:30:"personal-trainer-3-360x250.jpg";s:5:"width";i:360;s:6:"height";i:250;s:9:"mime-type";s:10:"image/jpeg";}s:12:"featuredfull";a:4:{s:4:"file";s:30:"personal-trainer-3-765x400.jpg";s:5:"width";i:765;s:6:"height";i:400;s:9:"mime-type";s:10:"image/jpeg";}s:11:"widgetthumb";a:4:{s:4:"file";s:28:"personal-trainer-3-71x71.jpg";s:5:"width";i:71;s:6:"height";i:71;s:9:"mime-type";s:10:"image/jpeg";}s:10:"widgetfull";a:4:{s:4:"file";s:30:"personal-trainer-3-320x210.jpg";s:5:"width";i:320;s:6:"height";i:210;s:9:"mime-type";s:10:"image/jpeg";}s:8:"facility";a:4:{s:4:"file";s:30:"personal-trainer-3-240x240.jpg";s:5:"width";i:240;s:6:"height";i:240;s:9:"mime-type";s:10:"image/jpeg";}}s:10:"image_meta";a:12:{s:8:"aperture";s:1:"0";s:6:"credit";s:0:"";s:6:"camera";s:0:"";s:7:"caption";s:0:"";s:17:"created_timestamp";s:1:"0";s:9:"copyright";s:0:"";s:12:"focal_length";s:1:"0";s:3:"iso";s:1:"0";s:13:"shutter_speed";s:1:"0";s:5:"title";s:0:"";s:11:"orientation";s:1:"0";s:8:"keywords";a:0:{}}}]]></wp:meta_value>
		</wp:postmeta>
		<wp:postmeta>
			<wp:meta_key><![CDATA[_wp_attached_file]]></wp:meta_key>
			<wp:meta_value><![CDATA[2016/10/personal-trainer-3.jpg]]></wp:meta_value>
		</wp:postmeta>
	</item>
	<item>
		<title>shoe</title>
		<link>http://demo.mythemeshop.com/justfit-personal-trainer/shoe/</link>
		<pubDate>Sun, 09 Oct 2016 12:36:23 +0000</pubDate>
		<dc:creator><![CDATA[N8FnGO1Y]]></dc:creator>
		<guid isPermaLink="false">http://demo.mythemeshop.com/justfit-personal-trainer/files/2016/10/shoe.png</guid>
		<description></description>
		<content:encoded><![CDATA[]]></content:encoded>
		<excerpt:encoded><![CDATA[]]></excerpt:encoded>
		<wp:post_id>13</wp:post_id>
		<wp:post_date><![CDATA[2016-10-09 12:36:23]]></wp:post_date>
		<wp:post_date_gmt><![CDATA[2016-10-09 12:36:23]]></wp:post_date_gmt>
		<wp:comment_status><![CDATA[open]]></wp:comment_status>
		<wp:ping_status><![CDATA[closed]]></wp:ping_status>
		<wp:post_name><![CDATA[shoe]]></wp:post_name>
		<wp:status><![CDATA[inherit]]></wp:status>
		<wp:post_parent>0</wp:post_parent>
		<wp:menu_order>0</wp:menu_order>
		<wp:post_type><![CDATA[attachment]]></wp:post_type>
		<wp:post_password><![CDATA[]]></wp:post_password>
		<wp:is_sticky>0</wp:is_sticky>
		<wp:attachment_url><![CDATA[https://demo.mythemeshop.com/justfit-personal-trainer/files/2016/10/shoe.png]]></wp:attachment_url>
		<wp:postmeta>
			<wp:meta_key><![CDATA[_wp_attached_file]]></wp:meta_key>
			<wp:meta_value><![CDATA[2016/10/shoe.png]]></wp:meta_value>
		</wp:postmeta>
		<wp:postmeta>
			<wp:meta_key><![CDATA[_wp_attachment_metadata]]></wp:meta_key>
			<wp:meta_value><![CDATA[a:5:{s:5:"width";i:96;s:6:"height";i:96;s:4:"file";s:16:"2016/10/shoe.png";s:5:"sizes";a:7:{s:9:"thumbnail";a:4:{s:4:"file";s:16:"shoe-150x150.png";s:5:"width";i:150;s:6:"height";i:150;s:9:"mime-type";s:9:"image/png";}s:14:"post-thumbnail";a:4:{s:4:"file";s:16:"shoe-223x137.png";s:5:"width";i:223;s:6:"height";i:137;s:9:"mime-type";s:9:"image/png";}s:8:"featured";a:4:{s:4:"file";s:16:"shoe-360x250.png";s:5:"width";i:360;s:6:"height";i:250;s:9:"mime-type";s:9:"image/png";}s:12:"featuredfull";a:4:{s:4:"file";s:16:"shoe-765x400.png";s:5:"width";i:765;s:6:"height";i:400;s:9:"mime-type";s:9:"image/png";}s:11:"widgetthumb";a:4:{s:4:"file";s:14:"shoe-71x71.png";s:5:"width";i:71;s:6:"height";i:71;s:9:"mime-type";s:9:"image/png";}s:10:"widgetfull";a:4:{s:4:"file";s:16:"shoe-320x210.png";s:5:"width";i:320;s:6:"height";i:210;s:9:"mime-type";s:9:"image/png";}s:8:"facility";a:4:{s:4:"file";s:16:"shoe-240x240.png";s:5:"width";i:240;s:6:"height";i:240;s:9:"mime-type";s:9:"image/png";}}s:10:"image_meta";a:12:{s:8:"aperture";s:1:"0";s:6:"credit";s:0:"";s:6:"camera";s:0:"";s:7:"caption";s:0:"";s:17:"created_timestamp";s:1:"0";s:9:"copyright";s:0:"";s:12:"focal_length";s:1:"0";s:3:"iso";s:1:"0";s:13:"shutter_speed";s:1:"0";s:5:"title";s:0:"";s:11:"orientation";s:1:"0";s:8:"keywords";a:0:{}}}]]></wp:meta_value>
		</wp:postmeta>
	</item>
	<item>
		<title>heart</title>
		<link>http://demo.mythemeshop.com/justfit-personal-trainer/heart/</link>
		<pubDate>Sun, 09 Oct 2016 12:39:39 +0000</pubDate>
		<dc:creator><![CDATA[N8FnGO1Y]]></dc:creator>
		<guid isPermaLink="false">http://demo.mythemeshop.com/justfit-personal-trainer/files/2016/10/heart.png</guid>
		<description></description>
		<content:encoded><![CDATA[]]></content:encoded>
		<excerpt:encoded><![CDATA[]]></excerpt:encoded>
		<wp:post_id>14</wp:post_id>
		<wp:post_date><![CDATA[2016-10-09 12:39:39]]></wp:post_date>
		<wp:post_date_gmt><![CDATA[2016-10-09 12:39:39]]></wp:post_date_gmt>
		<wp:comment_status><![CDATA[open]]></wp:comment_status>
		<wp:ping_status><![CDATA[closed]]></wp:ping_status>
		<wp:post_name><![CDATA[heart]]></wp:post_name>
		<wp:status><![CDATA[inherit]]></wp:status>
		<wp:post_parent>0</wp:post_parent>
		<wp:menu_order>0</wp:menu_order>
		<wp:post_type><![CDATA[attachment]]></wp:post_type>
		<wp:post_password><![CDATA[]]></wp:post_password>
		<wp:is_sticky>0</wp:is_sticky>
		<wp:attachment_url><![CDATA[https://demo.mythemeshop.com/justfit-personal-trainer/files/2016/10/heart.png]]></wp:attachment_url>
		<wp:postmeta>
			<wp:meta_key><![CDATA[_wp_attached_file]]></wp:meta_key>
			<wp:meta_value><![CDATA[2016/10/heart.png]]></wp:meta_value>
		</wp:postmeta>
		<wp:postmeta>
			<wp:meta_key><![CDATA[_wp_attachment_metadata]]></wp:meta_key>
			<wp:meta_value><![CDATA[a:5:{s:5:"width";i:96;s:6:"height";i:96;s:4:"file";s:17:"2016/10/heart.png";s:5:"sizes";a:7:{s:9:"thumbnail";a:4:{s:4:"file";s:17:"heart-150x150.png";s:5:"width";i:150;s:6:"height";i:150;s:9:"mime-type";s:9:"image/png";}s:14:"post-thumbnail";a:4:{s:4:"file";s:17:"heart-223x137.png";s:5:"width";i:223;s:6:"height";i:137;s:9:"mime-type";s:9:"image/png";}s:8:"featured";a:4:{s:4:"file";s:17:"heart-360x250.png";s:5:"width";i:360;s:6:"height";i:250;s:9:"mime-type";s:9:"image/png";}s:12:"featuredfull";a:4:{s:4:"file";s:17:"heart-765x400.png";s:5:"width";i:765;s:6:"height";i:400;s:9:"mime-type";s:9:"image/png";}s:11:"widgetthumb";a:4:{s:4:"file";s:15:"heart-71x71.png";s:5:"width";i:71;s:6:"height";i:71;s:9:"mime-type";s:9:"image/png";}s:10:"widgetfull";a:4:{s:4:"file";s:17:"heart-320x210.png";s:5:"width";i:320;s:6:"height";i:210;s:9:"mime-type";s:9:"image/png";}s:8:"facility";a:4:{s:4:"file";s:17:"heart-240x240.png";s:5:"width";i:240;s:6:"height";i:240;s:9:"mime-type";s:9:"image/png";}}s:10:"image_meta";a:12:{s:8:"aperture";s:1:"0";s:6:"credit";s:0:"";s:6:"camera";s:0:"";s:7:"caption";s:0:"";s:17:"created_timestamp";s:1:"0";s:9:"copyright";s:0:"";s:12:"focal_length";s:1:"0";s:3:"iso";s:1:"0";s:13:"shutter_speed";s:1:"0";s:5:"title";s:0:"";s:11:"orientation";s:1:"0";s:8:"keywords";a:0:{}}}]]></wp:meta_value>
		</wp:postmeta>
	</item>
	<item>
		<title>apple</title>
		<link>http://demo.mythemeshop.com/justfit-personal-trainer/apple/</link>
		<pubDate>Sun, 09 Oct 2016 12:44:53 +0000</pubDate>
		<dc:creator><![CDATA[N8FnGO1Y]]></dc:creator>
		<guid isPermaLink="false">http://demo.mythemeshop.com/justfit-personal-trainer/files/2016/10/apple.png</guid>
		<description></description>
		<content:encoded><![CDATA[]]></content:encoded>
		<excerpt:encoded><![CDATA[]]></excerpt:encoded>
		<wp:post_id>16</wp:post_id>
		<wp:post_date><![CDATA[2016-10-09 12:44:53]]></wp:post_date>
		<wp:post_date_gmt><![CDATA[2016-10-09 12:44:53]]></wp:post_date_gmt>
		<wp:comment_status><![CDATA[open]]></wp:comment_status>
		<wp:ping_status><![CDATA[closed]]></wp:ping_status>
		<wp:post_name><![CDATA[apple]]></wp:post_name>
		<wp:status><![CDATA[inherit]]></wp:status>
		<wp:post_parent>0</wp:post_parent>
		<wp:menu_order>0</wp:menu_order>
		<wp:post_type><![CDATA[attachment]]></wp:post_type>
		<wp:post_password><![CDATA[]]></wp:post_password>
		<wp:is_sticky>0</wp:is_sticky>
		<wp:attachment_url><![CDATA[https://demo.mythemeshop.com/justfit-personal-trainer/files/2016/10/apple.png]]></wp:attachment_url>
		<wp:postmeta>
			<wp:meta_key><![CDATA[_wp_attached_file]]></wp:meta_key>
			<wp:meta_value><![CDATA[2016/10/apple.png]]></wp:meta_value>
		</wp:postmeta>
		<wp:postmeta>
			<wp:meta_key><![CDATA[_wp_attachment_metadata]]></wp:meta_key>
			<wp:meta_value><![CDATA[a:5:{s:5:"width";i:96;s:6:"height";i:96;s:4:"file";s:17:"2016/10/apple.png";s:5:"sizes";a:7:{s:9:"thumbnail";a:4:{s:4:"file";s:17:"apple-150x150.png";s:5:"width";i:150;s:6:"height";i:150;s:9:"mime-type";s:9:"image/png";}s:14:"post-thumbnail";a:4:{s:4:"file";s:17:"apple-223x137.png";s:5:"width";i:223;s:6:"height";i:137;s:9:"mime-type";s:9:"image/png";}s:8:"featured";a:4:{s:4:"file";s:17:"apple-360x250.png";s:5:"width";i:360;s:6:"height";i:250;s:9:"mime-type";s:9:"image/png";}s:12:"featuredfull";a:4:{s:4:"file";s:17:"apple-765x400.png";s:5:"width";i:765;s:6:"height";i:400;s:9:"mime-type";s:9:"image/png";}s:11:"widgetthumb";a:4:{s:4:"file";s:15:"apple-71x71.png";s:5:"width";i:71;s:6:"height";i:71;s:9:"mime-type";s:9:"image/png";}s:10:"widgetfull";a:4:{s:4:"file";s:17:"apple-320x210.png";s:5:"width";i:320;s:6:"height";i:210;s:9:"mime-type";s:9:"image/png";}s:8:"facility";a:4:{s:4:"file";s:17:"apple-240x240.png";s:5:"width";i:240;s:6:"height";i:240;s:9:"mime-type";s:9:"image/png";}}s:10:"image_meta";a:12:{s:8:"aperture";s:1:"0";s:6:"credit";s:0:"";s:6:"camera";s:0:"";s:7:"caption";s:0:"";s:17:"created_timestamp";s:1:"0";s:9:"copyright";s:0:"";s:12:"focal_length";s:1:"0";s:3:"iso";s:1:"0";s:13:"shutter_speed";s:1:"0";s:5:"title";s:0:"";s:11:"orientation";s:1:"0";s:8:"keywords";a:0:{}}}]]></wp:meta_value>
		</wp:postmeta>
	</item>
	<item>
		<title>smile</title>
		<link>http://demo.mythemeshop.com/justfit-personal-trainer/smile/</link>
		<pubDate>Sun, 09 Oct 2016 12:44:55 +0000</pubDate>
		<dc:creator><![CDATA[N8FnGO1Y]]></dc:creator>
		<guid isPermaLink="false">http://demo.mythemeshop.com/justfit-personal-trainer/files/2016/10/smile.png</guid>
		<description></description>
		<content:encoded><![CDATA[]]></content:encoded>
		<excerpt:encoded><![CDATA[]]></excerpt:encoded>
		<wp:post_id>17</wp:post_id>
		<wp:post_date><![CDATA[2016-10-09 12:44:55]]></wp:post_date>
		<wp:post_date_gmt><![CDATA[2016-10-09 12:44:55]]></wp:post_date_gmt>
		<wp:comment_status><![CDATA[open]]></wp:comment_status>
		<wp:ping_status><![CDATA[closed]]></wp:ping_status>
		<wp:post_name><![CDATA[smile]]></wp:post_name>
		<wp:status><![CDATA[inherit]]></wp:status>
		<wp:post_parent>0</wp:post_parent>
		<wp:menu_order>0</wp:menu_order>
		<wp:post_type><![CDATA[attachment]]></wp:post_type>
		<wp:post_password><![CDATA[]]></wp:post_password>
		<wp:is_sticky>0</wp:is_sticky>
		<wp:attachment_url><![CDATA[https://demo.mythemeshop.com/justfit-personal-trainer/files/2016/10/smile.png]]></wp:attachment_url>
		<wp:postmeta>
			<wp:meta_key><![CDATA[_wp_attached_file]]></wp:meta_key>
			<wp:meta_value><![CDATA[2016/10/smile.png]]></wp:meta_value>
		</wp:postmeta>
		<wp:postmeta>
			<wp:meta_key><![CDATA[_wp_attachment_metadata]]></wp:meta_key>
			<wp:meta_value><![CDATA[a:5:{s:5:"width";i:96;s:6:"height";i:96;s:4:"file";s:17:"2016/10/smile.png";s:5:"sizes";a:7:{s:9:"thumbnail";a:4:{s:4:"file";s:17:"smile-150x150.png";s:5:"width";i:150;s:6:"height";i:150;s:9:"mime-type";s:9:"image/png";}s:14:"post-thumbnail";a:4:{s:4:"file";s:17:"smile-223x137.png";s:5:"width";i:223;s:6:"height";i:137;s:9:"mime-type";s:9:"image/png";}s:8:"featured";a:4:{s:4:"file";s:17:"smile-360x250.png";s:5:"width";i:360;s:6:"height";i:250;s:9:"mime-type";s:9:"image/png";}s:12:"featuredfull";a:4:{s:4:"file";s:17:"smile-765x400.png";s:5:"width";i:765;s:6:"height";i:400;s:9:"mime-type";s:9:"image/png";}s:11:"widgetthumb";a:4:{s:4:"file";s:15:"smile-71x71.png";s:5:"width";i:71;s:6:"height";i:71;s:9:"mime-type";s:9:"image/png";}s:10:"widgetfull";a:4:{s:4:"file";s:17:"smile-320x210.png";s:5:"width";i:320;s:6:"height";i:210;s:9:"mime-type";s:9:"image/png";}s:8:"facility";a:4:{s:4:"file";s:17:"smile-240x240.png";s:5:"width";i:240;s:6:"height";i:240;s:9:"mime-type";s:9:"image/png";}}s:10:"image_meta";a:12:{s:8:"aperture";s:1:"0";s:6:"credit";s:0:"";s:6:"camera";s:0:"";s:7:"caption";s:0:"";s:17:"created_timestamp";s:1:"0";s:9:"copyright";s:0:"";s:12:"focal_length";s:1:"0";s:3:"iso";s:1:"0";s:13:"shutter_speed";s:1:"0";s:5:"title";s:0:"";s:11:"orientation";s:1:"0";s:8:"keywords";a:0:{}}}]]></wp:meta_value>
		</wp:postmeta>
	</item>
	<item>
		<title>dumbbell</title>
		<link>http://demo.mythemeshop.com/justfit-personal-trainer/dumbbell/</link>
		<pubDate>Sun, 09 Oct 2016 13:30:00 +0000</pubDate>
		<dc:creator><![CDATA[N8FnGO1Y]]></dc:creator>
		<guid isPermaLink="false">http://demo.mythemeshop.com/justfit-personal-trainer/files/2016/10/dumbbell.png</guid>
		<description></description>
		<content:encoded><![CDATA[]]></content:encoded>
		<excerpt:encoded><![CDATA[]]></excerpt:encoded>
		<wp:post_id>18</wp:post_id>
		<wp:post_date><![CDATA[2016-10-09 13:30:00]]></wp:post_date>
		<wp:post_date_gmt><![CDATA[2016-10-09 13:30:00]]></wp:post_date_gmt>
		<wp:comment_status><![CDATA[open]]></wp:comment_status>
		<wp:ping_status><![CDATA[closed]]></wp:ping_status>
		<wp:post_name><![CDATA[dumbbell]]></wp:post_name>
		<wp:status><![CDATA[inherit]]></wp:status>
		<wp:post_parent>0</wp:post_parent>
		<wp:menu_order>0</wp:menu_order>
		<wp:post_type><![CDATA[attachment]]></wp:post_type>
		<wp:post_password><![CDATA[]]></wp:post_password>
		<wp:is_sticky>0</wp:is_sticky>
		<wp:attachment_url><![CDATA[https://demo.mythemeshop.com/justfit-personal-trainer/files/2016/10/dumbbell.png]]></wp:attachment_url>
		<wp:postmeta>
			<wp:meta_key><![CDATA[_wp_attached_file]]></wp:meta_key>
			<wp:meta_value><![CDATA[2016/10/dumbbell.png]]></wp:meta_value>
		</wp:postmeta>
		<wp:postmeta>
			<wp:meta_key><![CDATA[_wp_attachment_metadata]]></wp:meta_key>
			<wp:meta_value><![CDATA[a:5:{s:5:"width";i:96;s:6:"height";i:96;s:4:"file";s:20:"2016/10/dumbbell.png";s:5:"sizes";a:7:{s:9:"thumbnail";a:4:{s:4:"file";s:20:"dumbbell-150x150.png";s:5:"width";i:150;s:6:"height";i:150;s:9:"mime-type";s:9:"image/png";}s:14:"post-thumbnail";a:4:{s:4:"file";s:20:"dumbbell-223x137.png";s:5:"width";i:223;s:6:"height";i:137;s:9:"mime-type";s:9:"image/png";}s:8:"featured";a:4:{s:4:"file";s:20:"dumbbell-360x250.png";s:5:"width";i:360;s:6:"height";i:250;s:9:"mime-type";s:9:"image/png";}s:12:"featuredfull";a:4:{s:4:"file";s:20:"dumbbell-765x400.png";s:5:"width";i:765;s:6:"height";i:400;s:9:"mime-type";s:9:"image/png";}s:11:"widgetthumb";a:4:{s:4:"file";s:18:"dumbbell-71x71.png";s:5:"width";i:71;s:6:"height";i:71;s:9:"mime-type";s:9:"image/png";}s:10:"widgetfull";a:4:{s:4:"file";s:20:"dumbbell-320x210.png";s:5:"width";i:320;s:6:"height";i:210;s:9:"mime-type";s:9:"image/png";}s:8:"facility";a:4:{s:4:"file";s:20:"dumbbell-240x240.png";s:5:"width";i:240;s:6:"height";i:240;s:9:"mime-type";s:9:"image/png";}}s:10:"image_meta";a:12:{s:8:"aperture";s:1:"0";s:6:"credit";s:0:"";s:6:"camera";s:0:"";s:7:"caption";s:0:"";s:17:"created_timestamp";s:1:"0";s:9:"copyright";s:0:"";s:12:"focal_length";s:1:"0";s:3:"iso";s:1:"0";s:13:"shutter_speed";s:1:"0";s:5:"title";s:0:"";s:11:"orientation";s:1:"0";s:8:"keywords";a:0:{}}}]]></wp:meta_value>
		</wp:postmeta>
	</item>
	<item>
		<title>bicycle</title>
		<link>http://demo.mythemeshop.com/justfit-personal-trainer/bicycle/</link>
		<pubDate>Sun, 09 Oct 2016 13:32:21 +0000</pubDate>
		<dc:creator><![CDATA[N8FnGO1Y]]></dc:creator>
		<guid isPermaLink="false">http://demo.mythemeshop.com/justfit-personal-trainer/files/2016/10/bicycle.png</guid>
		<description></description>
		<content:encoded><![CDATA[]]></content:encoded>
		<excerpt:encoded><![CDATA[]]></excerpt:encoded>
		<wp:post_id>19</wp:post_id>
		<wp:post_date><![CDATA[2016-10-09 13:32:21]]></wp:post_date>
		<wp:post_date_gmt><![CDATA[2016-10-09 13:32:21]]></wp:post_date_gmt>
		<wp:comment_status><![CDATA[open]]></wp:comment_status>
		<wp:ping_status><![CDATA[closed]]></wp:ping_status>
		<wp:post_name><![CDATA[bicycle]]></wp:post_name>
		<wp:status><![CDATA[inherit]]></wp:status>
		<wp:post_parent>0</wp:post_parent>
		<wp:menu_order>0</wp:menu_order>
		<wp:post_type><![CDATA[attachment]]></wp:post_type>
		<wp:post_password><![CDATA[]]></wp:post_password>
		<wp:is_sticky>0</wp:is_sticky>
		<wp:attachment_url><![CDATA[https://demo.mythemeshop.com/justfit-personal-trainer/files/2016/10/bicycle.png]]></wp:attachment_url>
		<wp:postmeta>
			<wp:meta_key><![CDATA[_wp_attached_file]]></wp:meta_key>
			<wp:meta_value><![CDATA[2016/10/bicycle.png]]></wp:meta_value>
		</wp:postmeta>
		<wp:postmeta>
			<wp:meta_key><![CDATA[_wp_attachment_metadata]]></wp:meta_key>
			<wp:meta_value><![CDATA[a:5:{s:5:"width";i:96;s:6:"height";i:96;s:4:"file";s:19:"2016/10/bicycle.png";s:5:"sizes";a:7:{s:9:"thumbnail";a:4:{s:4:"file";s:19:"bicycle-150x150.png";s:5:"width";i:150;s:6:"height";i:150;s:9:"mime-type";s:9:"image/png";}s:14:"post-thumbnail";a:4:{s:4:"file";s:19:"bicycle-223x137.png";s:5:"width";i:223;s:6:"height";i:137;s:9:"mime-type";s:9:"image/png";}s:8:"featured";a:4:{s:4:"file";s:19:"bicycle-360x250.png";s:5:"width";i:360;s:6:"height";i:250;s:9:"mime-type";s:9:"image/png";}s:12:"featuredfull";a:4:{s:4:"file";s:19:"bicycle-765x400.png";s:5:"width";i:765;s:6:"height";i:400;s:9:"mime-type";s:9:"image/png";}s:11:"widgetthumb";a:4:{s:4:"file";s:17:"bicycle-71x71.png";s:5:"width";i:71;s:6:"height";i:71;s:9:"mime-type";s:9:"image/png";}s:10:"widgetfull";a:4:{s:4:"file";s:19:"bicycle-320x210.png";s:5:"width";i:320;s:6:"height";i:210;s:9:"mime-type";s:9:"image/png";}s:8:"facility";a:4:{s:4:"file";s:19:"bicycle-240x240.png";s:5:"width";i:240;s:6:"height";i:240;s:9:"mime-type";s:9:"image/png";}}s:10:"image_meta";a:12:{s:8:"aperture";s:1:"0";s:6:"credit";s:0:"";s:6:"camera";s:0:"";s:7:"caption";s:0:"";s:17:"created_timestamp";s:1:"0";s:9:"copyright";s:0:"";s:12:"focal_length";s:1:"0";s:3:"iso";s:1:"0";s:13:"shutter_speed";s:1:"0";s:5:"title";s:0:"";s:11:"orientation";s:1:"0";s:8:"keywords";a:0:{}}}]]></wp:meta_value>
		</wp:postmeta>
	</item>
	<item>
		<title>no-smoking</title>
		<link>http://demo.mythemeshop.com/justfit-personal-trainer/no-smoking/</link>
		<pubDate>Sun, 09 Oct 2016 13:36:59 +0000</pubDate>
		<dc:creator><![CDATA[N8FnGO1Y]]></dc:creator>
		<guid isPermaLink="false">http://demo.mythemeshop.com/justfit-personal-trainer/files/2016/10/no-smoking.png</guid>
		<description></description>
		<content:encoded><![CDATA[]]></content:encoded>
		<excerpt:encoded><![CDATA[]]></excerpt:encoded>
		<wp:post_id>20</wp:post_id>
		<wp:post_date><![CDATA[2016-10-09 13:36:59]]></wp:post_date>
		<wp:post_date_gmt><![CDATA[2016-10-09 13:36:59]]></wp:post_date_gmt>
		<wp:comment_status><![CDATA[open]]></wp:comment_status>
		<wp:ping_status><![CDATA[closed]]></wp:ping_status>
		<wp:post_name><![CDATA[no-smoking]]></wp:post_name>
		<wp:status><![CDATA[inherit]]></wp:status>
		<wp:post_parent>0</wp:post_parent>
		<wp:menu_order>0</wp:menu_order>
		<wp:post_type><![CDATA[attachment]]></wp:post_type>
		<wp:post_password><![CDATA[]]></wp:post_password>
		<wp:is_sticky>0</wp:is_sticky>
		<wp:attachment_url><![CDATA[https://demo.mythemeshop.com/justfit-personal-trainer/files/2016/10/no-smoking.png]]></wp:attachment_url>
		<wp:postmeta>
			<wp:meta_key><![CDATA[_wp_attached_file]]></wp:meta_key>
			<wp:meta_value><![CDATA[2016/10/no-smoking.png]]></wp:meta_value>
		</wp:postmeta>
		<wp:postmeta>
			<wp:meta_key><![CDATA[_wp_attachment_metadata]]></wp:meta_key>
			<wp:meta_value><![CDATA[a:5:{s:5:"width";i:96;s:6:"height";i:96;s:4:"file";s:22:"2016/10/no-smoking.png";s:5:"sizes";a:7:{s:9:"thumbnail";a:4:{s:4:"file";s:22:"no-smoking-150x150.png";s:5:"width";i:150;s:6:"height";i:150;s:9:"mime-type";s:9:"image/png";}s:14:"post-thumbnail";a:4:{s:4:"file";s:22:"no-smoking-223x137.png";s:5:"width";i:223;s:6:"height";i:137;s:9:"mime-type";s:9:"image/png";}s:8:"featured";a:4:{s:4:"file";s:22:"no-smoking-360x250.png";s:5:"width";i:360;s:6:"height";i:250;s:9:"mime-type";s:9:"image/png";}s:12:"featuredfull";a:4:{s:4:"file";s:22:"no-smoking-765x400.png";s:5:"width";i:765;s:6:"height";i:400;s:9:"mime-type";s:9:"image/png";}s:11:"widgetthumb";a:4:{s:4:"file";s:20:"no-smoking-71x71.png";s:5:"width";i:71;s:6:"height";i:71;s:9:"mime-type";s:9:"image/png";}s:10:"widgetfull";a:4:{s:4:"file";s:22:"no-smoking-320x210.png";s:5:"width";i:320;s:6:"height";i:210;s:9:"mime-type";s:9:"image/png";}s:8:"facility";a:4:{s:4:"file";s:22:"no-smoking-240x240.png";s:5:"width";i:240;s:6:"height";i:240;s:9:"mime-type";s:9:"image/png";}}s:10:"image_meta";a:12:{s:8:"aperture";s:1:"0";s:6:"credit";s:0:"";s:6:"camera";s:0:"";s:7:"caption";s:0:"";s:17:"created_timestamp";s:1:"0";s:9:"copyright";s:0:"";s:12:"focal_length";s:1:"0";s:3:"iso";s:1:"0";s:13:"shutter_speed";s:1:"0";s:5:"title";s:0:"";s:11:"orientation";s:1:"0";s:8:"keywords";a:0:{}}}]]></wp:meta_value>
		</wp:postmeta>
	</item>
	<item>
		<title>yoga</title>
		<link>http://demo.mythemeshop.com/justfit-personal-trainer/yoga/</link>
		<pubDate>Sun, 09 Oct 2016 13:39:17 +0000</pubDate>
		<dc:creator><![CDATA[N8FnGO1Y]]></dc:creator>
		<guid isPermaLink="false">http://demo.mythemeshop.com/justfit-personal-trainer/files/2016/10/yoga.png</guid>
		<description></description>
		<content:encoded><![CDATA[]]></content:encoded>
		<excerpt:encoded><![CDATA[]]></excerpt:encoded>
		<wp:post_id>21</wp:post_id>
		<wp:post_date><![CDATA[2016-10-09 13:39:17]]></wp:post_date>
		<wp:post_date_gmt><![CDATA[2016-10-09 13:39:17]]></wp:post_date_gmt>
		<wp:comment_status><![CDATA[open]]></wp:comment_status>
		<wp:ping_status><![CDATA[closed]]></wp:ping_status>
		<wp:post_name><![CDATA[yoga]]></wp:post_name>
		<wp:status><![CDATA[inherit]]></wp:status>
		<wp:post_parent>0</wp:post_parent>
		<wp:menu_order>0</wp:menu_order>
		<wp:post_type><![CDATA[attachment]]></wp:post_type>
		<wp:post_password><![CDATA[]]></wp:post_password>
		<wp:is_sticky>0</wp:is_sticky>
		<wp:attachment_url><![CDATA[https://demo.mythemeshop.com/justfit-personal-trainer/files/2016/10/yoga.png]]></wp:attachment_url>
		<wp:postmeta>
			<wp:meta_key><![CDATA[_wp_attached_file]]></wp:meta_key>
			<wp:meta_value><![CDATA[2016/10/yoga.png]]></wp:meta_value>
		</wp:postmeta>
		<wp:postmeta>
			<wp:meta_key><![CDATA[_wp_attachment_metadata]]></wp:meta_key>
			<wp:meta_value><![CDATA[a:5:{s:5:"width";i:96;s:6:"height";i:96;s:4:"file";s:16:"2016/10/yoga.png";s:5:"sizes";a:7:{s:9:"thumbnail";a:4:{s:4:"file";s:16:"yoga-150x150.png";s:5:"width";i:150;s:6:"height";i:150;s:9:"mime-type";s:9:"image/png";}s:14:"post-thumbnail";a:4:{s:4:"file";s:16:"yoga-223x137.png";s:5:"width";i:223;s:6:"height";i:137;s:9:"mime-type";s:9:"image/png";}s:8:"featured";a:4:{s:4:"file";s:16:"yoga-360x250.png";s:5:"width";i:360;s:6:"height";i:250;s:9:"mime-type";s:9:"image/png";}s:12:"featuredfull";a:4:{s:4:"file";s:16:"yoga-765x400.png";s:5:"width";i:765;s:6:"height";i:400;s:9:"mime-type";s:9:"image/png";}s:11:"widgetthumb";a:4:{s:4:"file";s:14:"yoga-71x71.png";s:5:"width";i:71;s:6:"height";i:71;s:9:"mime-type";s:9:"image/png";}s:10:"widgetfull";a:4:{s:4:"file";s:16:"yoga-320x210.png";s:5:"width";i:320;s:6:"height";i:210;s:9:"mime-type";s:9:"image/png";}s:8:"facility";a:4:{s:4:"file";s:16:"yoga-240x240.png";s:5:"width";i:240;s:6:"height";i:240;s:9:"mime-type";s:9:"image/png";}}s:10:"image_meta";a:12:{s:8:"aperture";s:1:"0";s:6:"credit";s:0:"";s:6:"camera";s:0:"";s:7:"caption";s:0:"";s:17:"created_timestamp";s:1:"0";s:9:"copyright";s:0:"";s:12:"focal_length";s:1:"0";s:3:"iso";s:1:"0";s:13:"shutter_speed";s:1:"0";s:5:"title";s:0:"";s:11:"orientation";s:1:"0";s:8:"keywords";a:0:{}}}]]></wp:meta_value>
		</wp:postmeta>
	</item>
	<item>
		<title>personal-training</title>
		<link>http://demo.mythemeshop.com/justfit-personal-trainer/personal-training/</link>
		<pubDate>Sun, 09 Oct 2016 14:17:05 +0000</pubDate>
		<dc:creator><![CDATA[N8FnGO1Y]]></dc:creator>
		<guid isPermaLink="false">http://demo.mythemeshop.com/justfit-personal-trainer/files/2016/10/personal-training.png</guid>
		<description></description>
		<content:encoded><![CDATA[]]></content:encoded>
		<excerpt:encoded><![CDATA[]]></excerpt:encoded>
		<wp:post_id>22</wp:post_id>
		<wp:post_date><![CDATA[2016-10-09 14:17:05]]></wp:post_date>
		<wp:post_date_gmt><![CDATA[2016-10-09 14:17:05]]></wp:post_date_gmt>
		<wp:comment_status><![CDATA[open]]></wp:comment_status>
		<wp:ping_status><![CDATA[closed]]></wp:ping_status>
		<wp:post_name><![CDATA[personal-training]]></wp:post_name>
		<wp:status><![CDATA[inherit]]></wp:status>
		<wp:post_parent>0</wp:post_parent>
		<wp:menu_order>0</wp:menu_order>
		<wp:post_type><![CDATA[attachment]]></wp:post_type>
		<wp:post_password><![CDATA[]]></wp:post_password>
		<wp:is_sticky>0</wp:is_sticky>
		<wp:attachment_url><![CDATA[https://demo.mythemeshop.com/justfit-personal-trainer/files/2016/10/personal-training.png]]></wp:attachment_url>
		<wp:postmeta>
			<wp:meta_key><![CDATA[_wp_attached_file]]></wp:meta_key>
			<wp:meta_value><![CDATA[2016/10/personal-training.png]]></wp:meta_value>
		</wp:postmeta>
		<wp:postmeta>
			<wp:meta_key><![CDATA[_wp_attachment_metadata]]></wp:meta_key>
			<wp:meta_value><![CDATA[a:5:{s:5:"width";i:345;s:6:"height";i:382;s:4:"file";s:29:"2016/10/personal-training.png";s:5:"sizes";a:8:{s:9:"thumbnail";a:4:{s:4:"file";s:29:"personal-training-150x150.png";s:5:"width";i:150;s:6:"height";i:150;s:9:"mime-type";s:9:"image/png";}s:6:"medium";a:4:{s:4:"file";s:29:"personal-training-271x300.png";s:5:"width";i:271;s:6:"height";i:300;s:9:"mime-type";s:9:"image/png";}s:14:"post-thumbnail";a:4:{s:4:"file";s:29:"personal-training-223x137.png";s:5:"width";i:223;s:6:"height";i:137;s:9:"mime-type";s:9:"image/png";}s:8:"featured";a:4:{s:4:"file";s:29:"personal-training-360x250.png";s:5:"width";i:360;s:6:"height";i:250;s:9:"mime-type";s:9:"image/png";}s:12:"featuredfull";a:4:{s:4:"file";s:29:"personal-training-765x400.png";s:5:"width";i:765;s:6:"height";i:400;s:9:"mime-type";s:9:"image/png";}s:11:"widgetthumb";a:4:{s:4:"file";s:27:"personal-training-71x71.png";s:5:"width";i:71;s:6:"height";i:71;s:9:"mime-type";s:9:"image/png";}s:10:"widgetfull";a:4:{s:4:"file";s:29:"personal-training-320x210.png";s:5:"width";i:320;s:6:"height";i:210;s:9:"mime-type";s:9:"image/png";}s:8:"facility";a:4:{s:4:"file";s:29:"personal-training-240x240.png";s:5:"width";i:240;s:6:"height";i:240;s:9:"mime-type";s:9:"image/png";}}s:10:"image_meta";a:12:{s:8:"aperture";s:1:"0";s:6:"credit";s:0:"";s:6:"camera";s:0:"";s:7:"caption";s:0:"";s:17:"created_timestamp";s:1:"0";s:9:"copyright";s:0:"";s:12:"focal_length";s:1:"0";s:3:"iso";s:1:"0";s:13:"shutter_speed";s:1:"0";s:5:"title";s:0:"";s:11:"orientation";s:1:"0";s:8:"keywords";a:0:{}}}]]></wp:meta_value>
		</wp:postmeta>
	</item>
	<item>
		<title>trainers-bg</title>
		<link>http://demo.mythemeshop.com/justfit-personal-trainer/trainers-bg/</link>
		<pubDate>Sun, 09 Oct 2016 14:39:32 +0000</pubDate>
		<dc:creator><![CDATA[N8FnGO1Y]]></dc:creator>
		<guid isPermaLink="false">http://demo.mythemeshop.com/justfit-personal-trainer/files/2016/10/trainers-bg.jpg</guid>
		<description></description>
		<content:encoded><![CDATA[]]></content:encoded>
		<excerpt:encoded><![CDATA[]]></excerpt:encoded>
		<wp:post_id>24</wp:post_id>
		<wp:post_date><![CDATA[2016-10-09 14:39:32]]></wp:post_date>
		<wp:post_date_gmt><![CDATA[2016-10-09 14:39:32]]></wp:post_date_gmt>
		<wp:comment_status><![CDATA[open]]></wp:comment_status>
		<wp:ping_status><![CDATA[closed]]></wp:ping_status>
		<wp:post_name><![CDATA[trainers-bg]]></wp:post_name>
		<wp:status><![CDATA[inherit]]></wp:status>
		<wp:post_parent>0</wp:post_parent>
		<wp:menu_order>0</wp:menu_order>
		<wp:post_type><![CDATA[attachment]]></wp:post_type>
		<wp:post_password><![CDATA[]]></wp:post_password>
		<wp:is_sticky>0</wp:is_sticky>
		<wp:attachment_url><![CDATA[https://demo.mythemeshop.com/justfit-personal-trainer/files/2016/10/trainers-bg.jpg]]></wp:attachment_url>
		<wp:postmeta>
			<wp:meta_key><![CDATA[_wp_attached_file]]></wp:meta_key>
			<wp:meta_value><![CDATA[2016/10/trainers-bg.jpg]]></wp:meta_value>
		</wp:postmeta>
		<wp:postmeta>
			<wp:meta_key><![CDATA[_wp_attachment_metadata]]></wp:meta_key>
			<wp:meta_value><![CDATA[a:5:{s:5:"width";i:1170;s:6:"height";i:402;s:4:"file";s:23:"2016/10/trainers-bg.jpg";s:5:"sizes";a:10:{s:9:"thumbnail";a:4:{s:4:"file";s:23:"trainers-bg-150x150.jpg";s:5:"width";i:150;s:6:"height";i:150;s:9:"mime-type";s:10:"image/jpeg";}s:6:"medium";a:4:{s:4:"file";s:23:"trainers-bg-300x103.jpg";s:5:"width";i:300;s:6:"height";i:103;s:9:"mime-type";s:10:"image/jpeg";}s:12:"medium_large";a:4:{s:4:"file";s:23:"trainers-bg-768x264.jpg";s:5:"width";i:768;s:6:"height";i:264;s:9:"mime-type";s:10:"image/jpeg";}s:5:"large";a:4:{s:4:"file";s:24:"trainers-bg-1024x352.jpg";s:5:"width";i:1024;s:6:"height";i:352;s:9:"mime-type";s:10:"image/jpeg";}s:14:"post-thumbnail";a:4:{s:4:"file";s:23:"trainers-bg-223x137.jpg";s:5:"width";i:223;s:6:"height";i:137;s:9:"mime-type";s:10:"image/jpeg";}s:8:"featured";a:4:{s:4:"file";s:23:"trainers-bg-360x250.jpg";s:5:"width";i:360;s:6:"height";i:250;s:9:"mime-type";s:10:"image/jpeg";}s:12:"featuredfull";a:4:{s:4:"file";s:23:"trainers-bg-765x400.jpg";s:5:"width";i:765;s:6:"height";i:400;s:9:"mime-type";s:10:"image/jpeg";}s:11:"widgetthumb";a:4:{s:4:"file";s:21:"trainers-bg-71x71.jpg";s:5:"width";i:71;s:6:"height";i:71;s:9:"mime-type";s:10:"image/jpeg";}s:10:"widgetfull";a:4:{s:4:"file";s:23:"trainers-bg-320x210.jpg";s:5:"width";i:320;s:6:"height";i:210;s:9:"mime-type";s:10:"image/jpeg";}s:8:"facility";a:4:{s:4:"file";s:23:"trainers-bg-240x240.jpg";s:5:"width";i:240;s:6:"height";i:240;s:9:"mime-type";s:10:"image/jpeg";}}s:10:"image_meta";a:12:{s:8:"aperture";s:1:"0";s:6:"credit";s:0:"";s:6:"camera";s:0:"";s:7:"caption";s:0:"";s:17:"created_timestamp";s:1:"0";s:9:"copyright";s:0:"";s:12:"focal_length";s:1:"0";s:3:"iso";s:1:"0";s:13:"shutter_speed";s:1:"0";s:5:"title";s:0:"";s:11:"orientation";s:1:"0";s:8:"keywords";a:0:{}}}]]></wp:meta_value>
		</wp:postmeta>
	</item>
	<item>
		<title>logo</title>
		<link>http://demo.mythemeshop.com/justfit-personal-trainer/logo/</link>
		<pubDate>Sun, 09 Oct 2016 15:52:29 +0000</pubDate>
		<dc:creator><![CDATA[N8FnGO1Y]]></dc:creator>
		<guid isPermaLink="false">http://demo.mythemeshop.com/justfit-personal-trainer/files/2016/10/logo.png</guid>
		<description></description>
		<content:encoded><![CDATA[]]></content:encoded>
		<excerpt:encoded><![CDATA[]]></excerpt:encoded>
		<wp:post_id>27</wp:post_id>
		<wp:post_date><![CDATA[2016-10-09 15:52:29]]></wp:post_date>
		<wp:post_date_gmt><![CDATA[2016-10-09 15:52:29]]></wp:post_date_gmt>
		<wp:comment_status><![CDATA[open]]></wp:comment_status>
		<wp:ping_status><![CDATA[closed]]></wp:ping_status>
		<wp:post_name><![CDATA[logo]]></wp:post_name>
		<wp:status><![CDATA[inherit]]></wp:status>
		<wp:post_parent>0</wp:post_parent>
		<wp:menu_order>0</wp:menu_order>
		<wp:post_type><![CDATA[attachment]]></wp:post_type>
		<wp:post_password><![CDATA[]]></wp:post_password>
		<wp:is_sticky>0</wp:is_sticky>
		<wp:attachment_url><![CDATA[https://demo.mythemeshop.com/justfit-personal-trainer/files/2016/10/logo.png]]></wp:attachment_url>
		<wp:postmeta>
			<wp:meta_key><![CDATA[_wp_attachment_metadata]]></wp:meta_key>
			<wp:meta_value><![CDATA[a:5:{s:5:"width";i:225;s:6:"height";i:50;s:4:"file";s:16:"2016/10/logo.png";s:5:"sizes";a:7:{s:9:"thumbnail";a:4:{s:4:"file";s:16:"logo-150x150.png";s:5:"width";i:150;s:6:"height";i:150;s:9:"mime-type";s:9:"image/png";}s:14:"post-thumbnail";a:4:{s:4:"file";s:16:"logo-223x137.png";s:5:"width";i:223;s:6:"height";i:137;s:9:"mime-type";s:9:"image/png";}s:8:"featured";a:4:{s:4:"file";s:16:"logo-360x250.png";s:5:"width";i:360;s:6:"height";i:250;s:9:"mime-type";s:9:"image/png";}s:12:"featuredfull";a:4:{s:4:"file";s:16:"logo-765x400.png";s:5:"width";i:765;s:6:"height";i:400;s:9:"mime-type";s:9:"image/png";}s:11:"widgetthumb";a:4:{s:4:"file";s:14:"logo-71x71.png";s:5:"width";i:71;s:6:"height";i:71;s:9:"mime-type";s:9:"image/png";}s:10:"widgetfull";a:4:{s:4:"file";s:16:"logo-320x210.png";s:5:"width";i:320;s:6:"height";i:210;s:9:"mime-type";s:9:"image/png";}s:8:"facility";a:4:{s:4:"file";s:16:"logo-240x240.png";s:5:"width";i:240;s:6:"height";i:240;s:9:"mime-type";s:9:"image/png";}}s:10:"image_meta";a:12:{s:8:"aperture";s:1:"0";s:6:"credit";s:0:"";s:6:"camera";s:0:"";s:7:"caption";s:0:"";s:17:"created_timestamp";s:1:"0";s:9:"copyright";s:0:"";s:12:"focal_length";s:1:"0";s:3:"iso";s:1:"0";s:13:"shutter_speed";s:1:"0";s:5:"title";s:0:"";s:11:"orientation";s:1:"0";s:8:"keywords";a:0:{}}}]]></wp:meta_value>
		</wp:postmeta>
		<wp:postmeta>
			<wp:meta_key><![CDATA[_wp_attached_file]]></wp:meta_key>
			<wp:meta_value><![CDATA[2016/10/logo.png]]></wp:meta_value>
		</wp:postmeta>
	</item>
	<item>
		<title>nutrition</title>
		<link>http://demo.mythemeshop.com/justfit-personal-trainer/nutrition/</link>
		<pubDate>Sun, 09 Oct 2016 19:41:00 +0000</pubDate>
		<dc:creator><![CDATA[N8FnGO1Y]]></dc:creator>
		<guid isPermaLink="false">http://demo.mythemeshop.com/justfit-personal-trainer/files/2016/10/nutrition.jpg</guid>
		<description></description>
		<content:encoded><![CDATA[]]></content:encoded>
		<excerpt:encoded><![CDATA[]]></excerpt:encoded>
		<wp:post_id>28</wp:post_id>
		<wp:post_date><![CDATA[2016-10-09 19:41:00]]></wp:post_date>
		<wp:post_date_gmt><![CDATA[2016-10-09 19:41:00]]></wp:post_date_gmt>
		<wp:comment_status><![CDATA[open]]></wp:comment_status>
		<wp:ping_status><![CDATA[closed]]></wp:ping_status>
		<wp:post_name><![CDATA[nutrition]]></wp:post_name>
		<wp:status><![CDATA[inherit]]></wp:status>
		<wp:post_parent>0</wp:post_parent>
		<wp:menu_order>0</wp:menu_order>
		<wp:post_type><![CDATA[attachment]]></wp:post_type>
		<wp:post_password><![CDATA[]]></wp:post_password>
		<wp:is_sticky>0</wp:is_sticky>
		<wp:attachment_url><![CDATA[https://demo.mythemeshop.com/justfit-personal-trainer/files/2016/10/nutrition.jpg]]></wp:attachment_url>
		<wp:postmeta>
			<wp:meta_key><![CDATA[_wp_attached_file]]></wp:meta_key>
			<wp:meta_value><![CDATA[2016/10/nutrition.jpg]]></wp:meta_value>
		</wp:postmeta>
		<wp:postmeta>
			<wp:meta_key><![CDATA[_wp_attachment_metadata]]></wp:meta_key>
			<wp:meta_value><![CDATA[a:5:{s:5:"width";i:240;s:6:"height";i:240;s:4:"file";s:21:"2016/10/nutrition.jpg";s:5:"sizes";a:7:{s:9:"thumbnail";a:4:{s:4:"file";s:21:"nutrition-150x150.jpg";s:5:"width";i:150;s:6:"height";i:150;s:9:"mime-type";s:10:"image/jpeg";}s:14:"post-thumbnail";a:4:{s:4:"file";s:21:"nutrition-223x137.jpg";s:5:"width";i:223;s:6:"height";i:137;s:9:"mime-type";s:10:"image/jpeg";}s:8:"featured";a:4:{s:4:"file";s:21:"nutrition-360x250.jpg";s:5:"width";i:360;s:6:"height";i:250;s:9:"mime-type";s:10:"image/jpeg";}s:12:"featuredfull";a:4:{s:4:"file";s:21:"nutrition-765x400.jpg";s:5:"width";i:765;s:6:"height";i:400;s:9:"mime-type";s:10:"image/jpeg";}s:11:"widgetthumb";a:4:{s:4:"file";s:19:"nutrition-71x71.jpg";s:5:"width";i:71;s:6:"height";i:71;s:9:"mime-type";s:10:"image/jpeg";}s:10:"widgetfull";a:4:{s:4:"file";s:21:"nutrition-320x210.jpg";s:5:"width";i:320;s:6:"height";i:210;s:9:"mime-type";s:10:"image/jpeg";}s:8:"facility";a:6:{s:4:"file";s:21:"nutrition-240x240.jpg";s:5:"width";i:240;s:6:"height";i:240;s:9:"mime-type";s:10:"image/jpeg";s:11:"width_query";i:240;s:12:"height_query";i:240;}}s:10:"image_meta";a:12:{s:8:"aperture";s:1:"0";s:6:"credit";s:0:"";s:6:"camera";s:0:"";s:7:"caption";s:0:"";s:17:"created_timestamp";s:1:"0";s:9:"copyright";s:0:"";s:12:"focal_length";s:1:"0";s:3:"iso";s:1:"0";s:13:"shutter_speed";s:1:"0";s:5:"title";s:0:"";s:11:"orientation";s:1:"0";s:8:"keywords";a:0:{}}}]]></wp:meta_value>
		</wp:postmeta>
	</item>
	<item>
		<title>exercise</title>
		<link>http://demo.mythemeshop.com/justfit-personal-trainer/exercise/</link>
		<pubDate>Sun, 09 Oct 2016 19:46:47 +0000</pubDate>
		<dc:creator><![CDATA[N8FnGO1Y]]></dc:creator>
		<guid isPermaLink="false">http://demo.mythemeshop.com/justfit-personal-trainer/files/2016/10/exercise.jpg</guid>
		<description></description>
		<content:encoded><![CDATA[]]></content:encoded>
		<excerpt:encoded><![CDATA[]]></excerpt:encoded>
		<wp:post_id>29</wp:post_id>
		<wp:post_date><![CDATA[2016-10-09 19:46:47]]></wp:post_date>
		<wp:post_date_gmt><![CDATA[2016-10-09 19:46:47]]></wp:post_date_gmt>
		<wp:comment_status><![CDATA[open]]></wp:comment_status>
		<wp:ping_status><![CDATA[closed]]></wp:ping_status>
		<wp:post_name><![CDATA[exercise]]></wp:post_name>
		<wp:status><![CDATA[inherit]]></wp:status>
		<wp:post_parent>0</wp:post_parent>
		<wp:menu_order>0</wp:menu_order>
		<wp:post_type><![CDATA[attachment]]></wp:post_type>
		<wp:post_password><![CDATA[]]></wp:post_password>
		<wp:is_sticky>0</wp:is_sticky>
		<wp:attachment_url><![CDATA[https://demo.mythemeshop.com/justfit-personal-trainer/files/2016/10/exercise.jpg]]></wp:attachment_url>
		<wp:postmeta>
			<wp:meta_key><![CDATA[_wp_attached_file]]></wp:meta_key>
			<wp:meta_value><![CDATA[2016/10/exercise.jpg]]></wp:meta_value>
		</wp:postmeta>
		<wp:postmeta>
			<wp:meta_key><![CDATA[_wp_attachment_metadata]]></wp:meta_key>
			<wp:meta_value><![CDATA[a:5:{s:5:"width";i:240;s:6:"height";i:240;s:4:"file";s:20:"2016/10/exercise.jpg";s:5:"sizes";a:7:{s:9:"thumbnail";a:4:{s:4:"file";s:20:"exercise-150x150.jpg";s:5:"width";i:150;s:6:"height";i:150;s:9:"mime-type";s:10:"image/jpeg";}s:14:"post-thumbnail";a:4:{s:4:"file";s:20:"exercise-223x137.jpg";s:5:"width";i:223;s:6:"height";i:137;s:9:"mime-type";s:10:"image/jpeg";}s:8:"featured";a:4:{s:4:"file";s:20:"exercise-360x250.jpg";s:5:"width";i:360;s:6:"height";i:250;s:9:"mime-type";s:10:"image/jpeg";}s:12:"featuredfull";a:4:{s:4:"file";s:20:"exercise-765x400.jpg";s:5:"width";i:765;s:6:"height";i:400;s:9:"mime-type";s:10:"image/jpeg";}s:11:"widgetthumb";a:4:{s:4:"file";s:18:"exercise-71x71.jpg";s:5:"width";i:71;s:6:"height";i:71;s:9:"mime-type";s:10:"image/jpeg";}s:10:"widgetfull";a:4:{s:4:"file";s:20:"exercise-320x210.jpg";s:5:"width";i:320;s:6:"height";i:210;s:9:"mime-type";s:10:"image/jpeg";}s:8:"facility";a:6:{s:4:"file";s:20:"exercise-240x240.jpg";s:5:"width";i:240;s:6:"height";i:240;s:9:"mime-type";s:10:"image/jpeg";s:11:"width_query";i:240;s:12:"height_query";i:240;}}s:10:"image_meta";a:12:{s:8:"aperture";s:1:"0";s:6:"credit";s:0:"";s:6:"camera";s:0:"";s:7:"caption";s:0:"";s:17:"created_timestamp";s:1:"0";s:9:"copyright";s:0:"";s:12:"focal_length";s:1:"0";s:3:"iso";s:1:"0";s:13:"shutter_speed";s:1:"0";s:5:"title";s:0:"";s:11:"orientation";s:1:"0";s:8:"keywords";a:0:{}}}]]></wp:meta_value>
		</wp:postmeta>
	</item>
	<item>
		<title>personal</title>
		<link>http://demo.mythemeshop.com/justfit-personal-trainer/personal/</link>
		<pubDate>Sun, 09 Oct 2016 19:51:09 +0000</pubDate>
		<dc:creator><![CDATA[N8FnGO1Y]]></dc:creator>
		<guid isPermaLink="false">http://demo.mythemeshop.com/justfit-personal-trainer/files/2016/10/personal.jpg</guid>
		<description></description>
		<content:encoded><![CDATA[]]></content:encoded>
		<excerpt:encoded><![CDATA[]]></excerpt:encoded>
		<wp:post_id>30</wp:post_id>
		<wp:post_date><![CDATA[2016-10-09 19:51:09]]></wp:post_date>
		<wp:post_date_gmt><![CDATA[2016-10-09 19:51:09]]></wp:post_date_gmt>
		<wp:comment_status><![CDATA[open]]></wp:comment_status>
		<wp:ping_status><![CDATA[closed]]></wp:ping_status>
		<wp:post_name><![CDATA[personal]]></wp:post_name>
		<wp:status><![CDATA[inherit]]></wp:status>
		<wp:post_parent>0</wp:post_parent>
		<wp:menu_order>0</wp:menu_order>
		<wp:post_type><![CDATA[attachment]]></wp:post_type>
		<wp:post_password><![CDATA[]]></wp:post_password>
		<wp:is_sticky>0</wp:is_sticky>
		<wp:attachment_url><![CDATA[https://demo.mythemeshop.com/justfit-personal-trainer/files/2016/10/personal.jpg]]></wp:attachment_url>
		<wp:postmeta>
			<wp:meta_key><![CDATA[_wp_attached_file]]></wp:meta_key>
			<wp:meta_value><![CDATA[2016/10/personal.jpg]]></wp:meta_value>
		</wp:postmeta>
		<wp:postmeta>
			<wp:meta_key><![CDATA[_wp_attachment_metadata]]></wp:meta_key>
			<wp:meta_value><![CDATA[a:5:{s:5:"width";i:240;s:6:"height";i:240;s:4:"file";s:20:"2016/10/personal.jpg";s:5:"sizes";a:7:{s:9:"thumbnail";a:4:{s:4:"file";s:20:"personal-150x150.jpg";s:5:"width";i:150;s:6:"height";i:150;s:9:"mime-type";s:10:"image/jpeg";}s:14:"post-thumbnail";a:4:{s:4:"file";s:20:"personal-223x137.jpg";s:5:"width";i:223;s:6:"height";i:137;s:9:"mime-type";s:10:"image/jpeg";}s:8:"featured";a:4:{s:4:"file";s:20:"personal-360x250.jpg";s:5:"width";i:360;s:6:"height";i:250;s:9:"mime-type";s:10:"image/jpeg";}s:12:"featuredfull";a:4:{s:4:"file";s:20:"personal-765x400.jpg";s:5:"width";i:765;s:6:"height";i:400;s:9:"mime-type";s:10:"image/jpeg";}s:11:"widgetthumb";a:4:{s:4:"file";s:18:"personal-71x71.jpg";s:5:"width";i:71;s:6:"height";i:71;s:9:"mime-type";s:10:"image/jpeg";}s:10:"widgetfull";a:4:{s:4:"file";s:20:"personal-320x210.jpg";s:5:"width";i:320;s:6:"height";i:210;s:9:"mime-type";s:10:"image/jpeg";}s:8:"facility";a:6:{s:4:"file";s:20:"personal-240x240.jpg";s:5:"width";i:240;s:6:"height";i:240;s:9:"mime-type";s:10:"image/jpeg";s:11:"width_query";i:240;s:12:"height_query";i:240;}}s:10:"image_meta";a:12:{s:8:"aperture";s:1:"0";s:6:"credit";s:0:"";s:6:"camera";s:0:"";s:7:"caption";s:0:"";s:17:"created_timestamp";s:1:"0";s:9:"copyright";s:0:"";s:12:"focal_length";s:1:"0";s:3:"iso";s:1:"0";s:13:"shutter_speed";s:1:"0";s:5:"title";s:0:"";s:11:"orientation";s:1:"0";s:8:"keywords";a:0:{}}}]]></wp:meta_value>
		</wp:postmeta>
	</item>
	<item>
		<title></title>
		<link>http://demo.mythemeshop.com/justfit-personal-trainer/?p=32</link>
		<pubDate>Wed, 30 Nov -0001 00:00:00 +0000</pubDate>
		<dc:creator><![CDATA[N8FnGO1Y]]></dc:creator>
		<guid isPermaLink="false">http://demo.mythemeshop.com/justfit-personal-trainer/?p=32</guid>
		<description></description>
		<content:encoded><![CDATA[ ]]></content:encoded>
		<excerpt:encoded><![CDATA[]]></excerpt:encoded>
		<wp:post_id>32</wp:post_id>
		<wp:post_date><![CDATA[2016-10-09 20:15:44]]></wp:post_date>
		<wp:post_date_gmt><![CDATA[0000-00-00 00:00:00]]></wp:post_date_gmt>
		<wp:comment_status><![CDATA[closed]]></wp:comment_status>
		<wp:ping_status><![CDATA[closed]]></wp:ping_status>
		<wp:post_name><![CDATA[]]></wp:post_name>
		<wp:status><![CDATA[draft]]></wp:status>
		<wp:post_parent>0</wp:post_parent>
		<wp:menu_order>1</wp:menu_order>
		<wp:post_type><![CDATA[nav_menu_item]]></wp:post_type>
		<wp:post_password><![CDATA[]]></wp:post_password>
		<wp:is_sticky>0</wp:is_sticky>
		<wp:postmeta>
			<wp:meta_key><![CDATA[_menu_item_type]]></wp:meta_key>
			<wp:meta_value><![CDATA[post_type]]></wp:meta_value>
		</wp:postmeta>
		<wp:postmeta>
			<wp:meta_key><![CDATA[_menu_item_menu_item_parent]]></wp:meta_key>
			<wp:meta_value><![CDATA[0]]></wp:meta_value>
		</wp:postmeta>
		<wp:postmeta>
			<wp:meta_key><![CDATA[_menu_item_object_id]]></wp:meta_key>
			<wp:meta_value><![CDATA[4]]></wp:meta_value>
		</wp:postmeta>
		<wp:postmeta>
			<wp:meta_key><![CDATA[_menu_item_object]]></wp:meta_key>
			<wp:meta_value><![CDATA[page]]></wp:meta_value>
		</wp:postmeta>
		<wp:postmeta>
			<wp:meta_key><![CDATA[_menu_item_target]]></wp:meta_key>
			<wp:meta_value><![CDATA[]]></wp:meta_value>
		</wp:postmeta>
		<wp:postmeta>
			<wp:meta_key><![CDATA[_menu_item_classes]]></wp:meta_key>
			<wp:meta_value><![CDATA[a:1:{i:0;s:0:"";}]]></wp:meta_value>
		</wp:postmeta>
		<wp:postmeta>
			<wp:meta_key><![CDATA[_menu_item_xfn]]></wp:meta_key>
			<wp:meta_value><![CDATA[]]></wp:meta_value>
		</wp:postmeta>
		<wp:postmeta>
			<wp:meta_key><![CDATA[_menu_item_url]]></wp:meta_key>
			<wp:meta_value><![CDATA[]]></wp:meta_value>
		</wp:postmeta>
		<wp:postmeta>
			<wp:meta_key><![CDATA[_menu_item_orphaned]]></wp:meta_key>
			<wp:meta_value><![CDATA[1476044144]]></wp:meta_value>
		</wp:postmeta>
	</item>
	<item>
		<title>footer-logo</title>
		<link>http://demo.mythemeshop.com/justfit-personal-trainer/footer-logo/</link>
		<pubDate>Sun, 09 Oct 2016 20:36:25 +0000</pubDate>
		<dc:creator><![CDATA[N8FnGO1Y]]></dc:creator>
		<guid isPermaLink="false">http://demo.mythemeshop.com/justfit-personal-trainer/files/2016/10/footer-logo.png</guid>
		<description></description>
		<content:encoded><![CDATA[]]></content:encoded>
		<excerpt:encoded><![CDATA[]]></excerpt:encoded>
		<wp:post_id>40</wp:post_id>
		<wp:post_date><![CDATA[2016-10-09 20:36:25]]></wp:post_date>
		<wp:post_date_gmt><![CDATA[2016-10-09 20:36:25]]></wp:post_date_gmt>
		<wp:comment_status><![CDATA[open]]></wp:comment_status>
		<wp:ping_status><![CDATA[closed]]></wp:ping_status>
		<wp:post_name><![CDATA[footer-logo]]></wp:post_name>
		<wp:status><![CDATA[inherit]]></wp:status>
		<wp:post_parent>0</wp:post_parent>
		<wp:menu_order>0</wp:menu_order>
		<wp:post_type><![CDATA[attachment]]></wp:post_type>
		<wp:post_password><![CDATA[]]></wp:post_password>
		<wp:is_sticky>0</wp:is_sticky>
		<wp:attachment_url><![CDATA[https://demo.mythemeshop.com/justfit-personal-trainer/files/2016/10/footer-logo.png]]></wp:attachment_url>
		<wp:postmeta>
			<wp:meta_key><![CDATA[_wp_attached_file]]></wp:meta_key>
			<wp:meta_value><![CDATA[2016/10/footer-logo.png]]></wp:meta_value>
		</wp:postmeta>
		<wp:postmeta>
			<wp:meta_key><![CDATA[_wp_attachment_metadata]]></wp:meta_key>
			<wp:meta_value><![CDATA[a:5:{s:5:"width";i:40;s:6:"height";i:40;s:4:"file";s:23:"2016/10/footer-logo.png";s:5:"sizes";a:7:{s:9:"thumbnail";a:4:{s:4:"file";s:23:"footer-logo-150x150.png";s:5:"width";i:150;s:6:"height";i:150;s:9:"mime-type";s:9:"image/png";}s:14:"post-thumbnail";a:4:{s:4:"file";s:23:"footer-logo-223x137.png";s:5:"width";i:223;s:6:"height";i:137;s:9:"mime-type";s:9:"image/png";}s:8:"featured";a:4:{s:4:"file";s:23:"footer-logo-360x250.png";s:5:"width";i:360;s:6:"height";i:250;s:9:"mime-type";s:9:"image/png";}s:12:"featuredfull";a:4:{s:4:"file";s:23:"footer-logo-765x400.png";s:5:"width";i:765;s:6:"height";i:400;s:9:"mime-type";s:9:"image/png";}s:11:"widgetthumb";a:4:{s:4:"file";s:21:"footer-logo-71x71.png";s:5:"width";i:71;s:6:"height";i:71;s:9:"mime-type";s:9:"image/png";}s:10:"widgetfull";a:4:{s:4:"file";s:23:"footer-logo-320x210.png";s:5:"width";i:320;s:6:"height";i:210;s:9:"mime-type";s:9:"image/png";}s:8:"facility";a:4:{s:4:"file";s:23:"footer-logo-240x240.png";s:5:"width";i:240;s:6:"height";i:240;s:9:"mime-type";s:9:"image/png";}}s:10:"image_meta";a:12:{s:8:"aperture";s:1:"0";s:6:"credit";s:0:"";s:6:"camera";s:0:"";s:7:"caption";s:0:"";s:17:"created_timestamp";s:1:"0";s:9:"copyright";s:0:"";s:12:"focal_length";s:1:"0";s:3:"iso";s:1:"0";s:13:"shutter_speed";s:1:"0";s:5:"title";s:0:"";s:11:"orientation";s:1:"0";s:8:"keywords";a:0:{}}}]]></wp:meta_value>
		</wp:postmeta>
	</item>
	<item>
		<title>before-after</title>
		<link>http://demo.mythemeshop.com/justfit-personal-trainer/before-after/</link>
		<pubDate>Sun, 09 Oct 2016 21:06:01 +0000</pubDate>
		<dc:creator><![CDATA[N8FnGO1Y]]></dc:creator>
		<guid isPermaLink="false">http://demo.mythemeshop.com/justfit-personal-trainer/files/2016/10/before-after.jpg</guid>
		<description></description>
		<content:encoded><![CDATA[]]></content:encoded>
		<excerpt:encoded><![CDATA[]]></excerpt:encoded>
		<wp:post_id>41</wp:post_id>
		<wp:post_date><![CDATA[2016-10-09 21:06:01]]></wp:post_date>
		<wp:post_date_gmt><![CDATA[2016-10-09 21:06:01]]></wp:post_date_gmt>
		<wp:comment_status><![CDATA[open]]></wp:comment_status>
		<wp:ping_status><![CDATA[closed]]></wp:ping_status>
		<wp:post_name><![CDATA[before-after]]></wp:post_name>
		<wp:status><![CDATA[inherit]]></wp:status>
		<wp:post_parent>0</wp:post_parent>
		<wp:menu_order>0</wp:menu_order>
		<wp:post_type><![CDATA[attachment]]></wp:post_type>
		<wp:post_password><![CDATA[]]></wp:post_password>
		<wp:is_sticky>0</wp:is_sticky>
		<wp:attachment_url><![CDATA[https://demo.mythemeshop.com/justfit-personal-trainer/files/2016/10/before-after.jpg]]></wp:attachment_url>
		<wp:postmeta>
			<wp:meta_key><![CDATA[_wp_attached_file]]></wp:meta_key>
			<wp:meta_value><![CDATA[2016/10/before-after.jpg]]></wp:meta_value>
		</wp:postmeta>
		<wp:postmeta>
			<wp:meta_key><![CDATA[_wp_attachment_metadata]]></wp:meta_key>
			<wp:meta_value><![CDATA[a:5:{s:5:"width";i:569;s:6:"height";i:634;s:4:"file";s:24:"2016/10/before-after.jpg";s:5:"sizes";a:8:{s:9:"thumbnail";a:4:{s:4:"file";s:24:"before-after-150x150.jpg";s:5:"width";i:150;s:6:"height";i:150;s:9:"mime-type";s:10:"image/jpeg";}s:6:"medium";a:4:{s:4:"file";s:24:"before-after-269x300.jpg";s:5:"width";i:269;s:6:"height";i:300;s:9:"mime-type";s:10:"image/jpeg";}s:14:"post-thumbnail";a:4:{s:4:"file";s:24:"before-after-223x137.jpg";s:5:"width";i:223;s:6:"height";i:137;s:9:"mime-type";s:10:"image/jpeg";}s:8:"featured";a:4:{s:4:"file";s:24:"before-after-360x250.jpg";s:5:"width";i:360;s:6:"height";i:250;s:9:"mime-type";s:10:"image/jpeg";}s:12:"featuredfull";a:4:{s:4:"file";s:24:"before-after-765x400.jpg";s:5:"width";i:765;s:6:"height";i:400;s:9:"mime-type";s:10:"image/jpeg";}s:11:"widgetthumb";a:4:{s:4:"file";s:22:"before-after-71x71.jpg";s:5:"width";i:71;s:6:"height";i:71;s:9:"mime-type";s:10:"image/jpeg";}s:10:"widgetfull";a:4:{s:4:"file";s:24:"before-after-320x210.jpg";s:5:"width";i:320;s:6:"height";i:210;s:9:"mime-type";s:10:"image/jpeg";}s:8:"facility";a:4:{s:4:"file";s:24:"before-after-240x240.jpg";s:5:"width";i:240;s:6:"height";i:240;s:9:"mime-type";s:10:"image/jpeg";}}s:10:"image_meta";a:12:{s:8:"aperture";s:1:"0";s:6:"credit";s:0:"";s:6:"camera";s:0:"";s:7:"caption";s:0:"";s:17:"created_timestamp";s:1:"0";s:9:"copyright";s:0:"";s:12:"focal_length";s:1:"0";s:3:"iso";s:1:"0";s:13:"shutter_speed";s:1:"0";s:5:"title";s:0:"";s:11:"orientation";s:1:"0";s:8:"keywords";a:0:{}}}]]></wp:meta_value>
		</wp:postmeta>
	</item>
	<item>
		<title>Why us?</title>
		<link>http://demo.mythemeshop.com/justfit-personal-trainer/why-us/</link>
		<pubDate>Sun, 09 Oct 2016 20:18:44 +0000</pubDate>
		<dc:creator><![CDATA[N8FnGO1Y]]></dc:creator>
		<guid isPermaLink="false">http://demo.mythemeshop.com/justfit-personal-trainer/?p=34</guid>
		<description></description>
		<content:encoded><![CDATA[]]></content:encoded>
		<excerpt:encoded><![CDATA[]]></excerpt:encoded>
		<wp:post_id>34</wp:post_id>
		<wp:post_date><![CDATA[2016-10-09 20:18:44]]></wp:post_date>
		<wp:post_date_gmt><![CDATA[2016-10-09 20:18:44]]></wp:post_date_gmt>
		<wp:comment_status><![CDATA[closed]]></wp:comment_status>
		<wp:ping_status><![CDATA[closed]]></wp:ping_status>
		<wp:post_name><![CDATA[why-us]]></wp:post_name>
		<wp:status><![CDATA[publish]]></wp:status>
		<wp:post_parent>0</wp:post_parent>
		<wp:menu_order>2</wp:menu_order>
		<wp:post_type><![CDATA[nav_menu_item]]></wp:post_type>
		<wp:post_password><![CDATA[]]></wp:post_password>
		<wp:is_sticky>0</wp:is_sticky>
		<category domain="nav_menu" nicename="menu"><![CDATA[Menu]]></category>
		<wp:postmeta>
			<wp:meta_key><![CDATA[_menu_item_color]]></wp:meta_key>
			<wp:meta_value><![CDATA[]]></wp:meta_value>
		</wp:postmeta>
		<wp:postmeta>
			<wp:meta_key><![CDATA[_menu_item_url]]></wp:meta_key>
			<wp:meta_value><![CDATA[http://demo.mythemeshop.com/justfit-personal-trainer/#home_training]]></wp:meta_value>
		</wp:postmeta>
		<wp:postmeta>
			<wp:meta_key><![CDATA[_menu_item_xfn]]></wp:meta_key>
			<wp:meta_value><![CDATA[]]></wp:meta_value>
		</wp:postmeta>
		<wp:postmeta>
			<wp:meta_key><![CDATA[_menu_item_classes]]></wp:meta_key>
			<wp:meta_value><![CDATA[a:1:{i:0;s:0:"";}]]></wp:meta_value>
		</wp:postmeta>
		<wp:postmeta>
			<wp:meta_key><![CDATA[_menu_item_target]]></wp:meta_key>
			<wp:meta_value><![CDATA[]]></wp:meta_value>
		</wp:postmeta>
		<wp:postmeta>
			<wp:meta_key><![CDATA[_menu_item_type]]></wp:meta_key>
			<wp:meta_value><![CDATA[custom]]></wp:meta_value>
		</wp:postmeta>
		<wp:postmeta>
			<wp:meta_key><![CDATA[_menu_item_menu_item_parent]]></wp:meta_key>
			<wp:meta_value><![CDATA[0]]></wp:meta_value>
		</wp:postmeta>
		<wp:postmeta>
			<wp:meta_key><![CDATA[_menu_item_object_id]]></wp:meta_key>
			<wp:meta_value><![CDATA[34]]></wp:meta_value>
		</wp:postmeta>
		<wp:postmeta>
			<wp:meta_key><![CDATA[_menu_item_object]]></wp:meta_key>
			<wp:meta_value><![CDATA[custom]]></wp:meta_value>
		</wp:postmeta>
		<wp:postmeta>
			<wp:meta_key><![CDATA[_menu_item_icon]]></wp:meta_key>
			<wp:meta_value><![CDATA[]]></wp:meta_value>
		</wp:postmeta>
	</item>
	<item>
		<title>Blog</title>
		<link>http://demo.mythemeshop.com/justfit-personal-trainer/blog/</link>
		<pubDate>Sun, 09 Oct 2016 09:23:42 +0000</pubDate>
		<dc:creator><![CDATA[N8FnGO1Y]]></dc:creator>
		<guid isPermaLink="false">http://demo.mythemeshop.com/justfit-personal-trainer/blog/</guid>
		<description></description>
		<content:encoded><![CDATA[]]></content:encoded>
		<excerpt:encoded><![CDATA[]]></excerpt:encoded>
		<wp:post_id>4</wp:post_id>
		<wp:post_date><![CDATA[2016-10-09 09:23:42]]></wp:post_date>
		<wp:post_date_gmt><![CDATA[2016-10-09 09:23:42]]></wp:post_date_gmt>
		<wp:comment_status><![CDATA[closed]]></wp:comment_status>
		<wp:ping_status><![CDATA[closed]]></wp:ping_status>
		<wp:post_name><![CDATA[blog]]></wp:post_name>
		<wp:status><![CDATA[publish]]></wp:status>
		<wp:post_parent>0</wp:post_parent>
		<wp:menu_order>0</wp:menu_order>
		<wp:post_type><![CDATA[page]]></wp:post_type>
		<wp:post_password><![CDATA[]]></wp:post_password>
		<wp:is_sticky>0</wp:is_sticky>
		<wp:postmeta>
			<wp:meta_key><![CDATA[_wp_page_template]]></wp:meta_key>
			<wp:meta_value><![CDATA[page-blog.php]]></wp:meta_value>
		</wp:postmeta>
	</item>
	<item>
		<title>Home</title>
		<link>http://demo.mythemeshop.com/justfit-personal-trainer/home/</link>
		<pubDate>Sun, 09 Oct 2016 20:18:44 +0000</pubDate>
		<dc:creator><![CDATA[N8FnGO1Y]]></dc:creator>
		<guid isPermaLink="false">http://demo.mythemeshop.com/justfit-personal-trainer/?p=31</guid>
		<description></description>
		<content:encoded><![CDATA[]]></content:encoded>
		<excerpt:encoded><![CDATA[]]></excerpt:encoded>
		<wp:post_id>31</wp:post_id>
		<wp:post_date><![CDATA[2016-10-09 20:18:44]]></wp:post_date>
		<wp:post_date_gmt><![CDATA[2016-10-09 20:18:44]]></wp:post_date_gmt>
		<wp:comment_status><![CDATA[closed]]></wp:comment_status>
		<wp:ping_status><![CDATA[closed]]></wp:ping_status>
		<wp:post_name><![CDATA[home]]></wp:post_name>
		<wp:status><![CDATA[publish]]></wp:status>
		<wp:post_parent>0</wp:post_parent>
		<wp:menu_order>1</wp:menu_order>
		<wp:post_type><![CDATA[nav_menu_item]]></wp:post_type>
		<wp:post_password><![CDATA[]]></wp:post_password>
		<wp:is_sticky>0</wp:is_sticky>
		<category domain="nav_menu" nicename="menu"><![CDATA[Menu]]></category>
		<wp:postmeta>
			<wp:meta_key><![CDATA[_menu_item_type]]></wp:meta_key>
			<wp:meta_value><![CDATA[custom]]></wp:meta_value>
		</wp:postmeta>
		<wp:postmeta>
			<wp:meta_key><![CDATA[_menu_item_menu_item_parent]]></wp:meta_key>
			<wp:meta_value><![CDATA[0]]></wp:meta_value>
		</wp:postmeta>
		<wp:postmeta>
			<wp:meta_key><![CDATA[_menu_item_object_id]]></wp:meta_key>
			<wp:meta_value><![CDATA[31]]></wp:meta_value>
		</wp:postmeta>
		<wp:postmeta>
			<wp:meta_key><![CDATA[_menu_item_object]]></wp:meta_key>
			<wp:meta_value><![CDATA[custom]]></wp:meta_value>
		</wp:postmeta>
		<wp:postmeta>
			<wp:meta_key><![CDATA[_menu_item_target]]></wp:meta_key>
			<wp:meta_value><![CDATA[]]></wp:meta_value>
		</wp:postmeta>
		<wp:postmeta>
			<wp:meta_key><![CDATA[_menu_item_classes]]></wp:meta_key>
			<wp:meta_value><![CDATA[a:1:{i:0;s:0:"";}]]></wp:meta_value>
		</wp:postmeta>
		<wp:postmeta>
			<wp:meta_key><![CDATA[_menu_item_xfn]]></wp:meta_key>
			<wp:meta_value><![CDATA[]]></wp:meta_value>
		</wp:postmeta>
		<wp:postmeta>
			<wp:meta_key><![CDATA[_menu_item_url]]></wp:meta_key>
			<wp:meta_value><![CDATA[http://demo.mythemeshop.com/justfit-personal-trainer/]]></wp:meta_value>
		</wp:postmeta>
		<wp:postmeta>
			<wp:meta_key><![CDATA[_menu_item_color]]></wp:meta_key>
			<wp:meta_value><![CDATA[]]></wp:meta_value>
		</wp:postmeta>
		<wp:postmeta>
			<wp:meta_key><![CDATA[_menu_item_icon]]></wp:meta_key>
			<wp:meta_value><![CDATA[home]]></wp:meta_value>
		</wp:postmeta>
	</item>
	<item>
		<title>Benefits</title>
		<link>http://demo.mythemeshop.com/justfit-personal-trainer/benefits/</link>
		<pubDate>Sun, 09 Oct 2016 20:18:44 +0000</pubDate>
		<dc:creator><![CDATA[N8FnGO1Y]]></dc:creator>
		<guid isPermaLink="false">http://demo.mythemeshop.com/justfit-personal-trainer/?p=35</guid>
		<description></description>
		<content:encoded><![CDATA[]]></content:encoded>
		<excerpt:encoded><![CDATA[]]></excerpt:encoded>
		<wp:post_id>35</wp:post_id>
		<wp:post_date><![CDATA[2016-10-09 20:18:44]]></wp:post_date>
		<wp:post_date_gmt><![CDATA[2016-10-09 20:18:44]]></wp:post_date_gmt>
		<wp:comment_status><![CDATA[closed]]></wp:comment_status>
		<wp:ping_status><![CDATA[closed]]></wp:ping_status>
		<wp:post_name><![CDATA[benefits]]></wp:post_name>
		<wp:status><![CDATA[publish]]></wp:status>
		<wp:post_parent>0</wp:post_parent>
		<wp:menu_order>3</wp:menu_order>
		<wp:post_type><![CDATA[nav_menu_item]]></wp:post_type>
		<wp:post_password><![CDATA[]]></wp:post_password>
		<wp:is_sticky>0</wp:is_sticky>
		<category domain="nav_menu" nicename="menu"><![CDATA[Menu]]></category>
		<wp:postmeta>
			<wp:meta_key><![CDATA[_menu_item_type]]></wp:meta_key>
			<wp:meta_value><![CDATA[custom]]></wp:meta_value>
		</wp:postmeta>
		<wp:postmeta>
			<wp:meta_key><![CDATA[_menu_item_menu_item_parent]]></wp:meta_key>
			<wp:meta_value><![CDATA[0]]></wp:meta_value>
		</wp:postmeta>
		<wp:postmeta>
			<wp:meta_key><![CDATA[_menu_item_object_id]]></wp:meta_key>
			<wp:meta_value><![CDATA[35]]></wp:meta_value>
		</wp:postmeta>
		<wp:postmeta>
			<wp:meta_key><![CDATA[_menu_item_object]]></wp:meta_key>
			<wp:meta_value><![CDATA[custom]]></wp:meta_value>
		</wp:postmeta>
		<wp:postmeta>
			<wp:meta_key><![CDATA[_menu_item_target]]></wp:meta_key>
			<wp:meta_value><![CDATA[]]></wp:meta_value>
		</wp:postmeta>
		<wp:postmeta>
			<wp:meta_key><![CDATA[_menu_item_classes]]></wp:meta_key>
			<wp:meta_value><![CDATA[a:1:{i:0;s:0:"";}]]></wp:meta_value>
		</wp:postmeta>
		<wp:postmeta>
			<wp:meta_key><![CDATA[_menu_item_xfn]]></wp:meta_key>
			<wp:meta_value><![CDATA[]]></wp:meta_value>
		</wp:postmeta>
		<wp:postmeta>
			<wp:meta_key><![CDATA[_menu_item_url]]></wp:meta_key>
			<wp:meta_value><![CDATA[http://demo.mythemeshop.com/justfit-personal-trainer/#home_benefits]]></wp:meta_value>
		</wp:postmeta>
		<wp:postmeta>
			<wp:meta_key><![CDATA[_menu_item_color]]></wp:meta_key>
			<wp:meta_value><![CDATA[]]></wp:meta_value>
		</wp:postmeta>
		<wp:postmeta>
			<wp:meta_key><![CDATA[_menu_item_icon]]></wp:meta_key>
			<wp:meta_value><![CDATA[]]></wp:meta_value>
		</wp:postmeta>
	</item>
	<item>
		<title>Trainers</title>
		<link>http://demo.mythemeshop.com/justfit-personal-trainer/trainers/</link>
		<pubDate>Sun, 09 Oct 2016 20:18:44 +0000</pubDate>
		<dc:creator><![CDATA[N8FnGO1Y]]></dc:creator>
		<guid isPermaLink="false">http://demo.mythemeshop.com/justfit-personal-trainer/?p=36</guid>
		<description></description>
		<content:encoded><![CDATA[]]></content:encoded>
		<excerpt:encoded><![CDATA[]]></excerpt:encoded>
		<wp:post_id>36</wp:post_id>
		<wp:post_date><![CDATA[2016-10-09 20:18:44]]></wp:post_date>
		<wp:post_date_gmt><![CDATA[2016-10-09 20:18:44]]></wp:post_date_gmt>
		<wp:comment_status><![CDATA[closed]]></wp:comment_status>
		<wp:ping_status><![CDATA[closed]]></wp:ping_status>
		<wp:post_name><![CDATA[trainers]]></wp:post_name>
		<wp:status><![CDATA[publish]]></wp:status>
		<wp:post_parent>0</wp:post_parent>
		<wp:menu_order>4</wp:menu_order>
		<wp:post_type><![CDATA[nav_menu_item]]></wp:post_type>
		<wp:post_password><![CDATA[]]></wp:post_password>
		<wp:is_sticky>0</wp:is_sticky>
		<category domain="nav_menu" nicename="menu"><![CDATA[Menu]]></category>
		<wp:postmeta>
			<wp:meta_key><![CDATA[_menu_item_type]]></wp:meta_key>
			<wp:meta_value><![CDATA[custom]]></wp:meta_value>
		</wp:postmeta>
		<wp:postmeta>
			<wp:meta_key><![CDATA[_menu_item_menu_item_parent]]></wp:meta_key>
			<wp:meta_value><![CDATA[0]]></wp:meta_value>
		</wp:postmeta>
		<wp:postmeta>
			<wp:meta_key><![CDATA[_menu_item_object_id]]></wp:meta_key>
			<wp:meta_value><![CDATA[36]]></wp:meta_value>
		</wp:postmeta>
		<wp:postmeta>
			<wp:meta_key><![CDATA[_menu_item_object]]></wp:meta_key>
			<wp:meta_value><![CDATA[custom]]></wp:meta_value>
		</wp:postmeta>
		<wp:postmeta>
			<wp:meta_key><![CDATA[_menu_item_target]]></wp:meta_key>
			<wp:meta_value><![CDATA[]]></wp:meta_value>
		</wp:postmeta>
		<wp:postmeta>
			<wp:meta_key><![CDATA[_menu_item_classes]]></wp:meta_key>
			<wp:meta_value><![CDATA[a:1:{i:0;s:0:"";}]]></wp:meta_value>
		</wp:postmeta>
		<wp:postmeta>
			<wp:meta_key><![CDATA[_menu_item_xfn]]></wp:meta_key>
			<wp:meta_value><![CDATA[]]></wp:meta_value>
		</wp:postmeta>
		<wp:postmeta>
			<wp:meta_key><![CDATA[_menu_item_url]]></wp:meta_key>
			<wp:meta_value><![CDATA[http://demo.mythemeshop.com/justfit-personal-trainer/#home_trusted]]></wp:meta_value>
		</wp:postmeta>
		<wp:postmeta>
			<wp:meta_key><![CDATA[_menu_item_color]]></wp:meta_key>
			<wp:meta_value><![CDATA[]]></wp:meta_value>
		</wp:postmeta>
		<wp:postmeta>
			<wp:meta_key><![CDATA[_menu_item_icon]]></wp:meta_key>
			<wp:meta_value><![CDATA[]]></wp:meta_value>
		</wp:postmeta>
	</item>
	<item>
		<title>Facilities</title>
		<link>http://demo.mythemeshop.com/justfit-personal-trainer/facilities/</link>
		<pubDate>Sun, 09 Oct 2016 20:18:44 +0000</pubDate>
		<dc:creator><![CDATA[N8FnGO1Y]]></dc:creator>
		<guid isPermaLink="false">http://demo.mythemeshop.com/justfit-personal-trainer/?p=37</guid>
		<description></description>
		<content:encoded><![CDATA[]]></content:encoded>
		<excerpt:encoded><![CDATA[]]></excerpt:encoded>
		<wp:post_id>37</wp:post_id>
		<wp:post_date><![CDATA[2016-10-09 20:18:44]]></wp:post_date>
		<wp:post_date_gmt><![CDATA[2016-10-09 20:18:44]]></wp:post_date_gmt>
		<wp:comment_status><![CDATA[closed]]></wp:comment_status>
		<wp:ping_status><![CDATA[closed]]></wp:ping_status>
		<wp:post_name><![CDATA[facilities]]></wp:post_name>
		<wp:status><![CDATA[publish]]></wp:status>
		<wp:post_parent>0</wp:post_parent>
		<wp:menu_order>5</wp:menu_order>
		<wp:post_type><![CDATA[nav_menu_item]]></wp:post_type>
		<wp:post_password><![CDATA[]]></wp:post_password>
		<wp:is_sticky>0</wp:is_sticky>
		<category domain="nav_menu" nicename="menu"><![CDATA[Menu]]></category>
		<wp:postmeta>
			<wp:meta_key><![CDATA[_menu_item_type]]></wp:meta_key>
			<wp:meta_value><![CDATA[custom]]></wp:meta_value>
		</wp:postmeta>
		<wp:postmeta>
			<wp:meta_key><![CDATA[_menu_item_menu_item_parent]]></wp:meta_key>
			<wp:meta_value><![CDATA[0]]></wp:meta_value>
		</wp:postmeta>
		<wp:postmeta>
			<wp:meta_key><![CDATA[_menu_item_object_id]]></wp:meta_key>
			<wp:meta_value><![CDATA[37]]></wp:meta_value>
		</wp:postmeta>
		<wp:postmeta>
			<wp:meta_key><![CDATA[_menu_item_object]]></wp:meta_key>
			<wp:meta_value><![CDATA[custom]]></wp:meta_value>
		</wp:postmeta>
		<wp:postmeta>
			<wp:meta_key><![CDATA[_menu_item_target]]></wp:meta_key>
			<wp:meta_value><![CDATA[]]></wp:meta_value>
		</wp:postmeta>
		<wp:postmeta>
			<wp:meta_key><![CDATA[_menu_item_classes]]></wp:meta_key>
			<wp:meta_value><![CDATA[a:1:{i:0;s:0:"";}]]></wp:meta_value>
		</wp:postmeta>
		<wp:postmeta>
			<wp:meta_key><![CDATA[_menu_item_xfn]]></wp:meta_key>
			<wp:meta_value><![CDATA[]]></wp:meta_value>
		</wp:postmeta>
		<wp:postmeta>
			<wp:meta_key><![CDATA[_menu_item_url]]></wp:meta_key>
			<wp:meta_value><![CDATA[http://demo.mythemeshop.com/justfit-personal-trainer/#home_facility]]></wp:meta_value>
		</wp:postmeta>
		<wp:postmeta>
			<wp:meta_key><![CDATA[_menu_item_color]]></wp:meta_key>
			<wp:meta_value><![CDATA[]]></wp:meta_value>
		</wp:postmeta>
		<wp:postmeta>
			<wp:meta_key><![CDATA[_menu_item_icon]]></wp:meta_key>
			<wp:meta_value><![CDATA[]]></wp:meta_value>
		</wp:postmeta>
	</item>
	<item>
		<title>Contact Us</title>
		<link>http://demo.mythemeshop.com/justfit-personal-trainer/contact-us/</link>
		<pubDate>Sun, 09 Oct 2016 20:22:56 +0000</pubDate>
		<dc:creator><![CDATA[N8FnGO1Y]]></dc:creator>
		<guid isPermaLink="false">http://demo.mythemeshop.com/justfit-personal-trainer/?page_id=38</guid>
		<description></description>
		<content:encoded><![CDATA[Lorem ipsum dolor sit amet, consectetur adipiscing elit. Nulla tempor, massa non aliquet accumsan, lorem lacus pulvinar est, pulvinar consequat libero leo vel augue. Aenean posuere massa id metus accumsan convallis. Donec lobortis est sapien, nec pretium nisi vestibulum eget. Quisque molestie sit amet mi nec ornare. Mauris vitae risus quam. Phasellus eu pulvinar lorem. Nunc a iaculis turpis. Integer iaculis nisl sit amet augue pellentesque, quis lacinia purus blandit. Nunc risus enim, ultrices vel lobortis vel, fringilla ultricies purus. Etiam et sapien ipsum. Nullam euismod odio quis accumsan vestibulum. In maximus ut nulla gravida lacinia. Etiam tincidunt magna velit, ut dapibus lacus interdum dictum. Maecenas mattis finibus molestie.

Cras vel enim et justo vulputate facilisis vitae eu dui. Mauris eu diam viverra, iaculis nulla a, auctor nisl. Maecenas ut magna non ligula volutpat tristique a ut arcu. Nullam iaculis sit amet elit a semper. Integer sed nisi ut enim mollis fermentum eget ut dolor. Nulla condimentum ipsum risus, eget feugiat diam eleifend non. Etiam elementum elit dui, ut congue nunc faucibus id.

Phasellus fringilla id metus in molestie. In ullamcorper, magna semper laoreet elementum, urna justo pulvinar diam, eget fringilla mauris diam eleifend risus. Integer malesuada fringilla nisi, a placerat nibh condimentum ut. Nulla vitae tincidunt nisi, vel interdum elit. Integer pulvinar felis et ex mattis scelerisque. Maecenas facilisis eros ut turpis mattis luctus. Vestibulum luctus felis non dui finibus consectetur. Mauris consequat ornare metus, vel finibus nibh vulputate suscipit. Aenean eros risus, lacinia vitae nisi sed, molestie ultricies arcu. Fusce facilisis, mi ac tempus volutpat, eros metus congue eros, in accumsan orci sem ut erat. Mauris felis velit, mollis mollis auctor non, dictum vitae ligula. Ut ac convallis tortor, nec tincidunt massa. Fusce dictum aliquet quam eget lobortis. Nam at lorem magna. Integer mi elit, tempus id turpis a, laoreet dignissim quam.

Etiam blandit nisi sit amet nisi varius ultricies. Cras sed augue congue, placerat sapien ac, egestas turpis. Fusce sit amet vehicula enim. Sed cursus vel nibh id venenatis. Donec id nibh nec dolor venenatis tempor. Phasellus luctus, tortor at rhoncus feugiat, augue elit ullamcorper tellus, at blandit dolor elit vitae lorem. Vivamus consequat vestibulum leo eu placerat.]]></content:encoded>
		<excerpt:encoded><![CDATA[]]></excerpt:encoded>
		<wp:post_id>38</wp:post_id>
		<wp:post_date><![CDATA[2016-10-09 20:22:56]]></wp:post_date>
		<wp:post_date_gmt><![CDATA[2016-10-09 20:22:56]]></wp:post_date_gmt>
		<wp:comment_status><![CDATA[closed]]></wp:comment_status>
		<wp:ping_status><![CDATA[closed]]></wp:ping_status>
		<wp:post_name><![CDATA[contact-us]]></wp:post_name>
		<wp:status><![CDATA[publish]]></wp:status>
		<wp:post_parent>0</wp:post_parent>
		<wp:menu_order>0</wp:menu_order>
		<wp:post_type><![CDATA[page]]></wp:post_type>
		<wp:post_password><![CDATA[]]></wp:post_password>
		<wp:is_sticky>0</wp:is_sticky>
		<wp:postmeta>
			<wp:meta_key><![CDATA[_edit_last]]></wp:meta_key>
			<wp:meta_value><![CDATA[1]]></wp:meta_value>
		</wp:postmeta>
		<wp:postmeta>
			<wp:meta_key><![CDATA[_wp_page_template]]></wp:meta_key>
			<wp:meta_value><![CDATA[page-contact.php]]></wp:meta_value>
		</wp:postmeta>
		<wp:postmeta>
			<wp:meta_key><![CDATA[_mts_custom_sidebar]]></wp:meta_key>
			<wp:meta_value><![CDATA[]]></wp:meta_value>
		</wp:postmeta>
		<wp:postmeta>
			<wp:meta_key><![CDATA[_mts_sidebar_location]]></wp:meta_key>
			<wp:meta_value><![CDATA[]]></wp:meta_value>
		</wp:postmeta>
		<wp:postmeta>
			<wp:meta_key><![CDATA[_mts_postheader]]></wp:meta_key>
			<wp:meta_value><![CDATA[]]></wp:meta_value>
		</wp:postmeta>
	</item>
	<item>
		<title></title>
		<link>http://demo.mythemeshop.com/justfit-personal-trainer/39/</link>
		<pubDate>Sun, 09 Oct 2016 20:27:40 +0000</pubDate>
		<dc:creator><![CDATA[N8FnGO1Y]]></dc:creator>
		<guid isPermaLink="false">http://demo.mythemeshop.com/justfit-personal-trainer/?p=39</guid>
		<description></description>
		<content:encoded><![CDATA[ ]]></content:encoded>
		<excerpt:encoded><![CDATA[]]></excerpt:encoded>
		<wp:post_id>39</wp:post_id>
		<wp:post_date><![CDATA[2016-10-09 20:27:40]]></wp:post_date>
		<wp:post_date_gmt><![CDATA[2016-10-09 20:27:40]]></wp:post_date_gmt>
		<wp:comment_status><![CDATA[closed]]></wp:comment_status>
		<wp:ping_status><![CDATA[closed]]></wp:ping_status>
		<wp:post_name><![CDATA[39]]></wp:post_name>
		<wp:status><![CDATA[publish]]></wp:status>
		<wp:post_parent>0</wp:post_parent>
		<wp:menu_order>6</wp:menu_order>
		<wp:post_type><![CDATA[nav_menu_item]]></wp:post_type>
		<wp:post_password><![CDATA[]]></wp:post_password>
		<wp:is_sticky>0</wp:is_sticky>
		<category domain="nav_menu" nicename="menu"><![CDATA[Menu]]></category>
		<wp:postmeta>
			<wp:meta_key><![CDATA[_menu_item_type]]></wp:meta_key>
			<wp:meta_value><![CDATA[post_type]]></wp:meta_value>
		</wp:postmeta>
		<wp:postmeta>
			<wp:meta_key><![CDATA[_menu_item_menu_item_parent]]></wp:meta_key>
			<wp:meta_value><![CDATA[0]]></wp:meta_value>
		</wp:postmeta>
		<wp:postmeta>
			<wp:meta_key><![CDATA[_menu_item_object_id]]></wp:meta_key>
			<wp:meta_value><![CDATA[38]]></wp:meta_value>
		</wp:postmeta>
		<wp:postmeta>
			<wp:meta_key><![CDATA[_menu_item_object]]></wp:meta_key>
			<wp:meta_value><![CDATA[page]]></wp:meta_value>
		</wp:postmeta>
		<wp:postmeta>
			<wp:meta_key><![CDATA[_menu_item_target]]></wp:meta_key>
			<wp:meta_value><![CDATA[]]></wp:meta_value>
		</wp:postmeta>
		<wp:postmeta>
			<wp:meta_key><![CDATA[_menu_item_classes]]></wp:meta_key>
			<wp:meta_value><![CDATA[a:1:{i:0;s:0:"";}]]></wp:meta_value>
		</wp:postmeta>
		<wp:postmeta>
			<wp:meta_key><![CDATA[_menu_item_xfn]]></wp:meta_key>
			<wp:meta_value><![CDATA[]]></wp:meta_value>
		</wp:postmeta>
		<wp:postmeta>
			<wp:meta_key><![CDATA[_menu_item_url]]></wp:meta_key>
			<wp:meta_value><![CDATA[]]></wp:meta_value>
		</wp:postmeta>
		<wp:postmeta>
			<wp:meta_key><![CDATA[_menu_item_color]]></wp:meta_key>
			<wp:meta_value><![CDATA[]]></wp:meta_value>
		</wp:postmeta>
		<wp:postmeta>
			<wp:meta_key><![CDATA[_menu_item_icon]]></wp:meta_key>
			<wp:meta_value><![CDATA[]]></wp:meta_value>
		</wp:postmeta>
	</item>
</channel>
</rss>
