{"sidebar":{"wp_subscribe-2":{"service":"feedburner","feedburner_id":"MyThemeShop","mailchimp_api_key":"","mailchimp_list_id":"","mailchimp_double_optin":"0","aweber_list_id":"","include_name_field":"0","title":"Get FREE Crash course\r\nJoin our List for Writing tips from industry leaders","text":"Subscribe to our mailing list and get interesting stuff and updates to your email inbox.","name_placeholder":"Enter your name here","email_placeholder":"Enter your email here","button_text":"Sign Up Now","success_message":"Thank you for subscribing.","error_message":"Something went wrong.","already_subscribed_message":"This email is already subscribed","footer_text":"we respect your privacy and take protecting it seriously"},"social-profile-icons-1":{"title":"","facebook":"#","behance":"","flickr":"","gplus":"#","pinterest":"#","instagram":"#","dribbble":"","linkedin":"","soundcloud":"","twitter":"#","vimeo":"","stumbleupon":"","tumblr":"","github":"","youtube":"#","foursquare":"","reddit":"","dropbox":"","skype":"","email":"#","rss":""},"single_category_posts_widget-1":{"title":"Featured Category","cat":1,"title_length":10,"qty":3,"comment_num":1,"date":1,"show_thumb1":1,"box_layout":"horizontal-small","show_excerpt":0,"excerpt_length":10},"mts_ad_300_widget-2":{"title":"","ad":"https:\/\/demo.mythemeshop.com\/ad-sense-viral\/files\/2016\/10\/sidebar-banner.jpg","link":"http:\/\/mythemeshop.com\/themes\/writer\/"},"facebook-like-widget-2":{"title":"Find us on Facebook","page_url":"https:\/\/facebook.com\/mythemeshop","width":"300","show_faces":"on","show_stream":null,"show_header":"on"}},"homepage":{"wp_subscribe-3":{"service":"feedburner","feedburner_id":"","mailchimp_api_key":"","mailchimp_list_id":"","mailchimp_double_optin":"0","aweber_list_id":"","include_name_field":"0","title":"Want actionable Writing advice from me?<br\/>\r\nThen hop on the newsletter.","text":"Subscribe to our mailing list and get interesting stuff and updates to your email inbox.","name_placeholder":"Enter your name here","email_placeholder":"Enter your email here","button_text":"Sign Up","success_message":"Thank you for subscribing.","error_message":"Something went wrong.","already_subscribed_message":"This email is already subscribed","footer_text":"we respect your privacy and take protecting it seriously"}},"footer-first":{"text-1":{"title":"Text Widget","text":"A lifetime of working with nuclear power has left me with a healthy green glow\u2026and left me as impotent as a Nevada boxing commissioner. Kids, kids. I\u2019m not going to die. That only happens to bad people. Kids, kids. I\u2019m not going to die. That only happens to bad people. Slow down, Bart! My legs don\u2019t \u2026","filter":false}},"footer-first-2":{"tag_cloud-2":{"title":"","taxonomy":"post_tag"}},"footer-first-3":{"mts_widget_recent_tweets-2":{"title":"Twitter Updates","consumerkey":"uALGWYZANMHuIz8SnJx6A","consumersecret":"h85rBBN1C54EDAlKM06itZho1EKfkB9xsJThMwE","accesstoken":"28959960-PSRUVP19F74YJ8F1rYSs6cnjaqxPqwxyBv68I0vF9","accesstokensecret":"kCTN92q50F8MnIUmi4hbanYbChTmuJJp5K3e3aUGA","cachetime":"24","username":"mythemeshopteam","tweetstoshow":"2"}},"footer-first-4":{"meta-3":{"title":""}},"shop-sidebar":{"woocommerce_widget_cart-2":{"title":"Cart","hide_if_empty":1},"woocommerce_price_filter-2":{"title":"Filter by price"},"woocommerce_layered_nav-2":{"title":"Filter by","attribute":"color","display_type":"list","query_type":"and"},"woocommerce_top_rated_products-2":{"title":"Top Rated Products","number":5}},"product-sidebar":{"text-2":{"title":"Shipping Policy","text":"A lifetime of working with nuclear power has left me with a healthy green glow\u2026and left me as impotent as a Nevada boxing commissioner. Kids, kids. I\u2019m not going to die. That only happens to bad people. Kids, kids. I\u2019m not going to die. That only happens to bad people. Slow down, Bart! My legs don\u2019t \u2026","filter":false},"woocommerce_recently_viewed_products-2":{"title":"Recently Viewed Products","number":3},"woocommerce_recent_reviews-2":{"title":"Recent Reviews","number":3}}}