{"sidebar":{"mts_instagram_widget-2":{"title":"Instagram","instagram_username":"moon.chasers","instagram_num_post":"6","instagram_grid":"two-grid","instagram_follow_text":"Follow me on Instagram","instagram_follow_uri":"#"},"facebook-like-widget-2":{"title":"Find us on FB","page_url":"https:\/\/www.facebook.com\/mythemeshop","width":"255","show_faces":"on","show_stream":"on","show_header":"on"},"mts_popular_posts_widget-2":{"title":"Popular Posts","qty":3,"title_length":8,"category":1,"author_name":1,"date":1,"days":999,"show_thumb3":1,"box_layout":"vertical-small","border_radius":0,"show_excerpt":0,"excerpt_length":10}},"footer-top-1":{"wp_subscribe-3":{"title":"Get more stuff","service":"feedburner","aweber_consumer_key":"","aweber_consumer_secret":"","aweber_access_key":"","aweber_access_secret":"","aweber_account_id":"","aweber_list_id":"none","feedburner_id":"","mailchimp_api_key":"","mailchimp_list_id":"none","mailchimp_double_optin":"0","include_name_field":"0","text":"Subscribe to our mailing list and get interesting stuff and updates to your email inbox.","name_placeholder":"Enter your name here","email_placeholder":"Enter your email here","consent_text":"","button_text":"Sign Up Now","success_message":"Thank you for subscribing.","error_message":"Something went wrong.","footer_text":""}},"footer-top-2":{"recent-posts-3":{"title":"","number":2,"show_date":false}},"footer-top-3":{"archives-3":{"title":"","count":0,"dropdown":0}},"post-layout-subscribelatest":{"wp_subscribe-2":{"title":"Get more stuff","service":"feedburner","aweber_consumer_key":"","aweber_consumer_secret":"","aweber_access_key":"","aweber_access_secret":"","aweber_account_id":"","aweber_list_id":"none","feedburner_id":"","mailchimp_api_key":"","mailchimp_list_id":"none","mailchimp_double_optin":"0","include_name_field":"0","text":"","name_placeholder":"Enter your name here","email_placeholder":"Enter your email here","consent_text":"I consent to my submitted data being collected via this form*","button_text":"Sign Up Now","success_message":"Thank you for subscribing.","error_message":"Something went wrong.","footer_text":""}}}