{"sidebar-1":{"text-3":{"title":"","text":"<img src=\"http:\/\/demo.mythemeshop.com\/top\/files\/2012\/05\/103642-1335226181.png\">","filter":false}},"sidebar-2":{"search-3":{"title":""},"categoryposts-3":{"title":"Category Posts","cat":"5","num":"0","sort_by":"date","thumb":"on","thumb_w":"50","thumb_h":"50","asc_sort_order":null,"title_link":null,"comment_num":null,"date":null},"mts_pp-widget-2":{"posts":"3","show_images":true},"mts_subscribe_widget-2":{"title":"","desc":"mythemeshop"},"tab-2":{"popular_post_num":"3","recent_post_num":"3"}},"footer-1":{"text-2":{"title":"About Us","text":"Lorem ipsum dolor sit amet, consectetuer adipiscing elit. Curabitur quam augue, <a href=\"#\">vehicula<\/a> quis, tincidunt vel, varius vitae, nulla. Sed convallis orci.","filter":false}},"footer-2":{"categoryposts-2":{"title":"","cat":"13","num":"2","sort_by":"date","thumb":"on","thumb_w":"50","thumb_h":"50","asc_sort_order":null,"title_link":null,"comment_num":null,"date":null}},"footer-3":{"social-profile-icons-2":{"title":"","border_radius":"3","background_color":"#FF9BB9","background_color_hover":"#EC1454","dribbble":"","email":"#","facebook":"#","gplus":"#","linkedin":"#","pinterest":"#","rss":"#","stumbleupon":"","twitter":"#","youtube":""},"search-4":{"title":""}}}