{"sidebar":{"search-2":{"title":""},"mts_ad_300_widget-2":{"title":"","ad":"http:\/\/demo.mythemeshop.com\/ad-sense-news\/files\/2014\/04\/ShakeOut_BannerAds_DontFreak_300x250_v3.gif","link":"https:\/\/mythemeshop.com\/themes\/ad-sense\/"},"wpt_widget-2":{"tabs":{"popular":"1","recent":"1","comments":"1","tags":"1"},"tab_order":{"popular":"1","recent":"2","comments":"3","tags":"4"},"allow_pagination":"1","post_num":"3","title_length":"6","comment_num":"3","show_thumb":"1","thumb_size":"small","show_date":"1","show_excerpt":null,"excerpt_length":"15","show_comment_num":"1","show_avatar":"1","show_love":null},"single_category_posts_widget-4":{"title":"Featured Category","cat":2,"title_length":7,"qty":2,"comment_num":1,"date":1,"show_thumb1":1,"box_layout":"horizontal-small","show_excerpt":0,"excerpt_length":10},"facebook-like-widget-2":{"title":"Find us on Facebook","page_url":"https:\/\/www.facebook.com\/MyThemeShop\/","width":"292","show_faces":"on","show_stream":null,"show_header":"on"},"mts_widget_recent_tweets-2":{"title":"Latest Tweets","consumerkey":"uALGWYZANMHuIz8SnJx6A","consumersecret":"h85rBBN1C54EDAlKM06itZho1EKfkB9xsJThMwE","accesstoken":"28959960-PSRUVP19F74YJ8F1rYSs6cnjaqxPqwxyBv68I0vF9","accesstokensecret":"kCTN92q50F8MnIUmi4hbanYbChTmuJJp5K3e3aUGA","cachetime":"10","username":"mythemeshopteam","tweetstoshow":"2"}},"footer-first":{"nav_menu-2":{"title":"Navigation Menu","nav_menu":11}},"footer-first-2":{"categories-2":{"title":"Categories","count":1,"hierarchical":0,"dropdown":0}},"footer-first-3":{"recent-posts-2":{"title":"Breaking News","number":3,"show_date":true}},"footer-first-4":{"archives-2":{"title":"","count":0,"dropdown":0}}}