{"sidebar-1":{"search-2":{"title":"Search"},"tab-2":{"popular_post_num":"5","recent_post_num":"5"},"mts_ad_300_widget-2":{"title":"Sponsor","ad":"http:\/\/s3.buysellads.com\/1268441\/125113-1346592671.png","link":"http:\/\/mythemeshop.com\/"},"mts_subscribe_widget-2":{"title":"","desc":""},"mts_ad_widget-2":{"title":"Our Sponsors","ad1":"http:\/\/demo.mythemeshop.com\/monopoly\/wp-content\/themes\/monopoly\/images\/125x125.gif","ad2":"http:\/\/demo.mythemeshop.com\/monopoly\/wp-content\/themes\/monopoly\/images\/125x125.gif","ad3":"","ad4":"","ad5":"","ad6":"","link1":"http:\/\/mythemeshop.com\/","link2":"http:\/\/mythemeshop.com\/","link3":"","link4":"","link5":"","link6":"","random":null},"advanced-recent-posts-2":{"title":"","count":"5","include_post_thumbnail":"false","include_post_excerpt":"false","truncate_post_title":"","truncate_post_title_type":"char","truncate_post_excerpt":"","truncate_post_excerpt_type":"char","truncate_elipsis":"...","post_thumbnail_width":"","post_thumbnail_height":"","widget_output_template":null,"show_expert_options":""},"facebook-like-widget-2":{"title":"Find us on Facebook","page_url":"http:\/\/www.facebook.com\/MyThemeShop","width":"292","color_scheme":"light","show_faces":"on","show_stream":null,"show_header":null}},"sidebar-2":{"text-2":{"title":"","text":"<a href =\"http:\/\/mythemeshop.com\"><img src=\"http:\/\/demo.mythemeshop.com\/monopoly\/files\/2012\/10\/ad.png\" \/><\/a>","filter":false}},"sidebar_2":{"categories-2":{"title":"","count":0,"hierarchical":0,"dropdown":0},"meta-2":{"title":""},"text-3":{"title":"Sponsor","text":"<img src =\"http:\/\/demo.mythemeshop.com\/monopoly\/files\/2012\/10\/mts-120-600-2.jpg\" \/>","filter":false}},"footer-1":{"categoryposts-2":{"title":"","cat":"38","num":"3","sort_by":"date","date":"on","thumb":"on","asc_sort_order":null,"title_link":null,"comment_num":null}},"footer-2":{"tag_cloud-3":{"title":"","taxonomy":"post_tag"}},"footer-3":{"mts_subscribe_widget-3":{"title":"","desc":""},"social-profile-icons-2":{"title":"","dribbble":"#","email":"#","facebook":"#","gplus":"#","linkedin":"#","pinterest":"#","rss":"#","stumbleupon":"#","twitter":"#","youtube":"#","flickr":"#","lastfm":"#","tumblr":"#","vimeo":"#"}}}