{"sidebar-1":{"mts_popular_posts_widget-2":{"title":"Popular Posts","qty":5,"title_length":10,"comment_num":0,"date":0,"days":999,"show_thumb3":1,"box_layout":"vertical-small","show_excerpt":0,"excerpt_length":10}},"sidebar-2":{"mts_ad_300_widget-2":{"title":"","ad":"https:\/\/demo.mythemeshop.com\/sensational-political\/files\/2017\/01\/banner-2-obama-300x250.jpg","link":"https:\/\/mythemeshop.com\/themes\/sensational\/"},"social-profile-icons-2":{"title":"","facebook":"#","behance":"#","flickr":"#","gplus":"#","pinterest":"#","instagram":"#","dribbble":"#","linkedin":"#","soundcloud":"#","twitter":"#","vimeo":"#","stumbleupon":"#","tumblr":"#","github":"#","youtube":"#","foursquare":"#","reddit":"#","dropbox":"#","skype":"#","email":"#","rss":"#"},"single_category_posts_widget-2":{"title":"Featured Category","cat":1,"title_length":10,"qty":8,"comment_num":0,"date":0,"show_thumb1":1,"box_layout":"horizontal-small","show_excerpt":0,"excerpt_length":10},"recent-posts-3":{"title":"","number":5,"show_date":false},"mts_widget_recent_tweets-2":{"title":"Follow Us on","consumerkey":"uALGWYZANMHuIz8SnJx6A","consumersecret":"h85rBBN1C54EDAlKM06itZho1EKfkB9xsJThMwE","accesstoken":"28959960-PSRUVP19F74YJ8F1rYSs6cnjaqxPqwxyBv68I0vF9","accesstokensecret":"kCTN92q50F8MnIUmi4hbanYbChTmuJJp5K3e3aUGA","cachetime":"24","username":"mythemeshopteam","tweetstoshow":"5"}}}