{"sidebar-1":{"search-2":{"title":""},"tab-2":{"popular_post_num":"3","recent_post_num":"3"},"mts_ad_300_widget-2":{"title":"","ad":"http:\/\/demo.mythemeshop.com\/softpress\/wp-content\/themes\/softpress\/images\/300x250.gif","link":"http:\/\/mythemeshop.com\/"},"mts_pp-widget-2":{"posts":"3","show_images":true},"mts_ad_widget-2":{"title":"Our Sponsors","ad1":"http:\/\/demo.mythemeshop.com\/softpress\/wp-content\/themes\/softpress\/images\/125x125.gif","ad2":"http:\/\/demo.mythemeshop.com\/softpress\/wp-content\/themes\/softpress\/images\/125x125.gif","ad3":"","ad4":"","ad5":"","ad6":"","link1":"http:\/\/mythemeshop.com\/","link2":"http:\/\/mythemeshop.com\/","link3":"","link4":"","link5":"","link6":"","random":null},"categoryposts-2":{"title":"","cat":"32","num":"3","sort_by":"date","thumb":"on","asc_sort_order":null,"title_link":null,"comment_num":null,"date":null},"mts_subscribe_widget-3":{"title":"","desc":""},"advanced-recent-posts-2":{"title":"","count":"3","include_post_thumbnail":"false","include_post_excerpt":"false","truncate_post_title":"","truncate_post_title_type":"char","truncate_post_excerpt":"","truncate_post_excerpt_type":"char","truncate_elipsis":"...","post_thumbnail_width":"","post_thumbnail_height":"","widget_output_template":null,"show_expert_options":"true"},"facebook-like-widget-2":{"title":"Find us on Facebook","page_url":"http:\/\/www.facebook.com\/mythemeshop","width":"292","color_scheme":"light","show_faces":"on","show_stream":null,"show_header":null}},"footer-1":{"tag_cloud-2":{"title":"","taxonomy":"post_tag"}},"footer-2":{"text-2":{"title":"Pellentesque","text":"Pellentesque habitant morbi tristique senectus et netus et malesuada fames ac turpis egestas. Vestibulum tortor quam, feugiat vitae, ultricies eget, tempor sit amet, ante.","filter":false}},"footer-3":{"social-profile-icons-2":{"title":"Connect","dribbble":"#","email":"#","facebook":"#","gplus":"#","linkedin":"#","pinterest":"#","rss":"#","stumbleupon":"#","twitter":"#","youtube":"#","flickr":"","lastfm":"","tumblr":"","vimeo":""}},"footer-4":{"mts_ad_300_widget-3":{"title":"","ad":"http:\/\/demo.mythemeshop.com\/softpress\/wp-content\/themes\/softpress\/images\/300x250.gif","link":"http:\/\/mythemeshop.com\/"}}}