{"sidebar":{"search-3":{"title":"Search"},"mts_ad_300_widget-2":{"title":"","ad":"http:\/\/demo.mythemeshop.com\/ad-sense-viral\/files\/2016\/10\/sidebar-banner.jpg","link":"http:\/\/mythemeshop.com\/themes\/ad-sense\/"},"wpt_widget-2":{"tabs":{"popular":"1","recent":"1"},"tab_order":{"popular":"1","recent":"2","comments":"3","tags":"4"},"allow_pagination":"1","post_num":"3","title_length":"7","comment_num":"5","show_thumb":"1","thumb_size":"small","show_date":null,"show_excerpt":null,"excerpt_length":"15","show_comment_num":null,"show_avatar":"1","show_love":null},"wp_subscribe-2":{"service":"feedburner","feedburner_id":"mythemeshop","mailchimp_api_key":"","mailchimp_list_id":"","mailchimp_double_optin":"0","aweber_list_id":"","include_name_field":"0","title":"Get more stuff like this in your inbox","text":"Subscribe to our mailing list and get interesting stuff and updates to your email inbox.","name_placeholder":"Enter your name here","email_placeholder":"Enter your email here","button_text":"Sign Up Now","success_message":"Thank you for subscribing.","error_message":"Something went wrong.","already_subscribed_message":"This email is already subscribed","footer_text":"we respect your privacy and take protecting it seriously"}},"footer-first":{"text-1":{"title":"About Us","text":"<p>Mattis ac condimentum sed, iaculis et dui. Integer non lectus luctus, sodales nulla in, blandit dolor.<\/p>\r\n<p>Nullam quis dolor sed nisi sollicitudin vehicula ac sed magna. Praesent tincidunt facilisis nisl, sit amet suscipit tellus congue nec.<\/p>","filter":false}},"footer-first-2":{"archives-4":{"title":"","count":0,"dropdown":0}},"footer-first-3":{"social-profile-icons-1":{"title":"Connect With Us","facebook":"#","behance":"","flickr":"#","gplus":"#","pinterest":"#","instagram":"#","dribbble":"#","linkedin":"#","soundcloud":"#","twitter":"#","vimeo":"#","stumbleupon":"#","tumblr":"#","github":"","youtube":"#","foursquare":"","reddit":"#","dropbox":"#","skype":"#","email":"#","rss":"#"}}}