{"sidebar-1":{"meta-3":{"title":""},"text-1":{"title":"Sponsor","text":"<a href=\"https:\/\/mythemeshop.com\/themes\/sensatinoal\/\"><img src=\"https:\/\/demo.mythemeshop.com\/sensational\/files\/2017\/01\/mts-120-600.jpg\" border=0 alt=\"Premium WordPress Themes\" width=\"120\" height=\"600\"><\/a>","filter":false}},"sidebar-2":{"search-3":{"title":""},"mts_ad_300_widget-1":{"title":"","ad":"http:\/\/demo.mythemeshop.com\/sensational\/wp-content\/themes\/mts_sensational\/images\/300x250.png","link":"https:\/\/mythemeshop.com\/themes\/sensational\/"},"wpt_widget-1":{"tabs":{"popular":"1","recent":"1"},"tab_order":{"popular":"1","recent":"2","comments":"3","tags":"4"},"allow_pagination":"1","post_num":"5","title_length":"15","comment_num":"5","show_thumb":"1","thumb_size":"small","show_date":"1","show_excerpt":null,"excerpt_length":"15","show_comment_num":null,"show_avatar":"1","show_love":null},"mts_popular_posts_widget-1":{"title":"Popular Posts","qty":3,"title_length":10,"comment_num":1,"date":1,"days":999,"show_thumb3":1,"box_layout":"horizontal-small","show_excerpt":0,"excerpt_length":10},"single_category_posts_widget-1":{"title":"Featured Category","cat":8,"title_length":10,"qty":3,"comment_num":1,"date":1,"show_thumb1":1,"box_layout":"horizontal-small","show_excerpt":0,"excerpt_length":10},"facebook-like-widget-1":{"title":"Find us on Facebook","page_url":"http:\/\/www.facebook.com\/mythemeshop","width":"292","color_scheme":"light","show_faces":"on","show_stream":null,"show_header":null},"mts_ad_widget-1":{"title":"Our Sponsors","ad1":"http:\/\/demo.mythemeshop.com\/sensational\/wp-content\/themes\/mts_sensational\/images\/125x125.png","ad2":"http:\/\/demo.mythemeshop.com\/sensational\/wp-content\/themes\/mts_sensational\/images\/125x125.png","ad3":"","ad4":"","ad5":"","ad6":"","link1":"https:\/\/mythemeshop.com\/themes\/sensational\/","link2":"https:\/\/mythemeshop.com\/themes\/sensational\/","link3":"","link4":"","link5":"","link6":"","random":0}},"footer-first":{"categories-3":{"title":"","count":0,"hierarchical":0,"dropdown":0}},"footer-first-2":{"text-2":{"title":"About Us","text":"Lorem ipsum dolor sit amet, consectetuer adipiscing elit. Curabitur quam augue, vehicula quis, tincidunt vel, varius vitae, nulla. Sed convallis orci. Duis libero orci, pretium a, convallis quis, pellentesque a, dolor.","filter":false}},"footer-first-3":{"mts_recent_posts_widget-1":{"title":"Recent Posts","qty":2,"title_length":10,"comment_num":1,"date":1,"show_thumb2":1,"box_layout":"horizontal-small","show_excerpt":0,"excerpt_length":10}},"footer-first-4":{"social-profile-icons-1":{"title":"Connect with Us","facebook":"#","behance":"#","flickr":"#","gplus":"#","pinterest":"#","instagram":"#","dribbble":"#","linkedin":"#","soundcloud":"#","twitter":"#","vimeo":"#","stumbleupon":"#","tumblr":"#","github":"#","youtube":"#","foursquare":"#","reddit":"#","dropbox":"#","skype":"#","email":"#","rss":"#"}},"shop-sidebar":{"woocommerce_product_search-1":{"title":""},"woocommerce_price_filter-1":{"title":"Filter by price"},"woocommerce_product_categories-1":{"title":"Product Categories","orderby":"name","dropdown":0,"count":0,"hierarchical":1,"show_children_only":0,"hide_empty":0},"woocommerce_top_rated_products-1":{"title":"Top Rated Products","number":3}},"product-sidebar":{"woocommerce_product_search-2":{"title":""},"woocommerce_recently_viewed_products-1":{"title":"Recently Viewed Products","number":10},"woocommerce_recent_reviews-1":{"title":"Recent Reviews","number":10}}}