{"sidebar-1":{"search-2":{"title":""},"categoryposts-3":{"title":"Category Posts","cat":"32","num":"4","sort_by":"date","date":"on","thumb":"on","thumb_w":"60","thumb_h":"60","asc_sort_order":null,"title_link":null,"comment_num":null},"mts_ad_300_widget-3":{"title":"","ad":"https:\/\/d1ro8r1rbfn3jf.cloudfront.net\/ms_64885\/mD6LBLlWz5gwWJnqACQr5SvnFKSl3R\/300-X-250---2.jpg?Expires=1458282865&Signature=Ugd0cRLAXv0e2l6KQwWrCA6pv3fhJeiIm805WW8hFlRWbE7rT1mdHzTWxgrMV2Dk2Z8SYeq~13F3XQeSiYxkr4micOV2BB1xat0ZkmBTpuPqk~9Qko~FD5PenRlbfpppIOgyM3Hyijswd~c-g2RwTae5wfLV2KqeY4FFED85wvPeDYCOcaQk8-qndiJQE-gX0hpu5FnbFRchwlkT30HCQmXJ0jFfdXJ5hmJ12r6PcQvW-tNA~DAS6y2gs~pIPMCbZU4kMRiLgaTYaxbttQXVBoH7ovowB3bWt90NAyzRSXvwhnBXoLqQPRM3vq98bTxsA2kk~7aOzFTGc2bY-eqTcg__&Key-Pair-Id=APKAJHEJJBIZWFB73RSA","link":"http:\/\/mythemeshop.com\/"},"tab-2":{"popular_post_num":"5","recent_post_num":"5"},"advanced-recent-posts-2":{"title":"Trending","count":"4","include_post_thumbnail":"true","include_post_excerpt":"true","truncate_post_title":"","truncate_post_title_type":"char","truncate_post_excerpt":"56","truncate_post_excerpt_type":"char","truncate_elipsis":"...","post_thumbnail_width":"80","post_thumbnail_height":"80","widget_output_template":null,"show_expert_options":"true"}},"sidebar-2":{"text-3":{"title":"","text":"<img src=\"http:\/\/demo.mythemeshop.com\/top\/files\/2012\/05\/103642-1335226181.png\">","filter":false}},"footer-1":{"text-2":{"title":"Lorem ipsum dolor","text":"Lorem ipsum dolor sit amet, consectetur adipiscing elit. Vestibulum malesuada, nibh quis egestas pellentesque, dui neque sagittis nisl, eget malesuada nunc felis sed augue. Aenean tempor nibh sed diam elementum sollicitudin quis in metus. Praesent tincidunt, velit","filter":false}},"footer-2":{"categoryposts-2":{"title":"","cat":"12","num":"3","sort_by":"date","thumb":"on","thumb_w":"50","thumb_h":"50","asc_sort_order":null,"title_link":null,"comment_num":null,"date":null}},"footer-3":{"mts_pp-widget-2":{"posts":"3","show_images":true}},"footer-4":{"mts_subscribe_widget-3":{"title":"Subscribe","desc":"http:\/\/feeds.feedburner.com\/mythemeshop"},"social-profile-icons-3":{"title":" Connect With Us","border_radius":"3","background_color":"#1D1D1D","background_color_hover":"#60BBCD","dribbble":"","email":"","facebook":"#","gplus":"#","linkedin":"#","pinterest":"#","rss":"","stumbleupon":"","twitter":"#","youtube":""}}}