{"footer-first":{"text-2":{"title":"About Us","text":"Vestibulum ante ipsum primis in faucibus orci luctus et ultrices posuere cubilia Curae; Integer nec porta enim.","filter":true,"visual":true},"archives-2":{"title":"","count":0,"dropdown":0}},"footer-first-2":{"recent-comments-2":{"title":"","number":5}},"footer-first-3":{"recent-posts-2":{"title":"","number":5,"show_date":false}},"footer-first-4":{"mts_widget_recent_tweets-2":{"title":"Latest Tweets","consumerkey":"uALGWYZANMHuIz8SnJx6A","consumersecret":"h85rBBN1C54EDAlKM06itZho1EKfkB9xsJThMwE","accesstoken":"28959960-PSRUVP19F74YJ8F1rYSs6cnjaqxPqwxyBv68I0vF9","accesstokensecret":"kCTN92q50F8MnIUmi4hbanYbChTmuJJp5K3e3aUGA","cachetime":"24","username":"mythemeshopteam","tweetstoshow":"2"}},"footer-first-5":{"wp_subscribe-3":{"title":"Subscribe Now","service":"feedburner","aweber_consumer_key":"","aweber_consumer_secret":"","aweber_access_key":"","aweber_access_secret":"","aweber_account_id":"","aweber_list_id":"none","feedburner_id":"","mailchimp_api_key":"","mailchimp_list_id":"none","mailchimp_double_optin":"0","include_name_field":"0","text":"Get more stuff","name_placeholder":"Enter your name here","email_placeholder":"Enter your email here","button_text":"Sign Up Now","success_message":"Thank you for subscribing.","error_message":"Something went wrong.","footer_text":"we respect your privacy and take protecting it seriously"}},"sidebar":{"mts_crypto_price_chart_widget-2":{"title":"","coin":"BTC","coin_url":"https:\/\/demo.mythemeshop.com\/crypto-coins\/bitcoin-price-index\/","price_against":"USD"},"mts_recent_posts_widget-2":{"title":"Recent Posts","qty":4,"title_length":20,"comment_num":0,"date":1,"show_thumb2":1,"box_layout":"vertical-small","show_excerpt":0,"excerpt_length":10},"tag_cloud-3":{"title":"","count":0,"taxonomy":"post_tag"}},"home-featured":{"single_category_posts_widget-2":{"title":"","cat":7,"title_length":15,"qty":5,"comment_num":1,"date":1,"show_thumb1":1,"box_layout":"horizontal-small","show_excerpt":0,"excerpt_length":10}},"posts-sidebar-latest":{"mts_ad_300_widget-2":{"title":"","ad":"https:\/\/demo.mythemeshop.com\/crypto-coins\/files\/2018\/02\/img1300x250.jpg","link":"http:\/\/mythemeshop.com\/themes\/crypto\/"},"mts_crypto_price_converter_widget-2":{"title":"","coin":"BTC","currencies":"USD,EUR,CNY,GBP,RUB"},"wp_subscribe-2":{"title":"Get more stuff","service":"feedburner","aweber_consumer_key":"","aweber_consumer_secret":"","aweber_access_key":"","aweber_access_secret":"","aweber_account_id":"","aweber_list_id":"none","feedburner_id":"","mailchimp_api_key":"","mailchimp_list_id":"none","mailchimp_double_optin":"0","include_name_field":"0","text":"Subscribe to our mailing list and get interesting stuff and updates to your email inbox.","name_placeholder":"Enter your name here","email_placeholder":"Enter your email here","button_text":"Sign Up Now","success_message":"Thank you for subscribing.","error_message":"Something went wrong.","footer_text":"we respect your privacy and take protecting it seriously"},"mts_popular_posts_widget-2":{"title":"Popular Posts","qty":3,"title_length":20,"comment_num":1,"date":0,"days":999,"show_thumb3":1,"box_layout":"horizontal-small","show_excerpt":0,"excerpt_length":10},"tag_cloud-2":{"title":"","count":0,"taxonomy":"post_tag"}}}