{"sidebar":{"mts_ad_300_widget-2":{"title":"","ad":"https:\/\/demo.mythemeshop.com\/bridge\/files\/2017\/09\/Get-Free-Wordpress-themes-Thakur-Blogger.png","link":"http:\/\/mythemeshop.com\/themes\/bridge\/"},"mts_ad_300_widget-3":{"title":"","ad":"https:\/\/demo.mythemeshop.com\/bridge\/files\/2017\/09\/img2.png","link":"http:\/\/mythemeshop.com\/themes\/bridge\/"},"mts_popular_posts_widget-3":{"title":"What's Hot","qty":3,"title_length":15,"comment_num":0,"date":0,"days":99999,"show_thumb3":1,"box_layout":"horizontal-small","show_excerpt":0,"excerpt_length":10},"wpt_widget-2":{"tabs":{"popular":"1","recent":"1"},"tab_order":{"popular":"1","recent":"2","comments":"3","tags":"4"},"allow_pagination":"1","post_num":"5","title_length":"15","comment_num":"5","show_thumb":"1","thumb_size":"small","show_date":"1","show_excerpt":null,"excerpt_length":"15","show_comment_num":null,"show_avatar":"1","show_love":null},"text-1":{"title":"Text Widget","text":"Lorem ipsum dolor sit amet, consectetur adipiscing elit. Non enim quaero quid verum, consectetur adipiscing elit. Non enim quaero quid verum, sedLorem ipsum dolor sit amet, consectetur adipiscing elit. Non enim <a href=\"#\">quaero<\/a> quid verum, sed.","filter":false}},"widget-header":{"mts_ad_728_widget-2":{"title":"","ad":"https:\/\/demo.mythemeshop.com\/bridge\/files\/2017\/09\/img.jpg","link":"http:\/\/mythemeshop.com\/themes\/bridge\/"}},"widget-subscribe":{"wp_subscribe-2":{"title":"Get more stuff","service":"feedburner","aweber_consumer_key":"","aweber_consumer_secret":"","aweber_access_key":"","aweber_access_secret":"","aweber_account_id":"","aweber_list_id":"none","feedburner_id":"","mailchimp_api_key":"","mailchimp_list_id":"none","mailchimp_double_optin":"0","include_name_field":"0","text":"Subscribe to our mailing list and get interesting stuff and updates to your email inbox.","name_placeholder":"Enter your name here","email_placeholder":"Enter your email here","button_text":"Sign Up Now","success_message":"Thank you for subscribing.","error_message":"Something went wrong.","footer_text":"we respect your privacy and take protecting it seriously"}},"footer-first":{"categories-3":{"title":"","count":1,"hierarchical":0,"dropdown":0}},"footer-first-2":{"text-3":{"title":"About Us","text":"Donec eleifend tortor a nibh dictum pellentesque. Donec congue turpis at commodo euismod.\r\n\r\nProin mattis ante eu sapien varius, vitae sagittis tortor tincidunt. Pellentesque posuere orci mauris, posuere convallis quam tempus non.","filter":true,"visual":true}},"footer-first-3":{"social-profile-icons-2":{"title":"Connect With Us","facebook":"#","behance":"#","flickr":"#","gplus":"#","pinterest":"#","instagram":"#","dribbble":"#","linkedin":"#","soundcloud":"#","twitter":"#","vimeo":"#","stumbleupon":"#","tumblr":"#","github":"#","youtube":"#","foursquare":"#","reddit":"#","dropbox":"#","skype":"#","email":"#","rss":"#"}},"footer-first-4":{"tag_cloud-1":{"title":"","taxonomy":"post_tag"}},"shop-sidebar":{"woocommerce_product_search-2":{"title":""},"woocommerce_price_filter-2":{"title":"Filter by price"},"woocommerce_product_categories-2":{"title":"Product categories","orderby":"name","dropdown":0,"count":0,"hierarchical":1,"show_children_only":0,"hide_empty":0}},"product-sidebar":{"woocommerce_products-2":{"title":"Products","number":5,"show":"","orderby":"date","order":"desc","hide_free":0,"show_hidden":0},"woocommerce_recent_reviews-2":{"title":"Recent reviews","number":10},"woocommerce_top_rated_products-2":{"title":"Top rated products","number":5}}}