[{"id":478,"title":"What\u2019s hiding on the other side?","type":"flip","questions":{"0efst":{"id":"0efst","title":"","imageCredit":"","image":"","imageId":"","frontDesc":"In ancient times cats were worshipped as gods; they have not forgotten this.","frontBgColor":"#40d1af","frontFontColor":"","backImageCredit":"","backImage":"https:\/\/demo.mythemeshop.com\/wp-quiz-pro\/files\/2019\/01\/cat-sweet-kitty-animals-57416.jpeg","backImageId":"480","desc":"","backBgColor":"","backFontColor":""},"9tvtp":{"id":"9tvtp","title":"","imageCredit":"","image":"","imageId":"","frontDesc":"I had been told that the training procedure with cats was difficult. It\u2019s not. Mine had me trained in two days.","frontBgColor":"#e835ac","frontFontColor":"","backImageCredit":"","backImage":"https:\/\/demo.mythemeshop.com\/wp-quiz-pro\/files\/2019\/01\/kitten-cat-fluffy-cat-cute-62321.jpeg","backImageId":"481","desc":"","backBgColor":"","backFontColor":""},"xe1nd":{"id":"xe1nd","title":"","imageCredit":"","image":"","imageId":"","frontDesc":"I\u2019m not sure why I like cats so much. I mean, they\u2019re really cute obviously. They are both wild and domestic at the same time.","frontBgColor":"#4c4c4c","frontFontColor":"","backImageCredit":"","backImage":"https:\/\/demo.mythemeshop.com\/wp-quiz-pro\/files\/2019\/01\/kitty-cat-kitten-pet-45201.jpeg","backImageId":"483","desc":"","backBgColor":"","backFontColor":""},"1g4j8":{"id":"1g4j8","title":"","imageCredit":"","image":"","imageId":"","frontDesc":"As anyone who has ever been around a cat for any length of time well knows, cats have enormous patience with the limitations of the humankind.","frontBgColor":"#ba8a2a","frontFontColor":"","backImageCredit":"","backImage":"https:\/\/demo.mythemeshop.com\/wp-quiz-pro\/files\/2019\/01\/pexels-photo-127028.jpeg","backImageId":"484","desc":"","backBgColor":"","backFontColor":""},"y1upv":{"id":"y1upv","title":"","imageCredit":"","image":"","imageId":"","frontDesc":"I have studied many philosophers and many cats. The wisdom of cats is infinitely superior.","frontBgColor":"#d8ac31","frontFontColor":"","backImageCredit":"","backImage":"https:\/\/demo.mythemeshop.com\/wp-quiz-pro\/files\/2019\/01\/pexels-photo-209037.jpeg","backImageId":"485","desc":"","backBgColor":"","backFontColor":""},"rmx8r":{"id":"rmx8r","title":"","imageCredit":"","image":"","imageId":"","frontDesc":"There are two means of refuge from the miseries of life: music and cats.","frontBgColor":"#1d9db7","frontFontColor":"","backImageCredit":"","backImage":"https:\/\/demo.mythemeshop.com\/wp-quiz-pro\/files\/2019\/01\/pexels-photo-326875.jpeg","backImageId":"486","desc":"","backBgColor":"","backFontColor":""},"vn2ye":{"id":"vn2ye","title":"","imageCredit":"","image":"","imageId":"","frontDesc":"A happy arrangement: many people prefer cats to other people, and many cats prefer people to other cats.","frontBgColor":"#000000","frontFontColor":"","backImageCredit":"","backImage":"https:\/\/demo.mythemeshop.com\/wp-quiz-pro\/files\/2019\/01\/pexels-photo.jpg","backImageId":"488","desc":"","backBgColor":"","backFontColor":""}},"results":[],"settings":{"ad_codes":["Array"],"skin":"traditional","font_color":"#444","size":"full","rand_questions":"off","promote_plugin":"off","embed_toggle":"off","share_buttons":["fb","tw","g+","vk"],"show_ads":"off","ad_title":"Advertisement","ad_nth_display":"0","repeat_ads":"off"},"featured_image":"https:\/\/demo.mythemeshop.com\/wp-quiz-pro\/files\/2019\/01\/cat-sweet-kitty-animals-57416.jpeg"}]
