[{"id":373,"title":"Have You Tried These 10 Sushi Rolls?","type":"swiper","questions":{"sxj5f":{"title":"Bushi Roll at Bushi Sushi","mediaType":"image","image":"https:\/\/demo.mythemeshop.com\/wp-quiz-pro\/files\/2019\/01\/sushi1.jpg","imageCredit":"","votesUp":"22","votesDown":"28","uid":"0","imageId":"363","id":"sxj5f","index":0},"zdpqk":{"title":"Ventana Special at Ginza Sushi","mediaType":"image","image":"https:\/\/demo.mythemeshop.com\/wp-quiz-pro\/files\/2019\/01\/sushi2.jpg","imageCredit":"","votesUp":"19","votesDown":"31","uid":"1","imageId":"364","id":"zdpqk","index":1},"ke57d":{"title":"Kazoku Roll at Kazoku","mediaType":"image","image":"https:\/\/demo.mythemeshop.com\/wp-quiz-pro\/files\/2019\/01\/sushi3.jpg","imageCredit":"","votesUp":"29","votesDown":"21","uid":"2","imageId":"365","id":"ke57d","index":2},"e36fv":{"title":"Snowflake Roll at OBON","mediaType":"image","image":"https:\/\/demo.mythemeshop.com\/wp-quiz-pro\/files\/2019\/01\/sushi4.jpg","imageCredit":"","votesUp":"24","votesDown":"26","uid":"3","imageId":"366","id":"e36fv","index":3},"4uvho":{"title":"Oregon Roll at Sachiko ","mediaType":"image","image":"https:\/\/demo.mythemeshop.com\/wp-quiz-pro\/files\/2019\/01\/sushi5.jpg","imageCredit":"","votesUp":"27","votesDown":"23","uid":"4","imageId":"367","id":"4uvho","index":4},"anh3i":{"title":"Lover Roll at Sushi Cortaro ","mediaType":"image","image":"https:\/\/demo.mythemeshop.com\/wp-quiz-pro\/files\/2019\/01\/sushi6.jpg","imageCredit":"","votesUp":"19","votesDown":"31","uid":"5","imageId":"368","id":"anh3i","index":5},"zgcf9":{"title":"Seis Avenida Roll at Sushi Lounge","mediaType":"image","image":"https:\/\/demo.mythemeshop.com\/wp-quiz-pro\/files\/2019\/01\/sushi7.jpg","imageCredit":"","votesUp":"28","votesDown":"22","uid":"6","imageId":"369","id":"zgcf9","index":6},"1nbs9":{"title":"Fireball Roll at Sushi Nara","mediaType":"image","image":"https:\/\/demo.mythemeshop.com\/wp-quiz-pro\/files\/2019\/01\/sushi8.jpg","imageCredit":"","votesUp":"19","votesDown":"31","uid":"7","imageId":"370","id":"1nbs9","index":7},"1gv13":{"title":"Salmon Skin Hand Roll at Sushi On Oracle","mediaType":"image","image":"https:\/\/demo.mythemeshop.com\/wp-quiz-pro\/files\/2019\/01\/sushi9.jpg","imageCredit":"","votesUp":"22","votesDown":"28","uid":"8","imageId":"371","id":"1gv13","index":8},"xc8ry":{"title":"Soft Shell Crab Roll at Yamato","mediaType":"image","image":"https:\/\/demo.mythemeshop.com\/wp-quiz-pro\/files\/2019\/01\/sushi10.jpg","imageCredit":"","votesUp":"23","votesDown":"27","uid":"9","imageId":"372","id":"xc8ry","index":9}},"results":[],"settings":{"question_layout":"single","skin":"flat","bar_color":"#00c479","font_color":"#000","background_color":"#fff","title_color":"","title_size":"","title_font":"AvantGarde-Book","profile":"user","animation_in":"fadeIn","animation_out":"fadeOut","size":"custom","custom_height":"450","custom_width":"320","restart_questions":"on","share_buttons":["fb","tw"],"countdown_timer":"0","force_action":"0","ad_nth_display":"0","ad_codes":[""],"rand_questions":"off","rand_answers":"off","promote_plugin":"off","embed_toggle":"off","show_ads":"off","show_countdown":"0","timer":"0","auto_scroll":"off","repeat_ads":"0"},"featured_image":"https:\/\/demo.mythemeshop.com\/wp-quiz-pro\/files\/2019\/01\/sushi7.jpg"}]
