{"sidebar-1":{"search-2":{"title":""},"tab-2":{"popular_post_num":"3","recent_post_num":"3"},"mts_pp-widget-2":{"posts":"3","show_images":true},"categoryposts-2":{"title":"","cat":"38","num":"3","sort_by":"date","comment_num":"on","date":"on","thumb":"on","asc_sort_order":null,"title_link":null},"mts_subscribe_widget-2":{"title":"Subscribe","desc":""}},"sidebar-2":{"text-2":{"title":"","text":"<img src=\"http:\/\/demo.mythemeshop.com\/swift\/files\/2012\/10\/620x90.gif\">","filter":false}},"sidebar-3":{"text-4":{"title":"","text":"<img src=\"http:\/\/demo.mythemeshop.com\/top\/files\/2012\/05\/103642-1335226181.png\">","filter":false}},"footer-1":{"text-3":{"title":"Lorem ipsum","text":"Lorem ipsum dolor sit amet, consectetur adipiscing elit. Morbi at nisl lorem, vel porttitor justo. Nunc non mauris elit. Nam enim massa, commodo ut placerat sit amet, lacinia in est. Aenean tempus dapibus iaculis. Ut a ipsum libero. Vestibulum pretium mi erat, et scelerisque libero. Etiam pellentesque neque vitae nibh ultricies et tempor nulla porttitor. ","filter":false}},"footer-2":{"links-2":{"images":0,"name":1,"description":0,"rating":0,"orderby":"name","category":0,"limit":5}},"footer-3":{"recent-posts-3":{"title":"","number":3,"show_date":false}},"footer-4":{"social-profile-icons-2":{"title":"","dribbble":"#","email":"#","facebook":"#","gplus":"#","linkedin":"#","pinterest":"#","rss":"#","stumbleupon":"#","twitter":"#","youtube":"#","flickr":"#","lastfm":"#","tumblr":"#","vimeo":"#"}}}