{"sidebar":{"search-3":{"title":""},"mts_ad_300_widget-2":{"title":"","ad":"https:\/\/demo.mythemeshop.com\/bloggingbox-travel\/files\/2017\/05\/img3.jpg","link":"http:\/\/mythemeshop.com\/themes\/bloggingbox\/"},"mts_ad_300_widget-3":{"title":"","ad":"https:\/\/demo.mythemeshop.com\/bloggingbox-travel\/files\/2017\/05\/img2.jpg","link":"http:\/\/mythemeshop.com\/themes\/bloggingbox\/"},"mts_ad_300_widget-4":{"title":"","ad":"https:\/\/demo.mythemeshop.com\/bloggingbox-travel\/files\/2017\/05\/img1.jpg","link":"http:\/\/mythemeshop.com\/themes\/bloggingbox\/"},"mts_popular_posts_widget-2":{"title":"Popular Posts","qty":3,"title_length":7,"comment_num":0,"date":0,"days":999,"show_thumb3":1,"box_layout":"vertical-small","show_excerpt":0,"excerpt_length":10},"mts_widget_recent_tweets-2":{"title":"Latest Tweet","consumerkey":"uALGWYZANMHuIz8SnJx6A","consumersecret":"h85rBBN1C54EDAlKM06itZho1EKfkB9xsJThMwE","accesstoken":"28959960-PSRUVP19F74YJ8F1rYSs6cnjaqxPqwxyBv68I0vF9","accesstokensecret":"kCTN92q50F8MnIUmi4hbanYbChTmuJJp5K3e3aUGA","cachetime":"24","username":"mythemeshopteam","tweetstoshow":"3"}},"footer-first":{"text-2":{"title":"About Us","text":"<p>Proin at turpis sed velit finibus consectetur id vitae velit. Maecenas sit amet imperdiet diam, et condimentum orci. Duis sit amet lorem id erat molestie volutpat.<\/p>\r\n<p>Morbi vitae fringilla neque. Vestibulum quis orci nec libero consectetur faucibus. Aenean ornare molestie aliquam. Phasellus quis ornare ante<\/p>","filter":false}},"footer-first-2":{"single_category_posts_widget-2":{"title":"Featured Category","cat":1,"title_length":7,"qty":2,"comment_num":0,"date":0,"show_thumb1":1,"box_layout":"horizontal-small","show_excerpt":0,"excerpt_length":10}},"footer-first-3":{"mts_post_slider_widget-2":{"title":"Featured Posts","cat":null,"slides_num":3,"slider_nav":"arrows","show_title":1}},"footer-first-4":{"social-profile-icons-2":{"title":"Follow Us","facebook":"#","behance":"#","flickr":"#","gplus":"#","pinterest":"#","instagram":"#","dribbble":"#","linkedin":"#","soundcloud":"#","twitter":"#","vimeo":"#","stumbleupon":"#","tumblr":"#","github":"#","youtube":"#","foursquare":"#","reddit":"#","dropbox":"#","skype":"#","email":"#","rss":"#"}}}