{"sidebar-2":{"search-3":{"title":""},"tab-1":{"popular_post_num":"5","recent_post_num":"5"},"categories-3":{"title":"","count":0,"hierarchical":0,"dropdown":0},"mts_pp-widget-1":{"posts":"4","show_images":true},"mts_ad_300_widget-1":{"title":"Sponsor","ad":"http:\/\/demo.mythemeshop.com\/adorable\/files\/2012\/10\/mts-300-250-2.jpg","link":"http:\/\/mythemeshop.com\/"},"facebook-like-widget-1":{"title":"Find us on Facebook","page_url":"http:\/\/www.facebook.com\/MyThemeShop","width":"292","color_scheme":"light","show_faces":"on","show_stream":null,"show_header":null}},"footer-1":{"mts_subscribe_widget-1":{"title":"","desc":""},"tag_cloud-1":{"title":"","taxonomy":"post_tag"}},"footer-2":{"mts_pp-widget-2":{"posts":"3","show_images":true}},"footer-3":{"search-4":{"title":""},"social-profile-icons-1":{"title":"","dribbble":"#","email":"#","facebook":"#","gplus":"#","linkedin":"#","pinterest":"#","rss":"#","stumbleupon":"#","twitter":"#","youtube":"#","flickr":"#","lastfm":"#","tumblr":"#","vimeo":"#"}},"sidebar-1":{"text-1":{"title":"","text":"<img src=\"https:\/\/demo.mythemeshop.com\/adorable\/files\/2017\/01\/banner.png\">","filter":false}}}