{"sidebar":{"search-2":{"title":""},"mts_popular_posts_widget-2":{"title":"Popular Posts","qty":3,"comment_num":1,"date":1,"days":9999,"show_thumb3":1,"box_layout":"horizontal-small","show_excerpt":0,"excerpt_length":10},"mts_ad_widget-2":{"title":"Our Sponsors","ad1":"http:\/\/demo.mythemeshop.com\/woocart-2\/wp-content\/themes\/mts_woocart\/images\/125x125.png","ad2":"http:\/\/demo.mythemeshop.com\/woocart-2\/wp-content\/themes\/mts_woocart\/images\/125x125.png","ad3":"","ad4":"","ad5":"","ad6":"","link1":"http:\/\/mythemeshop.com\/","link2":"http:\/\/mythemeshop.com\/","link3":"","link4":"","link5":"","link6":"","random":null},"woocommerce_recently_viewed_products-2":{"title":"Recently Viewed Products","number":"3"},"woocommerce_top_rated_products-4":{"title":"Top Rated Products","number":"3"}},"home-sidebar":{"social-profile-icons-2":{"title":"Connect with us","facebook":"#","behance":"","flickr":"","gplus":"#","pinterest":"#","instagram":"#","dribbble":"","linkedin":"#","soundcloud":"","twitter":"#","vimeo":"","stumbleupon":"","tumblr":"","github":"","youtube":"#","foursquare":"#","reddit":"","dropbox":"","skype":"","email":"#","rss":"#"},"mts_accordion_widget-2":{"title":"","toggle_1_title":"Shipment","toggle_2_title":"Cancellation & Return","toggle_3_title":"Offers & Vouchers","toggle_4_title":"Refund Policy","toggle_5_title":"100% Satisfaction","toggle_1_content":"Etiam imperdiet imperdiet orci. In hac habitasse platea dictumst. Curabitur ligula sapien, tincidunt non, euismod vitae, posuere imperdiet, leo. Fusce vel dui. Phasellus tempus.","toggle_2_content":"Etiam imperdiet imperdiet orci. In hac habitasse platea dictumst. Curabitur ligula sapien, tincidunt non, euismod vitae, posuere imperdiet, leo. Fusce vel dui. Phasellus tempus.","toggle_3_content":"Etiam imperdiet imperdiet orci. In hac habitasse platea dictumst. Curabitur ligula sapien, tincidunt non, euismod vitae, posuere imperdiet, leo. Fusce vel dui. Phasellus tempus.","toggle_4_content":"Etiam imperdiet imperdiet orci. In hac habitasse platea dictumst. Curabitur ligula sapien, tincidunt non, euismod vitae, posuere imperdiet, leo. Fusce vel dui. Phasellus tempus.","toggle_5_content":"Etiam imperdiet imperdiet orci. In hac habitasse platea dictumst. Curabitur ligula sapien, tincidunt non, euismod vitae, posuere imperdiet, leo. Fusce vel dui. Phasellus tempus.","filter":false},"mts_recent_posts_widget-2":{"title":"From our Blog","qty":5,"comment_num":0,"date":1,"show_thumb2":1,"box_layout":"horizontal-small","show_excerpt":0,"excerpt_length":7}},"shop-sidebar":{"woocommerce_product_search-2":{"title":""},"woocommerce_price_filter-2":{"title":"Filter by price"},"woocommerce_product_categories-2":{"title":"Product Categories","orderby":"name","dropdown":0,"count":0,"hierarchical":"1","show_children_only":0},"woocommerce_top_rated_products-2":{"title":"Top Rated Products","number":"3"},"mts_wc_ajax_filter_widget-2":{"title":"","attribute":"accessory-type","query_type":"or","type":"list","use_colors":0},"mts_wc_ajax_filter_widget-3":{"title":"","attribute":"color","query_type":"or","type":"list","use_colors":1},"mts_wc_ajax_filter_widget-4":{"title":"","attribute":"f-cloth-type","query_type":"or","type":"list","use_colors":0},"mts_wc_ajax_filter_widget-5":{"title":"","attribute":"operating-system","query_type":"or","type":"list","use_colors":0},"mts_wc_ajax_filter_widget-6":{"title":"","attribute":"mobile-brands","query_type":"or","type":"list","use_colors":0},"mts_wc_ajax_filter_widget-7":{"title":"","attribute":"camera-types","query_type":"or","type":"list","use_colors":0},"mts_wc_ajax_filter_widget-8":{"title":"","attribute":"camera-brands","query_type":"or","type":"list","use_colors":0},"mts_wc_ajax_filter_widget-9":{"title":"","attribute":"child-dress-type","query_type":"or","type":"list","use_colors":0},"mts_wc_ajax_filter_widget-10":{"title":"","attribute":"game-genre","query_type":"or","type":"list","use_colors":0}},"product-sidebar":{"mts-ads-widget-4":{"image_uri":"http:\/\/demo.mythemeshop.com\/woocart-2\/files\/2015\/03\/100satisfaction-2.png","attachment_id":937,"width":"full-width","first":0,"title":"","description":"","text_position":"center","button_label":"","button_link":"","button_position":"left","text_colors":0,"title_color":"","desc_color":""},"woocommerce_top_rated_products-3":{"title":"Top Rated Products","number":"5"}},"shop-ads":{"mts-ads-widget-3":{"image_uri":"http:\/\/demo.mythemeshop.com\/woocart-2\/files\/2015\/01\/shop-ad.jpg","attachment_id":796,"width":"full-width","first":0,"title":"","description":"","text_position":"left","button_label":"","button_link":"http:\/\/demo.mythemeshop.com\/woocart-2\/product-category\/clothing\/","button_position":"left","text_colors":0,"title_color":"","desc_color":""}},"catalog-ads":{"mts-ads-widget-2":{"image_uri":"http:\/\/demo.mythemeshop.com\/woocart-2\/files\/2015\/01\/shop-ad.jpg","attachment_id":796,"width":"full-width","first":0,"title":"","description":"","text_position":"left","button_label":"","button_link":"http:\/\/demo.mythemeshop.com\/woocart-2\/product-category\/clothing\/","button_position":"left","text_colors":0,"title_color":"","desc_color":""}}}