{"sidebar":{"mts_ad_300_widget-2":{"title":"","ad":"http:\/\/demo.mythemeshop.com\/video-learning-blog\/wp-content\/themes\/video\/images\/300x250.png","link":"http:\/\/mythemeshop.com\/"},"search-2":{"title":""},"mts_recent_posts_widget-2":{"title":"Recent Posts","qty":5,"view_count":1,"show_thumb2":1,"box_layout":"horizontal-small"}},"footer-bottom":{"mts_popular_posts_widget-2":{"title":"Popular Posts","qty":2,"view_count":1,"days":99999,"show_thumb3":1,"box_layout":"horizontal-small"}},"footer-bottom-2":{"mts_recent_posts_widget-3":{"title":"Recent Posts","qty":2,"view_count":1,"show_thumb2":1,"box_layout":"horizontal-small"}},"footer-bottom-3":{"tag_cloud-2":{"title":"","taxonomy":"post_tag"},"social-profile-icons-3":{"title":"","facebook":"#","behance":"#","flickr":"#","gplus":"#","pinterest":"#","instagram":"#","dribbble":"#","linkedin":"#","soundcloud":"#","twitter":"#","vimeo":"#","stumbleupon":"#","tumblr":"#","github":"#","youtube":"#","foursquare":"#","reddit":"#","dropbox":"#","skype":"#","email":"#","rss":"#"}}}