{"sidebar":{"search-3":{"title":""},"mts_ad_300_widget-2":{"title":"","ad":"http:\/\/demo.mythemeshop.com\/awake\/files\/2012\/12\/125113-1346592671.png","link":"http:\/\/mythemeshop.com\/"},"single_category_posts_widget-2":{"title":"Featured Category","cat":6,"qty":5,"comment_num":1,"date":1,"show_thumb1":1,"box_layout":"horizontal-small","show_excerpt":0,"excerpt_length":10},"mts_ad_widget-3":{"title":"Our Sponsors","ad1":"http:\/\/demo.mythemeshop.com\/bookshelf\/wp-content\/themes\/bookshelf\/images\/125x125.png","ad2":"http:\/\/demo.mythemeshop.com\/bookshelf\/wp-content\/themes\/bookshelf\/images\/125x125.png","ad3":"","ad4":"","ad5":"","ad6":"","link1":"http:\/\/mythemeshop.com\/","link2":"http:\/\/mythemeshop.com\/","link3":"","link4":"","link5":"","link6":"","random":null},"text-3":{"title":"Pellentesque","text":"Pellentesque habitant morbi tristique senectus et netus et malesuada fames ac turpis egestas. Vestibulum tortor quam, feugiat vitae, ultricies eget, tempor sit amet, ante. Donec eu libero sit amet quam egestas semper. Aenean ultricies mi vitae est.","filter":false}},"footer-widgets":{"text-2":{"title":"Lorem ipsum","text":"Pellentesque habitant morbi tristique senectus et netus et malesuada fames ac turpis egestas. Vestibulum tortor quam, feugiat vitae, ultricies eget, tempor sit amet, ante. Donec eu libero sit amet quam egestas semper. Aenean ultricies mi vitae est.","filter":false}},"footer-widgets-2":{"tag_cloud-2":{"title":"","taxonomy":"post_tag"}},"footer-widgets-3":{"social-profile-icons-2":{"title":"Connect with Us","facebook":"#","behance":"#","flickr":"#","gplus":"#","pinterest":"#","instagram":"#","dribbble":"#","linkedin":"#","soundcloud":"#","twitter":"#","vimeo":"#","stumbleupon":"#","tumblr":"#","github":"#","youtube":"#","foursquare":"#","reddit":"#","dropbox":"#","skype":"#","email":"#","rss":"#"}}}