{"sidebar":{"social-profile-icons-2":{"title":"","facebook":"https:\/\/facebook.com\/mythemeshop","behance":"","flickr":"","gplus":"https:\/\/google.com\/+MyThemeShop","pinterest":"","instagram":"","dribbble":"","linkedin":"","soundcloud":"","twitter":"https:\/\/twitter.com\/mythemeshopteam","vimeo":"","stumbleupon":"","tumblr":"","github":"","youtube":"https:\/\/www.youtube.com\/user\/mythemeshoptube","foursquare":"","reddit":"","dropbox":"","skype":"","email":"","rss":"https:\/\/mythemeshop.com\/blog\/feed\/"},"facebook-like-widget-3":{"title":"Find us on Facebook","page_url":"https:\/\/facebook.com\/mythemeshop","width":"275","show_faces":"on","show_stream":null,"show_header":"on"},"single_category_posts_widget-3":{"title":"Featured Category","cat":1,"title_length":4,"qty":5,"comment_num":1,"date":1,"show_thumb1":1,"box_layout":"horizontal-small","show_excerpt":0,"excerpt_length":10},"mts_ad_widget-2":{"title":"Our Sponsors","ad1":"https:\/\/demo.mythemeshop.com\/coupon-4\/wp-content\/themes\/mts_coupon\/images\/125x125.png","ad2":"https:\/\/demo.mythemeshop.com\/coupon-4\/wp-content\/themes\/mts_coupon\/images\/125x125.png","ad3":"","ad4":"","ad5":"","ad6":"","link1":"http:\/\/mythemeshop.com\/","link2":"http:\/\/mythemeshop.com\/","link3":"","link4":"","link5":"","link6":"","random":0}},"sidebar-coupons":{"mts_ad_300_widget-2":{"title":"","ad":"https:\/\/demo.mythemeshop.com\/coupon-4\/wp-content\/themes\/mts_coupon\/images\/300x250.png","link":"http:\/\/mythemeshop.com\/"},"mts_coupon_recent_posts_widget-2":{"title":"Latest Coupons","qty":5,"title_length":12,"date":0,"offer_title":1,"show_excerpt":0,"excerpt_length":10},"mts_post_slider_widget-2":{"title":"From the Blog","cat":["2","3","4","5","1","6"],"slides_num":3,"slider_nav":"bullets","show_title":1}},"sidebar-single-coupon":{"facebook-like-widget-2":{"title":"Find us on Facebook","page_url":"https:\/\/facebook.com\/mythemeshop","width":"275","show_faces":"on","show_stream":null,"show_header":"on"},"mts_coupon_recent_posts_widget-3":{"title":"Latest Coupons","qty":3,"title_length":12,"date":0,"offer_title":1,"show_excerpt":0,"excerpt_length":10}}}