{"sidebar":{"search-2":{"title":"Search"},"mts_recent_posts_widget-2":{"title":"Recent Posts","qty":2,"title_length":7,"comment_num":0,"date":0,"show_thumb2":1,"box_layout":"vertical-small","show_excerpt":0,"excerpt_length":10},"social-profile-icons-2":{"title":"Connect With Us","facebook":"#","behance":"#","flickr":"#","gplus":"#","pinterest":"#","instagram":"#","dribbble":"#","linkedin":"#","soundcloud":"#","twitter":"#","vimeo":"#","stumbleupon":"#","tumblr":"#","github":"#","youtube":"#","foursquare":"#","reddit":"#","dropbox":"#","skype":"#","email":"#","rss":"#"},"wpt_widget-2":{"tabs":{"popular":"1","recent":"1"},"tab_order":{"popular":"1","recent":"2","comments":"3","tags":"4"},"allow_pagination":"1","post_num":"3","title_length":"15","comment_num":"5","show_thumb":"1","thumb_size":"large","show_date":null,"show_excerpt":null,"excerpt_length":"15","show_comment_num":null,"show_avatar":"1","show_love":null},"tag_cloud-2":{"title":"Popular Tags","taxonomy":"post_tag"},"wp_subscribe-2":{"title":"NewsLetter","service":"feedburner","feedburner_id":"","mailchimp_api_key":"","mailchimp_list_id":"","mailchimp_double_optin":"0","aweber_list_id":"","getresponse_api_key":"","getresponse_list_id":"","mailerlite_api_key":"","mailerlite_list_id":"","benchmark_user":"","benchmark_pass":"","benchmark_list_name":"","include_name_field":"0","thanks_page":"0","thanks_page_url":"","text":"Subscribe to our mailing list and get interesting stuff and updates to your email inbox.","name_placeholder":"Enter your name here","email_placeholder":"Enter your email here","button_text":"Sign Up Now","success_message":"Thank you for subscribing.","error_message":"Something went wrong.","footer_text":"","background_color":"#2196f3","title_color":"#FFFFFF","text_color":"#FFFFFF","field_text_color":"#969696","field_background_color":"#ffffff","button_text_color":"#ffffff","button_background_color":"#8bc34a","footer_text_color":"#FFFFFF"}},"footer-first":{"text-2":{"title":"About Us","text":"<p>Mattis ac condimentum sed, iaculis et dui. Integer non lectus luctus, sodales nulla in, blandit dolor.<\/p>\r\n<p>Nullam quis dolor sed nisi sollicitudin vehicula ac sed magna. Praesent tincidunt facilisis nisl, sit amet suscipit tellus congue nec.<\/p>","filter":false}},"footer-first-2":{"tag_cloud-3":{"title":"Popular Tags","taxonomy":"post_tag"}},"footer-first-3":{"archives-2":{"title":"","count":0,"dropdown":0}},"shop-sidebar":{"woocommerce_product_search-2":{"title":""},"woocommerce_price_filter-2":{"title":"Filter by price"},"woocommerce_product_categories-2":{"title":"Product Categories","orderby":"name","dropdown":0,"count":0,"hierarchical":1,"show_children_only":0,"hide_empty":0},"woocommerce_layered_nav-2":{"title":"Filter by","attribute":"color","display_type":"list","query_type":"and"}},"product-sidebar":{"woocommerce_product_search-3":{"title":""},"woocommerce_products-2":{"title":"Products","number":5,"show":"","orderby":"date","order":"desc","hide_free":0,"show_hidden":0},"woocommerce_top_rated_products-2":{"title":"Top Rated Products","number":5},"woocommerce_recently_viewed_products-2":{"title":"Recently Viewed Products","number":10}}}