{"sidebar-1":{"mts_ad_728_widget-2":{"title":"","ad":"https:\/\/demo.mythemeshop.com\/report\/wp-content\/themes\/report\/images\/728.jpg","link":"http:\/\/mythemeshop.com\/"}},"sidebar-2":{"mts_ad_300_widget-2":{"title":"","ad":"https:\/\/demo.mythemeshop.com\/report\/wp-content\/themes\/report\/images\/300x250.gif","link":"http:\/\/mythemeshop.com\/"},"search-3":{"title":""},"tab-1":{"popular_post_num":"3","recent_post_num":"3"},"categoryposts-1":{"title":"Category Posts","cat":7,"num":"3","sort_by":"date","thumb":"on","thumb_w":"50","thumb_h":"50","asc_sort_order":null,"title_link":null,"comment_num":null,"date":null},"mts_pp-widget-1":{"posts":"3","show_images":true},"facebook-like-widget-1":{"title":"Find us on Facebook","page_url":"http:\/\/www.facebook.com\/MyThemeShop","width":"292","color_scheme":"light","show_faces":"on","show_stream":null,"show_header":null},"social-profile-icons-1":{"title":"Connect with Us","dribbble":"#","email":"#","facebook":"#","gplus":"#","linkedin":"#","pinterest":"#","rss":"#","stumbleupon":"#","twitter":"#","youtube":"#","flickr":"#","lastfm":"#","tumblr":"#","vimeo":"#"}},"footer-1":{"text-3":{"title":"Lorem ipsum","text":"Lorem ipsum dolor sit amet, consectetuer adipiscing elit. Curabitur quam augue, vehicula quis, tincidunt vel, varius.\r\n\r\n<a href=\"#\">Lorem ipsum<\/a> dolor sit amet, consectetur adipiscing elit. Vestibulum malesuada, nibh quis egestas pellentesque, dui neque","filter":true},"social-profile-icons-2":{"title":"","dribbble":"","email":"","facebook":"","gplus":"","linkedin":"","pinterest":"","rss":"","stumbleupon":"","twitter":"","youtube":"","flickr":"","lastfm":"","tumblr":"","vimeo":""}},"footer-2":{"recent-posts-3":{"title":"","number":4,"show_date":false}},"footer-3":{"mts_subscribe_widget-1":{"title":"Subscribe","desc":"http:\/\/feeds.feedburner.com\/mythemeshop"},"text-4":{"title":"Egestas pellentes","text":"Lorem ipsum dolor sit amet, consectetur adipiscing elit. Vestibulum malesuada, nibh quis egestas pellentesque, dui neque","filter":false}}}