{"sidebar":{"search-4":{"title":""},"social-profile-icons-2":{"title":"Follow Us","social_font_color":"#3f4770","social_bg_color":"","font_size":24,"br_radius":0,"pd_top":0,"pd_right":0,"pd_bottom":0,"pd_left":0,"facebook":"#","facebooksocial_color_value":"","facebooksocial_bg_value":"","facebookhover_color_value":"","facebookhover_bg_value":"","behance":"#","behancesocial_color_value":"","behancesocial_bg_value":"","behancehover_color_value":"","behancehover_bg_value":"","flickr":"#","flickrsocial_color_value":"","flickrsocial_bg_value":"","flickrhover_color_value":"","flickrhover_bg_value":"","gplus":"#","gplussocial_color_value":"","gplussocial_bg_value":"","gplushover_color_value":"","gplushover_bg_value":"","pinterest":"#","pinterestsocial_color_value":"","pinterestsocial_bg_value":"","pinteresthover_color_value":"","pinteresthover_bg_value":"","instagram":"#","instagramsocial_color_value":"","instagramsocial_bg_value":"","instagramhover_color_value":"","instagramhover_bg_value":"","dribbble":"#","dribbblesocial_color_value":"","dribbblesocial_bg_value":"","dribbblehover_color_value":"","dribbblehover_bg_value":"","linkedin":"#","linkedinsocial_color_value":"","linkedinsocial_bg_value":"","linkedinhover_color_value":"","linkedinhover_bg_value":"","soundcloud":"#","soundcloudsocial_color_value":"","soundcloudsocial_bg_value":"","soundcloudhover_color_value":"","soundcloudhover_bg_value":"","twitter":"#","twittersocial_color_value":"","twittersocial_bg_value":"","twitterhover_color_value":"","twitterhover_bg_value":"","vimeo":"#","vimeosocial_color_value":"","vimeosocial_bg_value":"","vimeohover_color_value":"","vimeohover_bg_value":"","stumbleupon":"#","stumbleuponsocial_color_value":"","stumbleuponsocial_bg_value":"","stumbleuponhover_color_value":"","stumbleuponhover_bg_value":"","tumblr":"#","tumblrsocial_color_value":"","tumblrsocial_bg_value":"","tumblrhover_color_value":"","tumblrhover_bg_value":"","github":"#","githubsocial_color_value":"","githubsocial_bg_value":"","githubhover_color_value":"","githubhover_bg_value":"","youtube":"#","youtubesocial_color_value":"","youtubesocial_bg_value":"","youtubehover_color_value":"","youtubehover_bg_value":"","foursquare":"#","foursquaresocial_color_value":"","foursquaresocial_bg_value":"","foursquarehover_color_value":"","foursquarehover_bg_value":"","reddit":"#","redditsocial_color_value":"","redditsocial_bg_value":"","reddithover_color_value":"","reddithover_bg_value":"","dropbox":"#","dropboxsocial_color_value":"","dropboxsocial_bg_value":"","dropboxhover_color_value":"","dropboxhover_bg_value":"","skype":"#","skypesocial_color_value":"","skypesocial_bg_value":"","skypehover_color_value":"","skypehover_bg_value":"","email":"#","emailsocial_color_value":"","emailsocial_bg_value":"","emailhover_color_value":"","emailhover_bg_value":"","rss":"#","rsssocial_color_value":"","rsssocial_bg_value":"","rsshover_color_value":"","rsshover_bg_value":""},"mts_popular_posts_widget-4":{"title":"Popular Posts","qty":3,"title_length":8,"category":0,"author_name":0,"date":0,"days":999,"show_thumb3":1,"box_layout":"vertical-small","border_radius":0,"show_excerpt":1,"excerpt_length":10}},"single-subscribe":{"wp_subscribe-9":{"title":"MyThemeShop Daily","service":"feedburner","aweber_consumer_key":"","aweber_consumer_secret":"","aweber_access_key":"","aweber_access_secret":"","aweber_account_id":"","aweber_list_id":"none","feedburner_id":"","mailchimp_api_key":"","mailchimp_list_id":"none","mailchimp_double_optin":"0","include_name_field":"0","text":"Sign up for our MyThemeShop Daily newsletter to get the top tech and business news stories delivered\t to your inbox.","name_placeholder":"Enter your name here","email_placeholder":"Enter your email here...","consent_text":"","button_text":"Sign Up Now","success_message":"Thank you for subscribing.","error_message":"Something went wrong.","footer_text":""}},"post-layout-2latest":{"search-3":{"title":""},"social-profile-icons-3":{"title":"Follow Us","social_font_color":"#1c2534","social_bg_color":"","font_size":32,"br_radius":0,"pd_top":0,"pd_right":0,"pd_bottom":0,"pd_left":0,"facebook":"#","facebooksocial_color_value":"","facebooksocial_bg_value":"","facebookhover_color_value":"","facebookhover_bg_value":"","behance":"#","behancesocial_color_value":"","behancesocial_bg_value":"","behancehover_color_value":"","behancehover_bg_value":"","flickr":"#","flickrsocial_color_value":"","flickrsocial_bg_value":"","flickrhover_color_value":"","flickrhover_bg_value":"","gplus":"#","gplussocial_color_value":"","gplussocial_bg_value":"","gplushover_color_value":"","gplushover_bg_value":"","pinterest":"#","pinterestsocial_color_value":"","pinterestsocial_bg_value":"","pinteresthover_color_value":"","pinteresthover_bg_value":"","instagram":"#","instagramsocial_color_value":"","instagramsocial_bg_value":"","instagramhover_color_value":"","instagramhover_bg_value":"","dribbble":"#","dribbblesocial_color_value":"","dribbblesocial_bg_value":"","dribbblehover_color_value":"","dribbblehover_bg_value":"","linkedin":"#","linkedinsocial_color_value":"","linkedinsocial_bg_value":"","linkedinhover_color_value":"","linkedinhover_bg_value":"","soundcloud":"#","soundcloudsocial_color_value":"","soundcloudsocial_bg_value":"","soundcloudhover_color_value":"","soundcloudhover_bg_value":"","twitter":"#","twittersocial_color_value":"","twittersocial_bg_value":"","twitterhover_color_value":"","twitterhover_bg_value":"","vimeo":"#","vimeosocial_color_value":"","vimeosocial_bg_value":"","vimeohover_color_value":"","vimeohover_bg_value":"","stumbleupon":"#","stumbleuponsocial_color_value":"","stumbleuponsocial_bg_value":"","stumbleuponhover_color_value":"","stumbleuponhover_bg_value":"","tumblr":"#","tumblrsocial_color_value":"","tumblrsocial_bg_value":"","tumblrhover_color_value":"","tumblrhover_bg_value":"","github":"#","githubsocial_color_value":"","githubsocial_bg_value":"","githubhover_color_value":"","githubhover_bg_value":"","youtube":"#","youtubesocial_color_value":"","youtubesocial_bg_value":"","youtubehover_color_value":"","youtubehover_bg_value":"","foursquare":"#","foursquaresocial_color_value":"","foursquaresocial_bg_value":"","foursquarehover_color_value":"","foursquarehover_bg_value":"","reddit":"#","redditsocial_color_value":"","redditsocial_bg_value":"","reddithover_color_value":"","reddithover_bg_value":"","dropbox":"#","dropboxsocial_color_value":"","dropboxsocial_bg_value":"","dropboxhover_color_value":"","dropboxhover_bg_value":"","skype":"","skypesocial_color_value":"","skypesocial_bg_value":"","skypehover_color_value":"","skypehover_bg_value":"","email":"#","emailsocial_color_value":"","emailsocial_bg_value":"","emailhover_color_value":"","emailhover_bg_value":"","rss":"#","rsssocial_color_value":"","rsssocial_bg_value":"","rsshover_color_value":"","rsshover_bg_value":""},"single_category_posts_widget-3":{"title":"Featured","cat":20,"title_length":8,"qty":4,"category":0,"author_name":0,"date":0,"show_thumb1":1,"box_layout":"vertical-small","border_radius":0,"show_excerpt":1,"excerpt_length":10}},"shop-sidebar":{"woocommerce_product_search-2":{"title":"Search Products"},"woocommerce_price_filter-2":{"title":"Filter by price"},"woocommerce_top_rated_products-2":{"title":"Top Rated Products","number":"3"},"woocommerce_recent_reviews-2":{"title":"Recent Reviews","number":"3"}},"product-sidebar":{"woocommerce_products-2":{"title":"New Arrivals","number":"3","show":"","orderby":"date","order":"desc","hide_free":0,"show_hidden":0},"woocommerce_recently_viewed_products-2":{"title":"Recently Viewed","number":"3"}}}