{"sidebar":{"search-2":{"title":""},"mts_ad_300_widget-2":{"title":"Our Sponser","ad":"https:\/\/d1ro8r1rbfn3jf.cloudfront.net\/ms_64885\/WRfBqDQvrSHlCsfmw8YTJ5IjYr6B5v\/300-X-250---1.jpg?Expires=1458024232&Signature=aAmBxQb~np2OFt6K1-8Vt3im9Kxve7INK4hVmJB718qEmI9NyznmFAqhGFpwjP9Uc-qf5pNI9BXFrrb9gJ3YNuE90FrBxjX5RM-bDI4Mmm3sVx6bsy~cbLfV9Wahi7zVLotgYsN4MZUijaC9CNcaXKtbIqA87~YvfmQ-r0MnrIPhH-5GLkssxZlwNOIODO8d1BXA7U108ISTp~J0j7tI5GebMHNNrEDP~CaxegtTKpbSZcIUoQAURZLFBjcZeCmr8cUmwBDEez0Jk9f4k47F296W49IG8gE-WH7z5iLVjADaAb1ESAhql9GKnrZm7HWc1rRoW-3mFK-icHGBYJQASw__&Key-Pair-Id=APKAJHEJJBIZWFB73RSA","link":"http:\/\/mythemeshop.com\/"},"social-profile-icons-2":{"title":"Follow Us On","facebook":"#","behance":"#","flickr":"#","gplus":"#","pinterest":"#","instagram":"#","dribbble":"#","linkedin":"#","soundcloud":"#","twitter":"#","vimeo":"#","stumbleupon":"#","tumblr":"#","github":"#","youtube":"#","foursquare":"#","reddit":"#","dropbox":"#","skype":"#","email":"#","rss":"#"},"mts_recent_posts_widget-2":{"title":"Recent Posts","qty":2,"title_length":5,"comment_num":1,"date":1,"show_thumb2":1,"box_layout":"horizontal-small","show_excerpt":0,"excerpt_length":10},"mts_popular_posts_widget-2":{"title":"Popular Posts","qty":3,"title_length":5,"comment_num":1,"date":1,"days":9999999,"show_thumb3":1,"box_layout":"horizontal-small","show_excerpt":0,"excerpt_length":10}},"footer-bottom":{"text-2":{"title":"Text Widget","text":"<p>Ut sagittis non felis non tincidunt. Phasellus sit amet sem eget felis vulputate tristique sit amet eu nulla. Vivamus condimentum porttitor lobortis.<\/p>\r\n\r\n<p>Nulla non ante nec nunc mollis molestie. Nullam vehicula purus sed purus elementum, quis dictum urna fringilla. Vestibulum mollis vestibulum nibh et fermentum. Duis id tincidunt mi. Sed laoreet viverra odio, ut lobortis leo iaculis sit amet.<\/p>","filter":false}},"footer-bottom-2":{"mts_recent_posts_widget-3":{"title":"Recent Posts","qty":2,"title_length":7,"comment_num":1,"date":1,"show_thumb2":1,"box_layout":"horizontal-small","show_excerpt":0,"excerpt_length":10}},"footer-bottom-3":{"mts_popular_posts_widget-3":{"title":"Popular Posts","qty":2,"title_length":7,"comment_num":1,"date":1,"days":9999999,"show_thumb3":1,"box_layout":"horizontal-small","show_excerpt":0,"excerpt_length":10}}}