[{"id":458,"title":"Your IQ Is 151 If You Score At Least 9\/10","type":"trivia","questions":{"qcov8":{"id":"qcov8","mediaType":"image","answerType":"text","imageCredit":"","image":"https:\/\/demo.mythemeshop.com\/wp-quiz-pro\/files\/2019\/01\/pexels-photo-256262.jpeg","imageId":"459","video":"","imagePlaceholder":"","imagePlaceholderId":"","title":"Entomology is the science that studies:\r\n","desc":"Entomology is the study of insects, including their relationships with other animals, their environments, and human beings.","hint":"Hint Hint!","answers":{"wo54i":{"id":"wo54i","image":"","imageId":"","title":"Cultures"},"gfg3d":{"id":"gfg3d","image":"","imageId":"","title":"Insects","isCorrect":"1"},"wjb03":{"id":"wjb03","image":"","imageId":"","title":"Crime"},"h8vxs":{"id":"h8vxs","image":"","imageId":"","title":"Law"}}},"ptzzc":{"id":"ptzzc","mediaType":"image","answerType":"text","imageCredit":"","image":"https:\/\/demo.mythemeshop.com\/wp-quiz-pro\/files\/2019\/01\/pexels-photo-335393.jpeg","imageId":"460","video":"","imagePlaceholder":"","imagePlaceholderId":"","title":"Eritrea is a country in:","desc":"Eritrea is a northeast African country on the Red Sea coast. It shares borders with Ethiopia, Sudan and Djibouti.","hint":"","answers":{"yb2ke":{"id":"yb2ke","image":"","imageId":"","title":"Asia"},"z5fjm":{"id":"z5fjm","image":"","imageId":"","title":"Europe"},"kikel":{"id":"kikel","image":"","imageId":"","title":"Americas"},"9hf35":{"id":"9hf35","image":"","imageId":"","title":"Africa","isCorrect":"1"}}},"vhq2s":{"id":"vhq2s","mediaType":"image","answerType":"text","imageCredit":"","image":"https:\/\/demo.mythemeshop.com\/wp-quiz-pro\/files\/2019\/01\/pexels-photo-267582.jpeg","imageId":"468","video":"","imagePlaceholder":"","imagePlaceholderId":"","title":"What is the square root of 441?","desc":"","hint":"","answers":{"0ow41":{"id":"0ow41","image":"","imageId":"","title":"29"},"223j5":{"id":"223j5","image":"","imageId":"","title":"19"},"7pbro":{"id":"7pbro","image":"","imageId":"","title":"21","isCorrect":"1"},"qzmwd":{"id":"qzmwd","image":"","imageId":"","title":"27"}}},"9eije":{"id":"9eije","mediaType":"image","answerType":"text","imageCredit":"","image":"https:\/\/demo.mythemeshop.com\/wp-quiz-pro\/files\/2019\/01\/pexels-photo-358426.jpeg","imageId":"474","video":"","imagePlaceholder":"","imagePlaceholderId":"","title":"Which of these cities is furthest north?","desc":"","hint":"","answers":{"s3cqy":{"id":"s3cqy","image":"","imageId":"","title":"Amsterdam, Netherlands"},"y0phb":{"id":"y0phb","image":"","imageId":"","title":"Stockholm, Sweden","isCorrect":"1"},"dl0gv":{"id":"dl0gv","image":"","imageId":"","title":"Vienna, Austria"},"i1ieu":{"id":"i1ieu","image":"","imageId":"","title":"London, England"}}},"43p30":{"id":"43p30","mediaType":"video","answerType":"text","imageCredit":"","image":"","imageId":"","video":"https:\/\/www.youtube.com\/watch?v=IRmiUD2nflA","imagePlaceholder":"","imagePlaceholderId":"","title":"120\/1000 = ?","desc":"","hint":"","answers":{"jzpar":{"id":"jzpar","image":"","imageId":"","title":"12%","isCorrect":"1"},"kwfu0":{"id":"kwfu0","image":"","imageId":"","title":"120%"},"921md":{"id":"921md","image":"","imageId":"","title":"1.2%"}}},"vc02q":{"id":"vc02q","mediaType":"image","answerType":"text","imageCredit":"","image":"https:\/\/demo.mythemeshop.com\/wp-quiz-pro\/files\/2019\/01\/pexels-photo-769289.jpeg","imageId":"339","video":"","imagePlaceholder":"","imagePlaceholderId":"","title":"Which one of the six is least like the other five?","desc":"","hint":"","answers":{"ut718":{"id":"ut718","image":"","imageId":"","title":"Lemon"},"xqtjf":{"id":"xqtjf","image":"","imageId":"","title":"Banana"},"paha4":{"id":"paha4","image":"","imageId":"","title":"Potato","isCorrect":"1"},"rcbet":{"id":"rcbet","image":"","imageId":"","title":"Apricot"},"zfq6v":{"id":"zfq6v","image":"","imageId":"","title":"Peach"},"hvasx":{"id":"hvasx","image":"","imageId":"","title":"Avocado"}}},"md0iw":{"id":"md0iw","mediaType":"image","answerType":"text","imageCredit":"","image":"https:\/\/demo.mythemeshop.com\/wp-quiz-pro\/files\/2019\/01\/pexels-photo-374916.jpeg","imageId":"479","video":"","imagePlaceholder":"","imagePlaceholderId":"","title":"8 + 2 \u00f7 (4 \u2013 2) = ?","desc":"","hint":"","answers":{"icr08":{"id":"icr08","image":"","imageId":"","title":"5"},"1hrva":{"id":"1hrva","image":"","imageId":"","title":"9","isCorrect":"1"},"3g5ke":{"id":"3g5ke","image":"","imageId":"","title":"4"},"6u6ji":{"id":"6u6ji","image":"","imageId":"","title":"12"}}},"dni73":{"id":"dni73","mediaType":"video","answerType":"text","imageCredit":"","image":"","imageId":"","video":"https:\/\/www.youtube.com\/watch?v=PCXSuaOozDE","imagePlaceholder":"","imagePlaceholderId":"","title":"The Second World War lasted from 1939 to ____.","desc":"","hint":"","answers":{"zq6fw":{"id":"zq6fw","image":"","imageId":"","title":"1944"},"f25u6":{"id":"f25u6","image":"","imageId":"","title":"1945","isCorrect":"1"}}},"suoa1":{"id":"suoa1","mediaType":"image","answerType":"text","imageCredit":"","image":"https:\/\/demo.mythemeshop.com\/wp-quiz-pro\/files\/2019\/01\/pexels-photo-1543895.jpeg","imageId":"482","video":"","imagePlaceholder":"","imagePlaceholderId":"","title":"The International Women\u2019s Day is celebrated in:","desc":"International Women's Day is a worldwide event with a human rights theme, highlighting the social, economic, cultural and political achievements and contributions made by women. It is held annually on the 8th of March.","hint":"","answers":{"zo4hv":{"id":"zo4hv","image":"","imageId":"","title":"February"},"mjooa":{"id":"mjooa","image":"","imageId":"","title":"May"},"crff3":{"id":"crff3","image":"","imageId":"","title":"July"},"xiio2":{"id":"xiio2","image":"","imageId":"","title":"March","isCorrect":"1"},"zj89k":{"id":"zj89k","image":"","imageId":"","title":"June"},"7018t":{"id":"7018t","image":"","imageId":"","title":"April"}}},"gjr49":{"id":"gjr49","mediaType":"image","answerType":"text","imageCredit":"","image":"https:\/\/demo.mythemeshop.com\/wp-quiz-pro\/files\/2019\/01\/pexels-photo-278943.jpeg","imageId":"487","video":"","imagePlaceholder":"","imagePlaceholderId":"","title":"How many dots are on two dice?","desc":"","hint":"","answers":{"9upib":{"id":"9upib","image":"","imageId":"","title":"42","isCorrect":"1"},"2ssbf":{"id":"2ssbf","image":"","imageId":"","title":"44"},"i6059":{"id":"i6059","image":"","imageId":"","title":"21"},"nxlrd":{"id":"nxlrd","image":"","imageId":"","title":"38"}}}},"results":{"qg6af":{"id":"qg6af","title":"YOU FAILED!","image":"https:\/\/demo.mythemeshop.com\/wp-quiz-pro\/files\/2019\/01\/millennial-mommy.jpeg","imageId":"8","min":"0","max":"5","desc":"You weren't even close... Carry on!","redirect_url":""},"4j1vq":{"id":"4j1vq","title":"Close enough!","image":"https:\/\/demo.mythemeshop.com\/wp-quiz-pro\/files\/2019\/01\/hightech-millennial.jpeg","imageId":"9","min":"6","max":"8","desc":"You were even close... Carry on!","redirect_url":""},"ugla8":{"id":"ugla8","title":"You are Genius! ","image":"https:\/\/demo.mythemeshop.com\/wp-quiz-pro\/files\/2019\/01\/pexels-photo-1040157.jpeg","imageId":"490","min":"9","max":"10","desc":"You nailed it!","redirect_url":""}},"settings":{"question_layout":"multiple","skin":"flat","bar_color":"#00c479","font_color":"#444","background_color":"#ecf0f1","animation_in":"fadeIn","animation_out":"fadeOut","show_ads":"off","repeat_ads":"off","ad_nth_display":"0","refresh_step":"0","ad_codes":["Array"],"show_next_button":"on","rand_questions":"off","rand_answers":"off","restart_questions":"off","promote_plugin":"off","embed_toggle":"off","share_buttons":["fb","tw","g+","vk"],"countdown_timer":"10","auto_scroll":"off","end_answers":"off","pay_to_play":"off","ad_title":"Advertisement","result_popup":"yes"},"featured_image":"https:\/\/demo.mythemeshop.com\/wp-quiz-pro\/files\/2019\/01\/pexels-photo-1040157.jpeg"}]
