{"sidebar":{"search-2":{"title":""},"single_category_posts_widget-2":{"title":"Featured Category","cat":2,"title_length":4,"qty":4,"comment_num":0,"date":0,"show_thumb1":1,"box_layout":"vertical-small","show_excerpt":0,"excerpt_length":10},"mts_popular_posts_widget-2":{"title":"Popular Posts","qty":3,"title_length":4,"comment_num":0,"date":0,"days":9999,"show_thumb3":1,"box_layout":"vertical-small","show_excerpt":0,"excerpt_length":10}},"sidebar-coupons":{"mts_coupon_popular_posts_widget-3":{"title":"Popular Offers","qty":3,"title_length":5,"date":1,"days":9999,"show_title":1,"box_layout":"vertical-small","show_excerpt":1,"excerpt_length":10},"single_coupon_category_posts_widget-4":{"title":"Coupon Category","cat":15,"title_length":12,"qty":3,"date":1,"show_title":1,"show_excerpt":1,"excerpt_length":10},"mts_site_stats_widget-2":{"title":"","stats_number":"21,390","stats_text":"Coupons redeemed","stats_icon":"tag","stats_number2":"1,401","stats_text2":"Coupons & Deals for you","stats_icon2":"shopping-bag","stats_number3":"50,000+","stats_text3":"Happy Users","stats_icon3":"user"}},"sidebar-single-coupon":{"mts_coupon_brand_info_widget-2":{"title":"","brand_imgurl":"https:\/\/democdn.mythemeshop.com\/coupon-3\/files\/2016\/12\/imgres-3.png","brand_rewards":"Upto 10% Extra Rewards","brand_button_text":"Shop at Ebay","brand_url":"#"},"single_coupon_category_posts_widget-5":{"title":"Coupon Category","cat":12,"title_length":12,"qty":5,"date":0,"show_title":1,"show_excerpt":0,"excerpt_length":10},"mts_coupon_popular_posts_widget-4":{"title":"Popular Offers","qty":5,"title_length":5,"date":0,"days":30,"show_title":1,"box_layout":"horizontal-small","show_excerpt":0,"excerpt_length":10}},"widget-header":{"mts_ad_728_widget-2":{"title":"","ad":"https:\/\/demo.mythemeshop.com\/coupon-3\/files\/2016\/12\/coupon-ad.jpg","link":"https:\/\/mythemeshop.com\/themes\/coupon\/"}},"footer-first":{"single_coupon_category_posts_widget-2":{"title":"Lucky Brand","cat":12,"title_length":10,"qty":4,"date":0,"show_title":1,"show_excerpt":0,"excerpt_length":10},"social-profile-icons-4":{"title":"","facebook":"#","behance":"","flickr":"","gplus":"#","pinterest":"#","instagram":"","dribbble":"","linkedin":"","soundcloud":"","twitter":"#","vimeo":"","stumbleupon":"","tumblr":"#","github":"","youtube":"#","foursquare":"","reddit":"","dropbox":"#","skype":"#","email":"#","rss":"#"}},"footer-first-2":{"nav_menu-2":{"title":"More Links","nav_menu":17}},"footer-first-3":{"mts_coupon_recent_posts_widget-2":{"title":"Latest Deals","qty":2,"title_length":12,"date":0,"offer_title":1,"show_excerpt":0,"excerpt_length":10}},"footer-first-4":{"text-2":{"title":"","text":"Sed fringilla, urna at ornare sagittis, ipsum velit rutrum nulla.","filter":false},"mts_coupon_app_widget-2":{"title":"","app_small":"Available for","app_large":"Android","app_icon":"android","app_url":"#","app_small2":"Available for","app_large2":"App Store","app_icon2":"apple","app_url2":"#"}}}