{"sidebar":{"mts_ad_300_widget-4":{"title":"","ad":"https:\/\/demo.mythemeshop.com\/socialnow-viral\/files\/2017\/03\/s3.jpg","link":"http:\/\/demo.mythemeshop.com\/s\/?theme=SocialNow"},"mts_ad_300_widget-2":{"title":"","ad":"https:\/\/demo.mythemeshop.com\/socialnow-viral\/files\/2017\/03\/s1.jpg","link":"http:\/\/demo.mythemeshop.com\/s\/?theme=SocialNow"},"mts_ad_300_widget-3":{"title":"","ad":"https:\/\/demo.mythemeshop.com\/socialnow-viral\/files\/2017\/03\/s2.jpg","link":"http:\/\/demo.mythemeshop.com\/s\/?theme=SocialNow"},"single_category_posts_widget-1":{"title":"Featured Category","cat":5,"title_length":10,"qty":4,"author_name":0,"comment_num":0,"date":0,"show_thumb1":1,"box_layout":"horizontal-small","show_excerpt":0,"excerpt_length":10},"facebook-like-widget-2":{"title":"Find us on Facebook","page_url":"https:\/\/www.facebook.com\/MyThemeShop\/","width":"300","show_faces":"on","show_stream":null,"show_header":"on"}},"footer-first":{"archives-3":{"title":"","count":0,"dropdown":0}},"footer-first-2":{"categories-3":{"title":"","count":0,"hierarchical":0,"dropdown":0}},"footer-first-3":{"recent-posts-3":{"title":"","number":3,"show_date":false}},"footer-first-4":{"recent-comments-3":{"title":"","number":3}}}