{"cyprus":{"last_tab":"main","mts_logo":"","mts_favicon":"","mts_touch_icon":"","mts_metro_icon":"","mts_twitter_username":"","mts_feedburner":"","mts_ajax_search":"0","mts_responsive":"1","mts_shop_products":"9","async_js":"1","remove_ver_params":"1","disable_emojis":"0","prefetching":"0","mts_color_scheme":"#8dbf42","mts_layout":"cslayout","mts_background":{"color":"#ffffff","use":"pattern","image_pattern":"nobg","image_upload":"","repeat":"repeat","attachment":"scroll","position":"left top","size":"cover","gradient":{"from":"#ffffff","to":"#000000","direction":"0deg"},"parallax":"0"},"mts_lightbox":"0","mts_header_style":"3","mts_sticky_nav":"0","mts_header_margin":{"top":"0","bottom":"0"},"mts_header_padding":{"top":"32px","bottom":"27px"},"mts_header_border":{"color":"","direction":"all","size":"","style":"none"},"mts_header_social_icons":"1","mts_header_social":[{"group_title":"Facebook","group_sort":"1","mts_header_icon_title":"Facebook","mts_header_icon":"facebook","mts_header_icon_link":"#","mts_header_icon_bgcolor":"#ffffff","mts_header_icon_hover_bgcolor":"#ffffff","mts_header_icon_color":"#8dbf42","mts_header_icon_hover_color":"#2e4152","mts_header_icon_margin":{"top":"0","right":"8px","bottom":"0","left":"0"},"mts_header_icon_padding":{"top":"0px","right":"8px","bottom":"0px","left":"8px"},"mts_header_icon_border":{"color":"#777","direction":"all","size":"1","style":"solid"},"mts_header_icon_border_radius":"0"},{"group_title":"Twitter","group_sort":"2","mts_header_icon_title":"Twitter","mts_header_icon":"twitter","mts_header_icon_link":"#","mts_header_icon_bgcolor":"#ffffff","mts_header_icon_hover_bgcolor":"#ffffff","mts_header_icon_color":"#8dbf42","mts_header_icon_hover_color":"#2e4152","mts_header_icon_margin":{"top":"0","right":"8px","bottom":"0","left":"0"},"mts_header_icon_padding":{"top":"0px","right":"8px","bottom":"0px","left":"8px"},"mts_header_icon_border":{"color":"#777","direction":"all","size":"1","style":"solid"},"mts_header_icon_border_radius":"0"},{"group_title":"Google Plus","group_sort":"3","mts_header_icon_title":"Google Plus","mts_header_icon":"google-plus","mts_header_icon_link":"#","mts_header_icon_bgcolor":"#ffffff","mts_header_icon_hover_bgcolor":"#ffffff","mts_header_icon_color":"#8dbf42","mts_header_icon_hover_color":"#2e4152","mts_header_icon_margin":{"top":"0","right":"8px","bottom":"0","left":"0"},"mts_header_icon_padding":{"top":"0px","right":"8px","bottom":"0px","left":"8px"},"mts_header_icon_border":{"color":"#777","direction":"all","size":"1","style":"solid"},"mts_header_icon_border_radius":"0"}],"mts_header_search":"1","header_search_position":"97","mts_header_section2":"1","mts_header_background":{"color":"#ffffff","use":"pattern","image_pattern":"nobg","image_upload":"","repeat":"repeat","attachment":"scroll","position":"left top","size":"cover","gradient":{"from":"#ffffff","to":"#000000","direction":"0deg"},"parallax":"0"},"mts_main_navigation_background":{"color":"#ffffff","use":"pattern","image_pattern":"nobg","image_upload":"","repeat":"repeat","attachment":"scroll","position":"left top","size":"cover","gradient":{"from":"#ffffff","to":"#000000","direction":"0deg"},"parallax":"0"},"main_navigation_dropdown_color":"#777777","main_navigation_dropdown_hover_color":"#8dbf42","mts_show_primary_nav":"0","mts_top_bar_background":{"color":"#ffffff","use":"pattern","image_pattern":"nobg","image_upload":"","repeat":"repeat","attachment":"scroll","position":"left top","size":"cover","gradient":{"from":"#ffffff","to":"#000000","direction":"0deg"},"parallax":"0"},"primary_navigation_font":{"preview-color":"light","font-family":"Montserrat","font-backup":"","font-weight":"normal","font-style":"","color":"#777","font-size":"13px","line-height":"","letter-spacing":"","margin-top":"","margin-bottom":"","css-selectors":"#primary-navigation a","additional-css":""},"mts_top_footer":"1","mts_top_footer_num":"3","footer_sections_position":"top","mts_copyrights":"Theme by <a href=\"http:\/\/mythemeshop.com\/\" rel=\"nofollow\">MyThemeShop<\/a>","mts_top_footer_margin":{"top":"0","right":"0","bottom":"0","left":"0"},"mts_top_footer_padding":{"top":"35px","right":"0","bottom":"10px","left":"0"},"mts_footer_background":{"color":"#2f944d","use":"pattern","image_pattern":"nobg","image_upload":"","repeat":"repeat","attachment":"scroll","position":"left top","size":"cover","gradient":{"from":"#ffffff","to":"#000000","direction":"0deg"},"parallax":"0"},"mts_copyrights_background":{"color":"#2f944d","use":"pattern","image_pattern":"nobg","image_upload":"","repeat":"repeat","attachment":"scroll","position":"left top","size":"cover","gradient":{"from":"#ffffff","to":"#000000","direction":"0deg"},"parallax":"0"},"copyrights_border":{"color":"#2c8847","direction":"top","size":"1","style":"solid"},"show_top_button":"1","top_button_icon":"angle-up","top_button_color":"#ffffff","top_button_color_hover":"#ffffff","top_button_background":"#222222","top_button_background_hover":"#8dbf42","top_button_font_size":"22","top_button_padding":{"top":"8px","right":"10px","bottom":"20px","left":"10px"},"top_button_position":{"top":"auto","right":"15px","bottom":"10px","left":"auto"},"top_button_border_radius":"30","top_button_border":{"color":"","direction":"all","size":"","style":"none"},"footer_nav_section":"1","footer_nav_alignment":"center","footer_nav_margin":{"top":"0","right":"0","bottom":"30px","left":"0"},"footer_nav_padding":{"top":"0","right":"0","bottom":"30px","left":"0"},"footer_nav_border":{"color":"#008b3e","direction":"bottom","size":"1","style":"solid"},"footer_nav_font":{"preview-color":"light","font-family":"Montserrat","font-backup":"","font-weight":"400","font-style":"","color":"#ffffff","font-size":"14px","line-height":"","letter-spacing":"","margin-top":"","margin-bottom":"","css-selectors":".footer-nav li a","additional-css":"text-transform: uppercase; letter-spacing: 2px;"},"footer_menu_item_margin":{"right":"20px","left":"20px"},"footer_nav_separator":"0","footer_nav_separator_content":"\u2022","footer_nav_separator_color":"#ffffff","footer_nav_separator_margin":{"right":"0","left":"0"},"footer_nav_social_icons":"0","footer_nav_social":[{"group_title":"Facebook","group_sort":"1","footer_nav_social_title":"Facebook","footer_nav_social_icon":"facebook","footer_nav_social_link":"#","footer_nav_social_bgcolor":"","footer_nav_social_hover_bgcolor":"","footer_nav_social_color":"#8dbf42","footer_nav_social_hover_color":"#ffffff","footer_nav_social_margin":{"top":"0","right":"45px","bottom":"0","left":"40px"},"footer_nav_social_padding":{"top":"0","right":"0","bottom":"0","left":"0"},"footer_nav_social_border_radius":"0","footer_nav_social_border_size":"1","footer_nav_social_border_style":"none","footer_nav_social_border_color":"#dddddd"},{"group_title":"Twitter","group_sort":"2","footer_nav_social_title":"Twitter","footer_nav_social_icon":"twitter","footer_nav_social_link":"#","footer_nav_social_bgcolor":"","footer_nav_social_hover_bgcolor":"","footer_nav_social_color":"#8dbf42","footer_nav_social_hover_color":"#ffffff","footer_nav_social_margin":{"top":"0","right":"45px","bottom":"0","left":"40px"},"footer_nav_social_padding":{"top":"0","right":"0","bottom":"0","left":"0"},"footer_nav_social_border_radius":"0","footer_nav_social_border_size":"1","footer_nav_social_border_style":"none","footer_nav_social_border_color":"#dddddd"},{"group_title":"Pinterest","group_sort":"3","footer_nav_social_title":"Pinterest","footer_nav_social_icon":"google-plus","footer_nav_social_link":"#","footer_nav_social_bgcolor":"","footer_nav_social_hover_bgcolor":"","footer_nav_social_color":"#8dbf42","footer_nav_social_hover_color":"#ffffff","footer_nav_social_margin":{"top":"0","right":"45px","bottom":"0","left":"0"},"footer_nav_social_padding":{"top":"0","right":"0","bottom":"0","left":"0"},"footer_nav_social_border_radius":"0","footer_nav_social_border_size":"1","footer_nav_social_border_style":"none","footer_nav_social_border_color":"#dddddd"}],"footer_nav_social_font_size":"19","footer_brands_section":"0","footer_brands_alignment":"center","brands_section_title":"Our Brands:","footer_brands_items":[{"group_title":"","group_sort":"1","brand_title":"Yahoo!","brand_image":"https:\/\/demo.mythemeshop.com\/cyprus\/files\/2018\/10\/brand-2-1.png","brand_url":"#"},{"group_title":"","group_sort":"2","brand_title":"Google","brand_image":"https:\/\/demo.mythemeshop.com\/cyprus\/files\/2018\/10\/brand-1-1.png","brand_url":"#"}],"brands_margin":{"top":"0","right":"0","bottom":"0","left":"0"},"brands_padding":{"top":"40px","right":"0","bottom":"27px","left":"0"},"brands_border":{"color":"#008b3e","direction":"top","size":"1","style":"solid"},"social_button_layout":"circwithname","mts_social_button_position":"top","mts_social_buttons_on_pages":"0","mts_social_buttons":{"enabled":{"facebookshare":"Facebook Share","twitter":"Twitter","gplus":"Google Plus","linkedin":"LinkedIn","reddit":"Reddit"},"disabled":{"pinterest":"Pinterest","stumble":"StumbleUpon","facebook":"Facebook Like"}},"social_styling_margin":{"top":"0","right":"0","bottom":"0","left":"-152px"},"social_styling_box_shadow":"1","social_floating_button_position":{"top":"auto","right":"auto","bottom":"282px","left":"auto"},"social_styling_border":{"color":"","direction":"all","size":"","style":"none"},"social_styling_background":{"color":"","use":"pattern","image_pattern":"nobg","image_upload":"","repeat":"repeat","attachment":"scroll","position":"left top","size":"cover","gradient":{"from":"#ffffff","to":"#000000","direction":"0deg"},"parallax":"0"},"detect_adblocker":"0","detect_adblocker_type":"popup","detect_adblocker_title":"Ad Blocker Detected","detect_adblocker_description":"Our website is made possible by displaying online advertisements to our visitors. Please consider supporting us by disabling your ad blocker.","background_clickable":"0","background_link":"","background_link_new_tab":"1","mts_header_adcode":"","header_adcode_show":"all","header_ad_size":"27","mts_header_adcode_margin":{"top":"20px","bottom":"0"},"navigation_ad":"0","navigation_adcode":"","navigation_ad_size":"26","navigation_ad_background":"#252525","mts_postfooter_adcode":"","mts_postfooter_adcode_time":"0","mts_posttop_adcode":"","mts_posttop_adcode_time":"0","mts_postend_adcode":"","mts_postend_adcode_time":"0","search_content":"all","search_results_per_page":"9","search_position":"above","mts_header_code":"","mts_analytics_code":"","mts_custom_css":"","retina_images":"1","images_responsive":"0","status_opengraph":"1","dynamic_css_compiler":"1","dynamic_css_db_caching":"0","cache_server_ip":""},"cyprus_homepage":{"last_tab":"homepage-5bc43834926ed","mts_featured_categories":[{"group_title":"","group_sort":"1","mts_featured_title":"Latest","unique_id":"5bc43834926ed","mts_thumb_layout":"layout-default","mts_featured_category":"latest","mts_featured_category_postsnum":"6","mts_featured_category_excerpt":"29"}],"mts_featured_category_title_5bc43834926ed":"0","mts_post_title_alignment_5bc43834926ed":"left","mts_featured_category_title_background_5bc43834926ed":{"color":"#ffffff","use":"pattern","image_pattern":"nobg","image_upload":"","repeat":"repeat","attachment":"scroll","position":"left top","size":"cover","gradient":{"from":"#ffffff","to":"#000000","direction":"0deg"},"parallax":"0"},"mts_featured_category_title_margin_5bc43834926ed":{"top":"0","bottom":"0"},"mts_featured_category_title_padding_5bc43834926ed":{"top":"0","right":"0","bottom":"0","left":"0"},"featured_category_title_border_5bc43834926ed":{"color":"","direction":"all","size":"","style":"none"},"mts_featured_category_title_font_5bc43834926ed":{"preview-color":"light","font-family":"Montserrat","font-backup":"","font-weight":"700","font-style":"","color":"#222222","font-size":"34px","line-height":"44px","letter-spacing":"","margin-top":"","margin-bottom":"","css-selectors":".title-container.title-id-5bc43834926ed h3.featured-category-title","additional-css":""},"mts_home_headline_meta_info5bc43834926ed":{"enabled":{"author":"Author Name","date":"Date"},"disabled":{"category":"Categories","comment":"Comment Count"}},"mts_meta_info_author_icon_5bc43834926ed":"user-circle-o","mts_meta_info_author_divider_5bc43834926ed":"\/","mts_meta_info_author_margin_5bc43834926ed":{"right":"7px","left":"-12px"},"mts_meta_info_date_icon_5bc43834926ed":"calendar-o","mts_meta_info_date_divider_5bc43834926ed":"","mts_meta_info_date_margin_5bc43834926ed":{"right":"0","left":"0"},"mts_meta_info_category_icon_5bc43834926ed":"","mts_meta_info_category_divider_5bc43834926ed":"","mts_meta_info_category_margin_5bc43834926ed":{"right":"0","left":"0"},"mts_meta_info_comment_icon_5bc43834926ed":"","mts_meta_info_comment_divider_5bc43834926ed":"","mts_meta_info_comment_margin_5bc43834926ed":{"right":"0","left":"0"},"mts_meta_info_background_5bc43834926ed":"","mts_meta_info_margin_5bc43834926ed":{"top":"20px","right":"0","bottom":"0","left":"0"},"mts_meta_info_padding_5bc43834926ed":{"top":"0","right":"0","bottom":"0","left":"0"},"mts_meta_info_font_5bc43834926ed":{"preview-color":"light","font-family":"Montserrat","font-backup":"","font-weight":"400","font-style":"","color":"#555555","font-size":"14px","line-height":"","letter-spacing":"","margin-top":"0px","margin-bottom":"10px","css-selectors":".layout-5bc43834926ed .latestPost .post-info, .layout-5bc43834926ed .latestPost .post-info a","additional-css":""},"readmore_5bc43834926ed":"0","mts_featured_category_background_5bc43834926ed":{"color":"","use":"pattern","image_pattern":"nobg","image_upload":"","repeat":"repeat","attachment":"scroll","position":"left top","size":"cover","gradient":{"from":"#ffffff","to":"#000000","direction":"0deg"},"parallax":"0"},"mts_featured_category_box_shadow_5bc43834926ed":"0","featured_category_border_5bc43834926ed":{"color":"","direction":"all","size":"","style":"none"},"mts_featured_category_margin_5bc43834926ed":{"top":"0","bottom":"35px"},"mts_featured_category_padding_5bc43834926ed":{"top":"0","right":"0","bottom":"0","left":"0"},"mts_featured_category_font_5bc43834926ed":{"preview-color":"light","font-family":"Montserrat","font-backup":"","font-weight":"600","font-style":"","color":"#555555","font-size":"36px","line-height":"40px","letter-spacing":"","margin-top":"","margin-bottom":"","css-selectors":".layout-5bc43834926ed .latestPost .title a","additional-css":""},"mts_featured_category_excerpt_font_5bc43834926ed":{"preview-color":"light","font-family":"Montserrat","font-backup":"","font-weight":"400","font-style":"","color":"#555555","font-size":"17px","line-height":"24px","letter-spacing":"","margin-top":"","margin-bottom":"","css-selectors":".layout-5bc43834926ed .latestPost .front-view-content","additional-css":""},"mts_pagenavigation_type":"0","load_more_alignment":"center","mts_pagenavigation_bgcolor":"#555555","mts_pagenavigation_hover_bgcolor":"#8dbf42","mts_pagenavigation_color":"#ffffff","mts_pagenavigation_hover_color":"#ffffff","mts_pagenavigation_margin":{"top":"0","right":"5px","bottom":"0","left":"0"},"mts_pagenavigation_padding":{"top":"10px","right":"13px","bottom":"10px","left":"13px"},"mts_pagenavigation_border_radius":"","pagenavigation_border":{"color":"","direction":"all","size":"","style":"none"}},"cyprus_sidebars":{"last_tab":"sidebars-general","mts_sidebar_for_home":"mts_defaultsidebar","mts_sidebar_for_post":"mts_defaultsidebar","mts_sidebar_for_page":"mts_defaultsidebar","mts_sidebar_for_archive":"mts_defaultsidebar","mts_sidebar_for_category":"mts_defaultsidebar","mts_sidebar_for_tag":"mts_defaultsidebar","mts_sidebar_for_date":"mts_defaultsidebar","mts_sidebar_for_author":"mts_defaultsidebar","mts_sidebar_for_search":"mts_defaultsidebar","mts_sidebar_for_notfound":"mts_defaultsidebar","mts_sidebar_for_shop":"mts_defaultsidebar","mts_sidebar_for_product":"mts_defaultsidebar","mts_sidebar_title_styling_background":{"color":"#ffffff","use":"pattern","image_pattern":"nobg","image_upload":"","repeat":"repeat","attachment":"scroll","position":"left top","size":"cover","gradient":{"from":"#ffffff","to":"#000000","direction":"0deg"},"parallax":"0"},"mts_sidebar_title_styling_margin":{"top":"0","bottom":"15px"},"mts_sidebar_title_styling_padding":{"top":"0","right":"0","bottom":"0","left":"0"},"widget_title_border":{"color":"","direction":"all","size":"","style":"none"},"mts_sidebar_styling_background":{"color":"#ffffff","use":"pattern","image_pattern":"nobg","image_upload":"","repeat":"repeat","attachment":"scroll","position":"left top","size":"cover","gradient":{"from":"#ffffff","to":"#000000","direction":"0deg"},"parallax":"0"},"mts_sidebar_styling_padding":{"top":"40px","right":"30px","bottom":"40px","left":"30px"},"mts_sidebar_styling_box_shadow":"1","sidebar_styling_border":{"color":"","direction":"all","size":"","style":"none"}},"cyprus_single":{"last_tab":"single-styling","mts_show_featured":"1","featured_image_size":"default","featured_image_margin":{"top":"0","right":"0","bottom":"0","left":"0"},"featured_text_alignment":"left","author_image_on_full":"0","mts_single_post_layout":{"enabled":{"author":"Author Box","content":"Post Content","related":"Related Posts","subscribe":"Subscribe Box"},"disabled":{"tags":"Tags"}},"related_post_title":"Related Posts","mts_related_posts_taxonomy":"categories","mts_single_headline_meta_info":{"enabled":{"author":"Author Name","date":"Date"},"disabled":{"comment":"Comment Count","category":"Categories"}},"mts_single_meta_info_author_icon":"","mts_single_meta_info_author_divider":"","mts_single_meta_info_author_margin":{"right":"0","left":"0"},"mts_single_meta_info_date_icon":"","mts_single_meta_info_date_divider":"","mts_single_meta_info_date_margin":{"right":"0","left":"0"},"mts_single_meta_info_comment_icon":"comments","mts_single_meta_info_comment_divider":"","mts_single_meta_info_comment_margin":{"right":"0","left":"0"},"mts_single_meta_info_category_icon":"tags","mts_single_meta_info_category_divider":"","mts_single_meta_info_category_margin":{"right":"0","left":"0"},"mts_breadcrumb":"0","breadcrumb_icon":"caret-right","breadcrumb_font":{"preview-color":"light","font-family":"Montserrat","font-backup":"","font-weight":"400","font-style":"","color":"#555555","font-size":"16px","line-height":"","letter-spacing":"","margin-top":"","margin-bottom":"","css-selectors":".breadcrumb","additional-css":""},"mts_author_comment":"1","mts_comment_date":"1","single_title_alignment":"left","single_title_background":{"color":"#ffffff","use":"pattern","image_pattern":"nobg","image_upload":"","repeat":"repeat","attachment":"scroll","position":"left top","size":"cover","gradient":{"from":"#ffffff","to":"#000000","direction":"0deg"},"parallax":"0"},"single_title_padding":{"top":"0","right":"0","bottom":"0","left":"0"},"single_title_border":{"color":"","direction":"all","size":"","style":"none"},"single_page_titles_font":{"preview-color":"light","font-family":"Montserrat","font-backup":"","font-weight":"500","font-style":"","color":"#555555","font-size":"30px","line-height":"","letter-spacing":"","margin-top":"","margin-bottom":"","css-selectors":"#respond h4, .total-comments, .related-posts h4","additional-css":""},"single_background":{"color":"","use":"pattern","image_pattern":"nobg","image_upload":"","repeat":"repeat","attachment":"scroll","position":"left top","size":"cover","gradient":{"from":"#ffffff","to":"#000000","direction":"0deg"},"parallax":"0"},"mts_single_styling_margin":{"top":"0","bottom":"35px"},"mts_single_styling_padding":{"top":"0","right":"0","bottom":"0","left":"0"},"mts_single_styling_box_shadow":"0","single_styling_border":{"color":"","direction":"all","size":"","style":"none"},"mts_single_meta_info_font":{"preview-color":"light","font-family":"Montserrat","font-backup":"","font-weight":"400","font-style":"","color":"#555555","font-size":"14px","line-height":"1","letter-spacing":"","margin-top":"10px","margin-bottom":"","css-selectors":".single_post .post-info, .single_post .post-info a, .single-full-header .post-info, .single-full-header .post-info a","additional-css":""},"related_posts_background":{"color":"","use":"pattern","image_pattern":"nobg","image_upload":"","repeat":"repeat","attachment":"scroll","position":"left top","size":"cover","gradient":{"from":"#ffffff","to":"#000000","direction":"0deg"},"parallax":"0"},"related_posts_layouts":"default","related_posts_grid":"grid4","mts_related_postsnum":"4","related_posts_excerpt_length":"40","related_posts_image_position":"60","related_posts_adcode":"","related_posts_position":"full","related_post_meta_info":{"author":"author","time":"time"},"related_posts_margin":{"top":"0","right":"0","bottom":"60px","left":"0"},"related_posts_padding":{"top":"0","right":"0","bottom":"0","left":"0"},"related_big_posts_font":{"preview-color":"light","font-family":"Montserrat","font-backup":"","font-weight":"500","font-style":"","color":"#555555","font-size":"26px","line-height":"34px","letter-spacing":"","margin-top":"","margin-bottom":"","css-selectors":".related-posts.related4 .latestPost.big .title a","additional-css":""},"related_posts_excerpt_font":{"preview-color":"light","font-family":"Montserrat","font-backup":"","font-weight":"400","font-style":"","color":"#9d9a9a","font-size":"17px","line-height":"24px","letter-spacing":"","margin-top":"","margin-bottom":"","css-selectors":".related-posts.related4 .front-view-content","additional-css":""},"related_posts_font":{"preview-color":"light","font-family":"Montserrat","font-backup":"","font-weight":"400","font-style":"","color":"#555555","font-size":"16px","line-height":"","letter-spacing":"","margin-top":"","margin-bottom":"","css-selectors":".related-posts .title a","additional-css":""},"related_posts_meta_font":{"preview-color":"light","font-family":"Montserrat","font-backup":"","font-weight":"400","font-style":"","color":"#8b8787","font-size":"14px","line-height":"","letter-spacing":"","margin-top":"","margin-bottom":"","css-selectors":".related-posts .post-info, .related-posts .post-info a","additional-css":"text-transform: uppercase;"},"related_article_background":{"color":"#ffffff","use":"pattern","image_pattern":"nobg","image_upload":"","repeat":"repeat","attachment":"scroll","position":"left top","size":"cover","gradient":{"from":"#ffffff","to":"#000000","direction":"0deg"},"parallax":"0"},"related_article_padding":{"top":"0","right":"0","bottom":"0","left":"0"},"related_article_text_padding":{"top":"0","right":"0","bottom":"0","left":"0"},"single_subscribe_box":"1","single_subscribe_background":{"color":"#ffffff","use":"pattern","image_pattern":"nobg","image_upload":"","repeat":"repeat","attachment":"scroll","position":"left top","size":"cover","gradient":{"from":"#ffffff","to":"#000000","direction":"0deg"},"parallax":"0"},"single_subscribe_margin":{"top":"30px","right":"0","bottom":"30px","left":"0"},"single_subscribe_padding":{"top":"25px","right":"25px","bottom":"25px","left":"25px"},"single_subscribe_border_radius":"0","single_subscribe_border":{"color":"#8dbf42","direction":"left","size":"6","style":"solid"},"single_subscribe_title_font":{"preview-color":"light","font-family":"Montserrat","font-backup":"","font-weight":"500","font-style":"","color":"#8dbf42","font-size":"24px","line-height":"","letter-spacing":"","margin-top":"","margin-bottom":"","css-selectors":".single-subscribe .widget #wp-subscribe .title","additional-css":""},"single_subscribe_text_font":{"preview-color":"light","font-family":"Montserrat","font-backup":"","font-weight":"400","font-style":"","color":"#555555","font-size":"16px","line-height":"","letter-spacing":"","margin-top":"","margin-bottom":"","css-selectors":".single-subscribe .widget #wp-subscribe p.text, .single-subscribe .widget .wp-subscribe .wps-consent-wrapper label, .single-subscribe .widget .wp-subscribe-wrap .error, .single-subscribe .widget .wp-subscribe-wrap .thanks","additional-css":""},"single_subscribe_input_background":"#f4f4f4","single_subscribe_input_height":"50","single_subscribe_input_border_radius":"3","single_subscribe_input_border":{"color":"","direction":"all","size":"","style":"none"},"single_subscribe_input_font":{"preview-color":"light","font-family":"Montserrat","font-backup":"","font-weight":"400","font-style":"","color":"#555555","font-size":"14px","line-height":"","letter-spacing":"","margin-top":"","margin-bottom":"","css-selectors":".single-subscribe .widget #wp-subscribe input.email-field, .single-subscribe .widget #wp-subscribe input.name-field","additional-css":""},"single_subscribe_submit_backgroud":"#8dbf42","single_subscribe_submit_border_radius":"4","single_subscribe_submit_border":{"color":"","direction":"all","size":"","style":"none"},"single_subscribe_submit_padding":{"top":"10px","right":"0","bottom":"10px","left":"0"},"single_subscribe_submit_font":{"preview-color":"dark","font-family":"Montserrat","font-backup":"","font-weight":"500","font-style":"","color":"#ffffff","font-size":"15px","line-height":"","letter-spacing":"","margin-top":"","margin-bottom":"","css-selectors":".single-subscribe .widget #wp-subscribe input.submit","additional-css":""},"single_subscribe_small_text_font":{"preview-color":"light","font-family":"Montserrat","font-backup":"","font-weight":"400","font-style":"","color":"#555555","font-size":"13px","line-height":"20px","letter-spacing":"","margin-top":"","margin-bottom":"","css-selectors":".single-subscribe .widget .wp-subscribe-wrap p.footer-text","additional-css":""},"single_authorbox_background":{"color":"#ffffff","use":"pattern","image_pattern":"nobg","image_upload":"","repeat":"repeat","attachment":"scroll","position":"left top","size":"cover","gradient":{"from":"#ffffff","to":"#000000","direction":"0deg"},"parallax":"0"},"single_authorbox_margin":{"top":"0","right":"0","bottom":"30px","left":"0"},"single_authorbox_padding":{"top":"30px","right":"30px","bottom":"30px","left":"30px"},"single_authorbox_border_radius":"0","single_authorbox_border":{"color":"#8dbf42","direction":"left","size":"6","style":"solid"},"single_authorbox_title_font":{"preview-color":"light","font-family":"Montserrat","font-backup":"","font-weight":"500","font-style":"","color":"#000000","font-size":"24px","line-height":"42px","letter-spacing":"","margin-top":"","margin-bottom":"","css-selectors":".postauthor h4","additional-css":""},"single_authorbox_author_name_font":{"preview-color":"light","font-family":"Montserrat","font-backup":"","font-weight":"500","font-style":"","color":"#000000","font-size":"18px","line-height":"26px","letter-spacing":"","margin-top":"","margin-bottom":"","css-selectors":".postauthor h5, .postauthor h5 a","additional-css":""},"single_authorbox_text_font":{"preview-color":"light","font-family":"Montserrat","font-backup":"","font-weight":"400","font-style":"","color":"#222222","font-size":"16px","line-height":"28px","letter-spacing":"","margin-top":"","margin-bottom":"","css-selectors":".postauthor p","additional-css":""},"single_author_image_margin":{"top":"4px","right":"20px","bottom":"0","left":"0"},"single_author_image_border_radius":"0"},"cyprus_typography":{"last_tab":"typography-collection","cyprus_logo":{"preview-color":"light","font-family":"Quicksand","font-backup":"","font-weight":"500","font-style":"","color":"#8dbf42","font-size":"38px","line-height":"","letter-spacing":"","margin-top":"","margin-bottom":"","css-selectors":"#logo a","additional-css":""},"secondary_navigation_font":{"preview-color":"light","font-family":"Montserrat","font-backup":"","font-weight":"400","font-style":"","color":"#555555","font-size":"16px","line-height":"","letter-spacing":"","margin-top":"","margin-bottom":"","css-selectors":"#secondary-navigation a, .header-5 .navigation .toggle-caret, .header-search-icon","additional-css":"text-transform: uppercase;"},"home_title_font":{"preview-color":"light","font-family":"Montserrat","font-backup":"","font-weight":"700","font-style":"","color":"#555555","font-size":"34px","line-height":"","letter-spacing":"","margin-top":"","margin-bottom":"","css-selectors":".latestPost .title a","additional-css":""},"single_title_font":{"preview-color":"light","font-family":"Montserrat","font-backup":"","font-weight":"700","font-style":"","color":"#555555","font-size":"45px","line-height":"1.3","letter-spacing":"","margin-top":"","margin-bottom":"","css-selectors":".single-title","additional-css":""},"content_font":{"preview-color":"light","font-family":"Montserrat","font-backup":"","font-weight":"400","font-style":"","color":"#555555","font-size":"18px","line-height":"36px","letter-spacing":"","margin-top":"","margin-bottom":"","css-selectors":"body","additional-css":""},"sidebar_title_font":{"preview-color":"light","font-family":"Montserrat","font-backup":"","font-weight":"500","font-style":"","color":"#8dbf42","font-size":"24px","line-height":"","letter-spacing":"","margin-top":"","margin-bottom":"","css-selectors":"#sidebar .widget h3.widget-title","additional-css":""},"sidebar_url":{"preview-color":"light","font-family":"Montserrat","font-backup":"","font-weight":"400","font-style":"","color":"#555555","font-size":"16px","line-height":"24px","letter-spacing":"","margin-top":"","margin-bottom":"","css-selectors":"#sidebar .widget a","additional-css":""},"sidebar_font":{"preview-color":"light","font-family":"Montserrat","font-backup":"","font-weight":"400","font-style":"","color":"#8e8e8e","font-size":"16px","line-height":"24px","letter-spacing":"","margin-top":"","margin-bottom":"","css-selectors":"#sidebar .widget","additional-css":""},"top_footer_title_font":{"preview-color":"dark","font-family":"Montserrat","font-backup":"","font-weight":"500","font-style":"","color":"#ffffff","font-size":"18px","line-height":"25px","letter-spacing":"","margin-top":"","margin-bottom":"","css-selectors":".footer-widgets h3, #site-footer .widget #wp-subscribe .title, .brands-title","additional-css":"text-transform: uppercase;"},"top_footer_link_font":{"preview-color":"dark","font-family":"Montserrat","font-backup":"","font-weight":"500","font-style":"","color":"#d7dfce","font-size":"14px","line-height":"20px","letter-spacing":"","margin-top":"","margin-bottom":"","css-selectors":".f-widget a, footer .wpt_widget_content a, footer .wp_review_tab_widget_content a, footer .wpt_tab_widget_content a, footer .widget .wp_review_tab_widget_content a","additional-css":"letter-spacing: 2px;"},"top_footer_font":{"preview-color":"dark","font-family":"Montserrat","font-backup":"","font-weight":"500","font-style":"","color":"#d7dfce","font-size":"14px","line-height":"","letter-spacing":"","margin-top":"","margin-bottom":"","css-selectors":".footer-widgets, .f-widget .top-posts .comment_num, footer .meta, footer .twitter_time, footer .widget .wpt_widget_content .wpt-postmeta, footer .widget .wpt_comment_content, footer .widget .wpt_excerpt, footer .wp_review_tab_widget_content .wp-review-tab-postmeta, footer .advanced-recent-posts p, footer .popular-posts p, footer .category-posts p, footer .widget .post-info","additional-css":"letter-spacing: 1px;"},"copyrights_font":{"preview-color":"dark","font-family":"Montserrat","font-backup":"","font-weight":"400","font-style":"","color":"#bcd0a7","font-size":"14px","line-height":"17px","letter-spacing":"","margin-top":"","margin-bottom":"","css-selectors":"#copyright-note","additional-css":"text-align: center;"},"h1_headline":{"preview-color":"light","font-family":"Montserrat","font-backup":"","font-weight":"500","font-style":"","color":"#555555","font-size":"28px","line-height":"","letter-spacing":"","margin-top":"","margin-bottom":"","css-selectors":"h1","additional-css":""},"h2_headline":{"preview-color":"light","font-family":"Montserrat","font-backup":"","font-weight":"500","font-style":"","color":"#555555","font-size":"24px","line-height":"","letter-spacing":"","margin-top":"","margin-bottom":"","css-selectors":"h2","additional-css":""},"h3_headline":{"preview-color":"light","font-family":"Montserrat","font-backup":"","font-weight":"500","font-style":"","color":"#555555","font-size":"22px","line-height":"","letter-spacing":"","margin-top":"","margin-bottom":"","css-selectors":"h3","additional-css":""},"h4_headline":{"preview-color":"light","font-family":"Montserrat","font-backup":"","font-weight":"500","font-style":"","color":"#555555","font-size":"20px","line-height":"","letter-spacing":"","margin-top":"","margin-bottom":"","css-selectors":"h4","additional-css":""},"h5_headline":{"preview-color":"light","font-family":"Montserrat","font-backup":"","font-weight":"500","font-style":"","color":"#555555","font-size":"18px","line-height":"","letter-spacing":"","margin-top":"","margin-bottom":"","css-selectors":"h5","additional-css":""},"h6_headline":{"preview-color":"light","font-family":"Montserrat","font-backup":"","font-weight":"500","font-style":"","color":"#555555","font-size":"16px","line-height":"","letter-spacing":"","margin-top":"","margin-bottom":"","css-selectors":"h6","additional-css":""},"typography-subsets":{"latin":"latin"}},"mts-opts-backup":"1"}
