{"sidebar":{"wp_subscribe-1":{"title":"Join the MyThemeShop Community!","service":"mailchimp","aweber_consumer_key":"","aweber_consumer_secret":"","aweber_access_key":"","aweber_access_secret":"","aweber_account_id":"","aweber_list_id":"none","feedburner_id":"","mailchimp_api_key":"","mailchimp_list_id":"none","mailchimp_double_optin":"0","include_name_field":"1","text":"Be the first to get the coolest money tips in town","name_placeholder":"First name","email_placeholder":"Your email","consent_text":"subscribe to newsletter","button_text":"Subscribe","success_message":"Thank you for subscribing.","error_message":"Something went wrong.","footer_text":"","activecampaignapikey":"","activecampaignapiurl":"","activecampaignlistid":"none","acumbamail_customer_id":"","acumbamail_api_token":"","acumbamail_list_id":"none","acumbamail_double_optin":"0","benchmark_user":"","benchmark_pass":"","benchmark_list_name":"none","benchmark_double_optin":"0","constantcontact_api_key":"","constantcontact_token":"","constantcontact_list_id":"none","drip_account_id":"","drip_api_token":"","drip_list_id":"none","drip_double_optin":"0","freshmail_api_key":"","freshmail_api_secret":"","freshmail_list_id":"none","freshmail_double_optin":"0","getresponse_api_key":"","getresponse_list_id":"none","madmimi_username":"","madmimi_api_key":"","madmimi_list_id":"none","mailerlite_api_key":"","mailerlite_list_id":"none","mailerlite_double_optin":"0","mailrelay_api_key":"","mailrelay_host":"","mailrelay_group_id":"none","sendgrid_api_key":"","sendgrid_list_id":"none","sendinblue_api_key":"","sendinblue_list_id":"none","sendy_api_url":"","sendy_api_key":"","sendy_list_id":"","convertkit_api_key":"","convertkit_form_id":"none","markethero_api_key":"","markethero_tag_id":"none","thanks_page":"0","thanks_page_url":"","thanks_page_new_window":"1","background_color":"","title_color":"","text_color":"","field_text_color":"","field_background_color":"","button_text_color":"","button_background_color":"","footer_text_color":""},"mts_popular_posts_widget-1":{"title":"Popular Posts","qty":5,"title_length":7,"comment_num":0,"date":0,"days":999,"show_thumb3":1,"box_layout":"horizontal-small","border_radius":5,"show_excerpt":0,"excerpt_length":10},"mts_ad_300_widget-1":{"title":"Our Sponser","ad":"https:\/\/demo.mythemeshop.com\/cyprus\/files\/2018\/10\/blog-300.jpg","link":"http:\/\/mythemeshop.com\/themes\/cyprus\/"},"mts_recent_posts_widget-1":{"title":"Recent Posts","qty":5,"title_length":7,"comment_num":0,"date":0,"show_thumb2":1,"box_layout":"horizontal-small","border_radius":5,"show_excerpt":0,"excerpt_length":10}},"single-subscribe":{"wp_subscribe-2":{"title":"Get more stuff","service":"mailchimp","activecampaignapikey":"","activecampaignapiurl":"","activecampaignlistid":"none","acumbamail_customer_id":"","acumbamail_api_token":"","acumbamail_list_id":"none","acumbamail_double_optin":"0","aweber_consumer_key":"","aweber_consumer_secret":"","aweber_access_key":"","aweber_access_secret":"","aweber_account_id":"","aweber_list_id":"none","benchmark_user":"","benchmark_pass":"","benchmark_list_name":"none","benchmark_double_optin":"0","constantcontact_api_key":"","constantcontact_token":"","constantcontact_list_id":"none","drip_account_id":"","drip_api_token":"","drip_list_id":"none","drip_double_optin":"0","feedburner_id":"","freshmail_api_key":"","freshmail_api_secret":"","freshmail_list_id":"none","freshmail_double_optin":"0","getresponse_api_key":"","getresponse_list_id":"none","madmimi_username":"","madmimi_api_key":"","madmimi_list_id":"none","mailchimp_api_key":"","mailchimp_list_id":"none","mailchimp_double_optin":"0","mailerlite_api_key":"","mailerlite_list_id":"none","mailerlite_double_optin":"0","mailrelay_api_key":"","mailrelay_host":"","mailrelay_group_id":"none","sendgrid_api_key":"","sendgrid_list_id":"none","sendinblue_api_key":"","sendinblue_list_id":"none","sendy_api_url":"","sendy_api_key":"","sendy_list_id":"","convertkit_api_key":"","convertkit_form_id":"none","markethero_api_key":"","markethero_tag_id":"none","include_name_field":"1","thanks_page":"0","thanks_page_url":"","thanks_page_new_window":"0","text":"Subscribe to our mailing list and get interesting stuff and updates to your email inbox.","name_placeholder":"Enter your name here","email_placeholder":"Enter your email here","consent_text":"I consent to my submitted data being collected via this form*","button_text":"Sign Up Now","success_message":"Thank you for subscribing.","error_message":"Something went wrong.","footer_text":"The form collects name and email so that we can add you to our newsletter list for project updates. Checkout our <a href=\"#\">privacy policy<\/a> for the full story on how we protect and manage your submitted data!","background_color":"","title_color":"","text_color":"","field_text_color":"","field_background_color":"","button_text_color":"","button_background_color":"","footer_text_color":""}},"footer-top-1":{"text-1":{"title":"","text":"<a style=\"color: #fff; font-size: 30px;\" href=\"https:\/\/demo.mythemeshop.com\/cyprus\/\">Cyprus<\/a>","filter":true,"visual":true},"archives-3":{"title":"","count":0,"dropdown":0}},"footer-top-2":{"categories-3":{"title":"","count":1,"hierarchical":0,"dropdown":0}},"footer-top-3":{"tag_cloud-1":{"title":"","count":0,"taxonomy":"post_tag"}},"post-layout-1article":{"wp_subscribe-3":{"title":"Want to learn new ways to make extra money?","service":"mailchimp","aweber_consumer_key":"","aweber_consumer_secret":"","aweber_access_key":"","aweber_access_secret":"","aweber_account_id":"","aweber_list_id":"none","feedburner_id":"","mailchimp_api_key":"","mailchimp_list_id":"none","mailchimp_double_optin":"0","include_name_field":"1","text":"Join the family to get updates from us and tons of cool freebies:","name_placeholder":"First name","email_placeholder":"Your email","consent_text":"subscribe to newsletter","button_text":"Subscribe","success_message":"Thank you for subscribing.","error_message":"Something went wrong.","footer_text":"","activecampaignapikey":"","activecampaignapiurl":"","activecampaignlistid":"none","acumbamail_customer_id":"","acumbamail_api_token":"","acumbamail_list_id":"none","acumbamail_double_optin":"0","benchmark_user":"","benchmark_pass":"","benchmark_list_name":"none","benchmark_double_optin":"0","constantcontact_api_key":"","constantcontact_token":"","constantcontact_list_id":"none","drip_account_id":"","drip_api_token":"","drip_list_id":"none","drip_double_optin":"0","freshmail_api_key":"","freshmail_api_secret":"","freshmail_list_id":"none","freshmail_double_optin":"0","getresponse_api_key":"","getresponse_list_id":"none","madmimi_username":"","madmimi_api_key":"","madmimi_list_id":"none","mailerlite_api_key":"","mailerlite_list_id":"none","mailerlite_double_optin":"0","mailrelay_api_key":"","mailrelay_host":"","mailrelay_group_id":"none","sendgrid_api_key":"","sendgrid_list_id":"none","sendinblue_api_key":"","sendinblue_list_id":"none","sendy_api_url":"","sendy_api_key":"","sendy_list_id":"","convertkit_api_key":"","convertkit_form_id":"none","markethero_api_key":"","markethero_tag_id":"none","thanks_page":"0","thanks_page_url":"","thanks_page_new_window":"1","background_color":"","title_color":"","text_color":"","field_text_color":"","field_background_color":"","button_text_color":"","button_background_color":"","footer_text_color":""}},"post-layout-3featured":{"mts_popular_posts_widget-2":{"title":"Top Posts","qty":5,"title_length":7,"comment_num":0,"date":0,"days":999,"show_thumb3":1,"box_layout":"horizontal-small","border_radius":0,"show_excerpt":0,"excerpt_length":10}},"post-layout-subscribelatest":{"wp_subscribe-4":{"title":"Join the MyThemeShop Community today!","service":"feedburner","aweber_consumer_key":"","aweber_consumer_secret":"","aweber_access_key":"","aweber_access_secret":"","aweber_account_id":"","aweber_list_id":"none","feedburner_id":"","mailchimp_api_key":"","mailchimp_list_id":"none","mailchimp_double_optin":"0","include_name_field":"0","text":"","name_placeholder":"Enter your name here","email_placeholder":"Your email","consent_text":"","button_text":"Subscribe","success_message":"Thank you for subscribing.","error_message":"Something went wrong.","footer_text":"","activecampaignapikey":"","activecampaignapiurl":"","activecampaignlistid":"none","acumbamail_customer_id":"","acumbamail_api_token":"","acumbamail_list_id":"none","acumbamail_double_optin":"0","benchmark_user":"","benchmark_pass":"","benchmark_list_name":"none","benchmark_double_optin":"0","constantcontact_api_key":"","constantcontact_token":"","constantcontact_list_id":"none","drip_account_id":"","drip_api_token":"","drip_list_id":"none","drip_double_optin":"0","freshmail_api_key":"","freshmail_api_secret":"","freshmail_list_id":"none","freshmail_double_optin":"0","getresponse_api_key":"","getresponse_list_id":"none","madmimi_username":"","madmimi_api_key":"","madmimi_list_id":"none","mailerlite_api_key":"","mailerlite_list_id":"none","mailerlite_double_optin":"0","mailrelay_api_key":"","mailrelay_host":"","mailrelay_group_id":"none","sendgrid_api_key":"","sendgrid_list_id":"none","sendinblue_api_key":"","sendinblue_list_id":"none","sendy_api_url":"","sendy_api_key":"","sendy_list_id":"","convertkit_api_key":"","convertkit_form_id":"none","markethero_api_key":"","markethero_tag_id":"none","thanks_page":"0","thanks_page_url":"","thanks_page_new_window":"0","background_color":"","title_color":"","text_color":"","field_text_color":"","field_background_color":"","button_text_color":"","button_background_color":"","footer_text_color":""}},"post-layout-1politics":{"wp_subscribe-5":{"title":"Want to learn new ways to make extra money?","service":"mailchimp","aweber_consumer_key":"","aweber_consumer_secret":"","aweber_access_key":"","aweber_access_secret":"","aweber_account_id":"","aweber_list_id":"none","feedburner_id":"","mailchimp_api_key":"","mailchimp_list_id":"none","mailchimp_double_optin":"0","include_name_field":"1","text":"Join the family to get updates from us and tons of cool freebies:","name_placeholder":"Your name","email_placeholder":"Your email","consent_text":"subscribe to newsletter","button_text":"Subscribe","success_message":"Thank you for subscribing.","error_message":"Something went wrong.","footer_text":"","activecampaignapikey":"","activecampaignapiurl":"","activecampaignlistid":"none","acumbamail_customer_id":"","acumbamail_api_token":"","acumbamail_list_id":"none","acumbamail_double_optin":"0","benchmark_user":"","benchmark_pass":"","benchmark_list_name":"none","benchmark_double_optin":"0","constantcontact_api_key":"","constantcontact_token":"","constantcontact_list_id":"none","drip_account_id":"","drip_api_token":"","drip_list_id":"none","drip_double_optin":"0","freshmail_api_key":"","freshmail_api_secret":"","freshmail_list_id":"none","freshmail_double_optin":"0","getresponse_api_key":"","getresponse_list_id":"none","madmimi_username":"","madmimi_api_key":"","madmimi_list_id":"none","mailerlite_api_key":"","mailerlite_list_id":"none","mailerlite_double_optin":"0","mailrelay_api_key":"","mailrelay_host":"","mailrelay_group_id":"none","sendgrid_api_key":"","sendgrid_list_id":"none","sendinblue_api_key":"","sendinblue_list_id":"none","sendy_api_url":"","sendy_api_key":"","sendy_list_id":"","convertkit_api_key":"","convertkit_form_id":"none","markethero_api_key":"","markethero_tag_id":"none","thanks_page":"0","thanks_page_url":"","thanks_page_new_window":"1","background_color":"","title_color":"","text_color":"","field_text_color":"","field_background_color":"","button_text_color":"","button_background_color":"","footer_text_color":""}}}