{"sidebar":{"mts_popular_posts_widget-2":{"title":"Trending Posts","qty":4,"title_length":8,"category":1,"author_name":0,"date":1,"days":3000,"show_thumb3":1,"box_layout":"horizontal-small","border_radius":2,"show_excerpt":0,"excerpt_length":10},"tag_cloud-2":{"title":"Tags","count":0,"taxonomy":"post_tag"}},"footer-top-1":{"text-2":{"title":"","text":"<a href=\"https:\/\/demo.mythemeshop.com\/blocks-beta\/files\/2019\/02\/footer-logo1.png\"><img class=\"alignleft size-full wp-image-2850\" src=\"https:\/\/demo.mythemeshop.com\/blocks-beta\/files\/2019\/02\/footer-logo1.png\" alt=\"\" width=\"150\" height=\"42\" \/><\/a>\r\n<p>Lorem ipsum dolor sit amet, consectetur adipisicing elit. Nemo enim ipsam voluptatem quia<\/p>","filter":true,"visual":true},"nav_menu-2":{"nav_menu":17}},"footer-top-2":{"meta-3":{"title":"Meta"}},"footer-top-3":{"archives-3":{"title":"","count":0,"dropdown":0}},"footer-top-4":{"social-profile-icons-3":{"title":"Follow Us","social_font_color":"#97a0af","social_bg_color":"#ffffff","font_size":16,"br_radius":50,"pd_top":0,"pd_right":0,"pd_bottom":0,"pd_left":0,"br_color":0,"facebook":"#","facebooksocial_color_value":"#97a0af","facebooksocial_bg_value":"#ffffff","facebookhover_color_value":"#97a0af","facebookhover_bg_value":"#ffffff","facebooksocial_br_value":"#ffffff","behance":"","behancesocial_color_value":"","behancesocial_bg_value":"","behancehover_color_value":"","behancehover_bg_value":"","behancesocial_br_value":"","flickr":"","flickrsocial_color_value":"","flickrsocial_bg_value":"","flickrhover_color_value":"","flickrhover_bg_value":"","flickrsocial_br_value":"","gplus":"#","gplussocial_color_value":"#97a0af","gplussocial_bg_value":"#ffffff","gplushover_color_value":"#97a0af","gplushover_bg_value":"#ffffff","gplussocial_br_value":"#ffffff","pinterest":"","pinterestsocial_color_value":"","pinterestsocial_bg_value":"","pinteresthover_color_value":"","pinteresthover_bg_value":"","pinterestsocial_br_value":"","instagram":"#","instagramsocial_color_value":"#97a0af","instagramsocial_bg_value":"#ffffff","instagramhover_color_value":"#97a0af","instagramhover_bg_value":"#ffffff","instagramsocial_br_value":"#ffffff","dribbble":"","dribbblesocial_color_value":"","dribbblesocial_bg_value":"","dribbblehover_color_value":"","dribbblehover_bg_value":"","dribbblesocial_br_value":"","linkedin":"","linkedinsocial_color_value":"","linkedinsocial_bg_value":"","linkedinhover_color_value":"","linkedinhover_bg_value":"","linkedinsocial_br_value":"","soundcloud":"","soundcloudsocial_color_value":"","soundcloudsocial_bg_value":"","soundcloudhover_color_value":"","soundcloudhover_bg_value":"","soundcloudsocial_br_value":"","twitter":"","twittersocial_color_value":"","twittersocial_bg_value":"","twitterhover_color_value":"","twitterhover_bg_value":"","twittersocial_br_value":"","vimeo":"","vimeosocial_color_value":"","vimeosocial_bg_value":"","vimeohover_color_value":"","vimeohover_bg_value":"","vimeosocial_br_value":"","stumbleupon":"","stumbleuponsocial_color_value":"","stumbleuponsocial_bg_value":"","stumbleuponhover_color_value":"","stumbleuponhover_bg_value":"","stumbleuponsocial_br_value":"","tumblr":"","tumblrsocial_color_value":"","tumblrsocial_bg_value":"","tumblrhover_color_value":"","tumblrhover_bg_value":"","tumblrsocial_br_value":"","github":"","githubsocial_color_value":"","githubsocial_bg_value":"","githubhover_color_value":"","githubhover_bg_value":"","githubsocial_br_value":"","youtube":"","youtubesocial_color_value":"","youtubesocial_bg_value":"","youtubehover_color_value":"","youtubehover_bg_value":"","youtubesocial_br_value":"","foursquare":"","foursquaresocial_color_value":"","foursquaresocial_bg_value":"","foursquarehover_color_value":"","foursquarehover_bg_value":"","foursquaresocial_br_value":"","reddit":"","redditsocial_color_value":"","redditsocial_bg_value":"","reddithover_color_value":"","reddithover_bg_value":"","redditsocial_br_value":"","dropbox":"","dropboxsocial_color_value":"","dropboxsocial_bg_value":"","dropboxhover_color_value":"","dropboxhover_bg_value":"","dropboxsocial_br_value":"","skype":"","skypesocial_color_value":"","skypesocial_bg_value":"","skypehover_color_value":"","skypehover_bg_value":"","skypesocial_br_value":"","email":"","emailsocial_color_value":"","emailsocial_bg_value":"","emailhover_color_value":"","emailhover_bg_value":"","emailsocial_br_value":"","rss":"","rsssocial_color_value":"","rsssocial_bg_value":"","rsshover_color_value":"","rsshover_bg_value":"","rsssocial_br_value":""}},"post-layout-defaultpolitics":{"single_category_posts_widget-2":{"title":"More Featured","cat":3,"title_length":8,"qty":4,"category":1,"author_name":0,"date":1,"show_thumb1":1,"box_layout":"horizontal-small","border_radius":2,"show_excerpt":0,"excerpt_length":10}}}