{"reactor":{"last_tab":"main","mts_logo":"2621","mts_favicon":"","mts_touch_icon":"","mts_metro_icon":"","mts_twitter_username":"","mts_feedburner":"","mts_ajax_search":"0","mts_responsive":"1","mts_shop_products":"9","async_js":"1","remove_ver_params":"1","disable_emojis":"0","prefetching":"0","primary_color_scheme":"#ffcc00","mts_layout":"cslayout","mts_background":{"color":"#ffffff","use":"pattern","image_pattern":"nobg","image_upload":"","repeat":"repeat","attachment":"scroll","position":"left top","size":"cover","gradient":{"from":"#ffffff","to":"#000000","direction":"0deg"},"parallax":"0"},"mts_lightbox":"0","mts_header_style":"header-default","mts_sticky_nav":"0","mts_header_margin":{"top":"0","bottom":"0"},"mts_header_padding":{"top":"11px","bottom":"0"},"mts_header_border":{"color":"","direction":"all","size":"","style":"none"},"mts_header_social_icons":"1","mts_header_social":[{"group_title":"Facebook","group_sort":"1","mts_header_icon_title":"Facebook","mts_header_icon":"facebook-square","mts_header_icon_link":"#","mts_header_icon_bgcolor":"","mts_header_icon_hover_bgcolor":"","mts_header_icon_color":"#2e2f36","mts_header_icon_hover_color":"#ffcc00","mts_header_icon_margin":{"top":"0","right":"21px","bottom":"0","left":"0"},"mts_header_icon_padding":{"top":"12px","right":"0","bottom":"10px","left":"0"},"mts_header_icon_border":{"color":"#777","direction":"all","size":"0","style":"solid"},"mts_header_icon_border_radius":"0"},{"group_title":"Instagram","group_sort":"2","mts_header_icon_title":"Instagram","mts_header_icon":"instagram","mts_header_icon_link":"#","mts_header_icon_bgcolor":"","mts_header_icon_hover_bgcolor":"","mts_header_icon_color":"#2e2f36","mts_header_icon_hover_color":"#ffcc00","mts_header_icon_margin":{"top":"0","right":"21px","bottom":"0","left":"0"},"mts_header_icon_padding":{"top":"12px","right":"0","bottom":"10px","left":"0"},"mts_header_icon_border":{"color":"#777","direction":"all","size":"0","style":"solid"},"mts_header_icon_border_radius":"0"},{"group_title":"Twitter","group_sort":"3","mts_header_icon_title":"Twitter","mts_header_icon":"twitter","mts_header_icon_link":"#","mts_header_icon_bgcolor":"","mts_header_icon_hover_bgcolor":"","mts_header_icon_color":"#2e2f36","mts_header_icon_hover_color":"#ffcc00","mts_header_icon_margin":{"top":"0","right":"21px","bottom":"0","left":"0"},"mts_header_icon_padding":{"top":"12px","right":"0","bottom":"10px","left":"0"},"mts_header_icon_border":{"color":"#777","direction":"all","size":"0","style":"solid"},"mts_header_icon_border_radius":"0"}],"mts_header_search":"1","header_search_position":"82","mts_header_section2":"1","mts_header_background":{"color":"#ffffff","use":"pattern","image_pattern":"nobg","image_upload":"","repeat":"repeat","attachment":"scroll","position":"left top","size":"cover","gradient":{"from":"#ffffff","to":"#000000","direction":"0deg"},"parallax":"0"},"mts_main_navigation_background":{"color":"#2e2f36","use":"pattern","image_pattern":"nobg","image_upload":"","repeat":"repeat","attachment":"scroll","position":"left top","size":"cover","gradient":{"from":"#ffffff","to":"#000000","direction":"0deg"},"parallax":"0"},"main_navigation_dropdown_color":"#2e2f36","main_navigation_dropdown_hover_color":"#ff8516","mts_show_primary_nav":"0","mts_top_bar_background":{"color":"#ffffff","use":"pattern","image_pattern":"nobg","image_upload":"","repeat":"repeat","attachment":"scroll","position":"left top","size":"cover","gradient":{"from":"#ffffff","to":"#000000","direction":"0deg"},"parallax":"0"},"primary_navigation_font":{"preview-color":"light","font-family":"Oswald","font-backup":"","font-weight":"normal","font-style":"","color":"#777","font-size":"13px","line-height":"","letter-spacing":"","margin-top":"","margin-bottom":"","css-selectors":"#primary-navigation a","additional-css":""},"mts_top_footer":"0","mts_top_footer_num":"3","footer_sections_position":"bottom","mts_copyrights":"Theme by <a href=\"http:\/\/mythemeshop.com\/\" rel=\"nofollow\">MyThemeShop<\/a>","mts_top_footer_margin":{"top":"30px","right":"0","bottom":"0","left":"0"},"mts_top_footer_padding":{"top":"45px","right":"0","bottom":"0","left":"0"},"mts_footer_background":{"color":"#272728","use":"pattern","image_pattern":"nobg","image_upload":"","repeat":"repeat","attachment":"scroll","position":"left top","size":"cover","gradient":{"from":"#ffffff","to":"#000000","direction":"0deg"},"parallax":"0"},"mts_copyrights_background":{"color":"#323233","use":"pattern","image_pattern":"nobg","image_upload":"","repeat":"repeat","attachment":"scroll","position":"left top","size":"cover","gradient":{"from":"#ffffff","to":"#000000","direction":"0deg"},"parallax":"0"},"copyrights_border":{"color":"","direction":"all","size":"","style":"none"},"show_top_button":"1","top_button_icon":"angle-up","top_button_color":"#ffffff","top_button_color_hover":"#ffffff","top_button_background":"#ffcc00","top_button_background_hover":"#2e2f36","top_button_font_size":"34","top_button_padding":{"top":"13px","right":"22px","bottom":"18px","left":"22px"},"top_button_position":{"top":"auto","right":"30px","bottom":"100px","left":"auto"},"top_button_border_radius":"65","top_button_border":{"color":"","direction":"all","size":"","style":"none"},"footer_logo_section":"1","footer_logo":"","footer_reactor_logo":{"preview-color":"dark","font-family":"Oswald","font-backup":"","font-weight":"700","font-style":"","color":"#ffffff","font-size":"38px","line-height":"","letter-spacing":"","margin-top":"","margin-bottom":"","css-selectors":".footer #logo a","additional-css":""},"footer_logo_social_icons":"1","footer_logo_social":[{"group_title":"Facebook","group_sort":"1","footer_logo_social_title":"Facebook","footer_logo_social_icon":"facebook-square","footer_logo_social_link":"#","footer_logo_social_bgcolor":"","footer_logo_social_hover_bgcolor":"","footer_logo_social_color":"#ffcc00","footer_logo_social_hover_color":"#ffffff","footer_logo_social_margin":{"top":"0","right":"20px","bottom":"0","left":"0"},"footer_logo_social_padding":{"top":"0","right":"0","bottom":"0","left":"0"},"footer_logo_social_border_radius":"0","footer_logo_social_border_size":"1","footer_logo_social_border_style":"none","footer_logo_social_border_color":"#dddddd"},{"group_title":"Twitter","group_sort":"2","footer_logo_social_title":"Twitter","footer_logo_social_icon":"twitter","footer_logo_social_link":"#","footer_logo_social_bgcolor":"","footer_logo_social_hover_bgcolor":"","footer_logo_social_color":"#ffcc00","footer_logo_social_hover_color":"#ffffff","footer_logo_social_margin":{"top":"0","right":"20px","bottom":"0","left":"0"},"footer_logo_social_padding":{"top":"0","right":"0","bottom":"0","left":"0"},"footer_logo_social_border_radius":"0","footer_logo_social_border_size":"1","footer_logo_social_border_style":"none","footer_logo_social_border_color":"#dddddd"},{"group_title":"Instagram","group_sort":"3","footer_logo_social_title":"Instagram","footer_logo_social_icon":"instagram","footer_logo_social_link":"#","footer_logo_social_bgcolor":"","footer_logo_social_hover_bgcolor":"","footer_logo_social_color":"#ffcc00","footer_logo_social_hover_color":"#ffffff","footer_logo_social_margin":{"top":"0","right":"20px","bottom":"0","left":"0"},"footer_logo_social_padding":{"top":"0","right":"0","bottom":"0","left":"0"},"footer_logo_social_border_radius":"0","footer_logo_social_border_size":"1","footer_logo_social_border_style":"none","footer_logo_social_border_color":"#dddddd"},{"group_title":"Youtube","group_sort":"4","footer_logo_social_title":"Youtube","footer_logo_social_icon":"youtube","footer_logo_social_link":"#","footer_logo_social_bgcolor":"","footer_logo_social_hover_bgcolor":"","footer_logo_social_color":"#ffcc00","footer_logo_social_hover_color":"#ffffff","footer_logo_social_margin":{"top":"0","right":"0","bottom":"0","left":"0"},"footer_logo_social_padding":{"top":"0","right":"0","bottom":"0","left":"0"},"footer_logo_social_border_radius":"0","footer_logo_social_border_size":"1","footer_logo_social_border_style":"none","footer_logo_social_border_color":"#dddddd"}],"footer_logo_social_font_size":"18","footer_nav_section":"1","footer_nav_alignment":"left","footer_nav_margin":{"top":"0","right":"0","bottom":"62px","left":"0"},"footer_nav_padding":{"top":"0","right":"0","bottom":"0","left":"0"},"footer_nav_border":{"color":"","direction":"all","size":"","style":"none"},"footer_nav_font":{"preview-color":"dark","font-family":"Oswald","font-backup":"","font-weight":"500","font-style":"","color":"#ffffff","font-size":"16px","line-height":"","letter-spacing":"","margin-top":"","margin-bottom":"","css-selectors":".footer-nav li a","additional-css":"text-transform: uppercase;"},"footer_menu_item_margin":{"right":"28px","left":"0"},"footer_nav_separator":"0","footer_nav_separator_content":"|","footer_nav_separator_color":"#ffffff","footer_nav_separator_margin":{"right":"25px","left":"25px"},"footer_brands_section":"0","footer_brands_alignment":"center","brands_section_title":"Our Brands:","brands_margin":{"top":"0","right":"0","bottom":"0","left":"0"},"brands_padding":{"top":"40px","right":"0","bottom":"27px","left":"0"},"brands_border":{"color":"#008b3e","direction":"top","size":"1","style":"solid"},"social_button_layout":"standard","mts_social_button_position":"top","mts_social_buttons_on_pages":"0","mts_social_buttons":{"enabled":{"facebookshare":"Facebook Share","twitter":"Twitter","pinterest":"Pinterest"},"disabled":{"facebook":"Facebook Like","linkedin":"LinkedIn","stumble":"StumbleUpon","reddit":"Reddit","gplus":"Google Plus"}},"social_styling_margin":{"top":"0","right":"0","bottom":"0","left":"-152px"},"social_styling_box_shadow":"1","social_floating_button_position":{"top":"auto","right":"auto","bottom":"282px","left":"auto"},"social_styling_border":{"color":"","direction":"all","size":"","style":"none"},"social_styling_background":{"color":"","use":"pattern","image_pattern":"nobg","image_upload":"","repeat":"repeat","attachment":"scroll","position":"left top","size":"cover","gradient":{"from":"#ffffff","to":"#000000","direction":"0deg"},"parallax":"0"},"detect_adblocker":"0","detect_adblocker_type":"popup","detect_adblocker_title":"Ad Blocker Detected","detect_adblocker_description":"Our website is made possible by displaying online advertisements to our visitors. Please consider supporting us by disabling your ad blocker.","background_clickable":"0","background_link":"","background_link_new_tab":"1","mts_header_adcode":"<a href=\"https:\/\/mythemeshop.com\/themes\/reactor\"><img src=\"https:\/\/demo.mythemeshop.com\/reactor-blog\/files\/2018\/12\/img-c.jpg\" \/><\/a>","header_adcode_show":"all","header_ad_size":"27","mts_header_adcode_margin":{"top":"10px","bottom":"10px"},"navigation_ad":"0","navigation_adcode":"","navigation_ad_size":"26","navigation_ad_background":"#252525","mts_postfooter_adcode":"","mts_postfooter_adcode_time":"0","mts_posttop_adcode":"","mts_posttop_adcode_time":"0","mts_postend_adcode":"","mts_postend_adcode_time":"0","search_content":"all","search_results_per_page":"9","search_position":"above","mts_header_code":"","mts_analytics_code":"","mts_custom_css":"","retina_images":"1","images_responsive":"0","status_opengraph":"1","dynamic_css_compiler":"1","dynamic_css_db_caching":"0","cache_server_ip":""},"reactor_homepage":{"last_tab":"homepage-general","mts_featured_categories":[{"group_title":"","group_sort":"1","mts_featured_title":"Featured","unique_id":"5c1e477dce1a3","mts_thumb_layout":"layout-default","mts_featured_category":"featured","mts_featured_category_postsnum":"1"},{"group_title":"","group_sort":"2","mts_featured_title":"Latest","unique_id":"5c1e440dd4592","mts_thumb_layout":"layout-3","mts_featured_category":"latest","mts_featured_category_postsnum":"12"}],"mts_featured_category_title_5c1e477dce1a3":"0","mts_post_title_alignment_5c1e477dce1a3":"left","mts_featured_category_title_background_5c1e477dce1a3":{"color":"#ffffff","use":"pattern","image_pattern":"nobg","image_upload":"","repeat":"repeat","attachment":"scroll","position":"left top","size":"cover","gradient":{"from":"#ffffff","to":"#000000","direction":"0deg"},"parallax":"0"},"post_title_shadow5c1e477dce1a3":"1","mts_featured_category_title_margin_5c1e477dce1a3":{"top":"125px","right":"0","bottom":"0","left":"0"},"mts_featured_category_title_padding_5c1e477dce1a3":{"top":"18px","right":"40px","bottom":"18px","left":"40px"},"post_title_border_5c1e477dce1a3":{"color":"","direction":"all","size":"","style":"none"},"mts_featured_category_title_font_5c1e477dce1a3":{"preview-color":"light","font-family":"Oswald","font-backup":"","font-weight":"500","font-style":"","color":"#2e2f36","font-size":"32px","line-height":"","letter-spacing":"","margin-top":"","margin-bottom":"","css-selectors":".title-container.title-id-5c1e477dce1a3 h3.featured-category-title","additional-css":""},"mts_home_headline_meta_info5c1e477dce1a3":{"enabled":{"author":"Author Name","date":"Date"},"disabled":{"category":"Categories","comment":"Comment Count"}},"mts_meta_info_author_icon_5c1e477dce1a3":"","mts_meta_info_date_icon_5c1e477dce1a3":"","mts_meta_info_category_icon_5c1e477dce1a3":"","mts_meta_info_comment_icon_5c1e477dce1a3":"","mts_meta_info_margin_5c1e477dce1a3":{"top":"0","right":"0","bottom":"20px","left":"0"},"mts_meta_info_padding_5c1e477dce1a3":{"top":"0","right":"0","bottom":"0","left":"0"},"meta_info_font_5c1e477dce1a3":{"preview-color":"light","font-family":"Oswald","font-backup":"","font-weight":"300","font-style":"","color":"#70747a","font-size":"16px","line-height":"","letter-spacing":"","margin-top":"","margin-bottom":"","css-selectors":".layout-5c1e477dce1a3 .latestPost .post-info, .layout-5c1e477dce1a3 .latestPost .post-info a","additional-css":""},"mts_featured_category_background_5c1e477dce1a3":{"color":"","use":"pattern","image_pattern":"nobg","image_upload":"","repeat":"repeat","attachment":"scroll","position":"left top","size":"cover","gradient":{"from":"#ffffff","to":"#000000","direction":"0deg"},"parallax":"0"},"post_border_5c1e477dce1a3":{"color":"","direction":"all","size":"","style":"none"},"mts_featured_category_margin_5c1e477dce1a3":{"top":"0","bottom":"35px"},"mts_featured_category_padding_5c1e477dce1a3":{"top":"0","right":"0","bottom":"0","left":"0"},"mts_featured_category_font_5c1e477dce1a3":{"preview-color":"light","font-family":"Oswald","font-backup":"","font-weight":"500","font-style":"","color":"#2e2f36","font-size":"40px","line-height":"46px","letter-spacing":"","margin-top":"","margin-bottom":"","css-selectors":".layout-5c1e477dce1a3 .latestPost .title a","additional-css":""},"mts_featured_category_title_5c1e440dd4592":"0","mts_post_title_alignment_5c1e440dd4592":"center","mts_featured_category_title_background_5c1e440dd4592":{"color":"#ffcc00","use":"pattern","image_pattern":"nobg","image_upload":"","repeat":"repeat","attachment":"scroll","position":"left top","size":"cover","gradient":{"from":"#ffffff","to":"#000000","direction":"0deg"},"parallax":"0"},"post_title_shadow5c1e440dd4592":"1","mts_featured_category_title_margin_5c1e440dd4592":{"top":"0","right":"0","bottom":"40px","left":"0"},"mts_featured_category_title_padding_5c1e440dd4592":{"top":"10px","right":"50px","bottom":"10px","left":"50px"},"post_title_border_5c1e440dd4592":{"color":"","direction":"all","size":"","style":"none"},"mts_featured_category_title_font_5c1e440dd4592":{"preview-color":"light","font-family":"Roboto","font-backup":"","font-weight":"700","font-style":"","color":"#2e2f36","font-size":"26px","line-height":"","letter-spacing":"","margin-top":"","margin-bottom":"","css-selectors":".title-container.title-id-5c1e440dd4592 h3.featured-category-title","additional-css":""},"mts_featured_category_background_5c1e440dd4592":{"color":"","use":"pattern","image_pattern":"nobg","image_upload":"","repeat":"repeat","attachment":"scroll","position":"left top","size":"cover","gradient":{"from":"#ffffff","to":"#000000","direction":"0deg"},"parallax":"0"},"post_border_5c1e440dd4592":{"color":"","direction":"all","size":"","style":"none"},"mts_featured_category_margin_5c1e440dd4592":{"top":"0","bottom":"0"},"mts_featured_category_padding_5c1e440dd4592":{"top":"0","right":"0","bottom":"0","left":"0"},"small_post_title_font_5c1e440dd4592":{"preview-color":"light","font-family":"Roboto","font-backup":"","font-weight":"700","font-style":"","color":"#2e2f36","font-size":"22px","line-height":"30px","letter-spacing":"","margin-top":"","margin-bottom":"","css-selectors":".layout-5c1e440dd4592 .latestPost .title a","additional-css":""},"mts_pagenavigation_type":"2","load_more_alignment":"center","mts_pagenavigation_bgcolor":"#ffffff","load_more_bgcolor":"#ffcc00","mts_pagenavigation_hover_bgcolor":"#ffcc00","load_more_hover_bgcolor":"#2e2f36","mts_pagenavigation_color":"#abacad","load_more_color":"#2e2f36","mts_pagenavigation_hover_color":"#1f1f23","load_more_hover_color":"#ffffff","mts_pagenavigation_margin":{"top":"0","right":"8px","bottom":"0","left":"0"},"mts_pagenavigation_padding":{"top":"10px","right":"12px","bottom":"7px","left":"12px"},"load_more_padding":{"top":"30px","right":"30px","bottom":"27px","left":"30px"},"mts_pagenavigation_border_radius":"0","pagenavigation_border":{"color":"","direction":"all","size":"","style":"none"}},"reactor_sidebars":{"last_tab":"sidebars-general","mts_sidebar_for_home":"mts_defaultsidebar","mts_sidebar_for_post":"mts_defaultsidebar","mts_sidebar_for_page":"mts_defaultsidebar","mts_sidebar_for_archive":"mts_defaultsidebar","mts_sidebar_for_category":"mts_defaultsidebar","mts_sidebar_for_tag":"mts_defaultsidebar","mts_sidebar_for_date":"mts_defaultsidebar","mts_sidebar_for_author":"mts_defaultsidebar","mts_sidebar_for_search":"mts_defaultsidebar","mts_sidebar_for_notfound":"mts_defaultsidebar","mts_sidebar_for_shop":"mts_defaultsidebar","mts_sidebar_for_product":"mts_defaultsidebar","mts_sidebar_title_styling_background":{"color":"#ffcc00","use":"pattern","image_pattern":"nobg","image_upload":"","repeat":"repeat","attachment":"scroll","position":"left top","size":"cover","gradient":{"from":"#ffffff","to":"#000000","direction":"0deg"},"parallax":"0"},"mts_sidebar_title_styling_margin":{"top":"0","bottom":"25px"},"mts_sidebar_title_styling_padding":{"top":"7px","right":"25px","bottom":"8px","left":"25px"},"widget_title_border":{"color":"","direction":"all","size":"","style":"none"},"mts_sidebar_styling_background":{"color":"#ffffff","use":"pattern","image_pattern":"nobg","image_upload":"","repeat":"repeat","attachment":"scroll","position":"left top","size":"cover","gradient":{"from":"#ffffff","to":"#000000","direction":"0deg"},"parallax":"0"},"mts_sidebar_styling_margin":{"top":"0","right":"0","bottom":"37px","left":"0"},"mts_sidebar_styling_padding":{"top":"0","right":"0","bottom":"0","left":"0"},"sidebar_styling_border":{"color":"","direction":"all","size":"","style":"none"}},"reactor_single":{"last_tab":"single-general","mts_show_featured":"1","featured_image_size":"default","featured_image_margin":{"top":"-35px","right":"0","bottom":"0","left":"0"},"featured_text_alignment":"left","show_prev_next":"0","mts_single_post_layout":{"enabled":{"content":"Post Content","tags":"Tags","author":"Author Box","related":"Related Posts","subscribe":"Subscribe Box"}},"related_post_title":"See More Posts","mts_related_posts_taxonomy":"categories","single_meta_info":{"author":"author","comment":"comment","category":"category"},"mts_breadcrumb":"0","breadcrumb_icon":"angle-right","breadcrumb_font":{"preview-color":"light","font-family":"Oswald","font-backup":"","font-weight":"500","font-style":"","color":"#2e2f36","font-size":"18px","line-height":"","letter-spacing":"","margin-top":"","margin-bottom":"","css-selectors":".breadcrumb, .rank-math-breadcrumb","additional-css":""},"mts_author_comment":"1","mts_comment_date":"1","single_title_alignment":"left","single_title_background":{"color":"","use":"pattern","image_pattern":"nobg","image_upload":"","repeat":"repeat","attachment":"scroll","position":"left top","size":"cover","gradient":{"from":"#ffffff","to":"#000000","direction":"0deg"},"parallax":"0"},"single_title_padding":{"top":"0","right":"0","bottom":"0","left":"0"},"single_title_border":{"color":"","direction":"all","size":"","style":"none"},"single_page_titles_font":{"preview-color":"light","font-family":"Oswald","font-backup":"","font-weight":"500","font-style":"","color":"#2e2f36","font-size":"32px","line-height":"","letter-spacing":"","margin-top":"","margin-bottom":"","css-selectors":"#respond h4, .total-comments","additional-css":"text-transform: uppercase;"},"single_background":{"color":"","use":"pattern","image_pattern":"nobg","image_upload":"","repeat":"repeat","attachment":"scroll","position":"left top","size":"cover","gradient":{"from":"#ffffff","to":"#000000","direction":"0deg"},"parallax":"0"},"mts_single_styling_margin":{"top":"0","bottom":"35px"},"mts_single_styling_padding":{"top":"0","right":"0","bottom":"0","left":"0"},"single_styling_border":{"color":"","direction":"all","size":"","style":"none"},"mts_single_meta_info_font":{"preview-color":"light","font-family":"Oswald","font-backup":"","font-weight":"300","font-style":"","color":"#2e2f36","font-size":"18px","line-height":"","letter-spacing":"","margin-top":"","margin-bottom":"","css-selectors":".single_post .post-info, .single_post .post-info a, .single-full-header .post-info, .single-full-header .post-info a, .reply, #comments .ago","additional-css":""},"related_posts_background":{"color":"","use":"pattern","image_pattern":"nobg","image_upload":"","repeat":"repeat","attachment":"scroll","position":"left top","size":"cover","gradient":{"from":"#ffffff","to":"#000000","direction":"0deg"},"parallax":"0"},"related_posts_layouts":"default","related_posts_grid":"grid2","mts_related_postsnum":"4","related_posts_excerpt_length":"15","related_posts_image_position":"95","related_posts_adcode":"","related_posts_position":"default","related_posts_margin":{"top":"55px","right":"0","bottom":"0","left":"0"},"related_posts_padding":{"top":"58px","right":"0","bottom":"0","left":"0"},"related_post_title_font":{"preview-color":"light","font-family":"Oswald","font-backup":"","font-weight":"500","font-style":"","color":"#2e2f36","font-size":"32px","line-height":"","letter-spacing":"","margin-top":"","margin-bottom":"","css-selectors":".related-posts h4","additional-css":"text-transform: uppercase;"},"related_big_posts_font":{"preview-color":"light","font-family":"Oswald","font-backup":"","font-weight":"500","font-style":"","color":"#2e2f36","font-size":"28px","line-height":"38px","letter-spacing":"","margin-top":"","margin-bottom":"","css-selectors":".related-posts.related4 .latestPost.big .title a","additional-css":""},"related_posts_excerpt_font":{"preview-color":"light","font-family":"Roboto","font-backup":"","font-weight":"300","font-style":"","color":"#70747a","font-size":"16px","line-height":"25px","letter-spacing":"","margin-top":"","margin-bottom":"","css-selectors":".related-posts .front-view-content","additional-css":""},"related_posts_font":{"preview-color":"light","font-family":"Roboto","font-backup":"","font-weight":"700","font-style":"","color":"#2e2f36","font-size":"22px","line-height":"30px","letter-spacing":"","margin-top":"","margin-bottom":"","css-selectors":".related-posts .title a","additional-css":""},"related_posts_meta_font":{"preview-color":"light","font-family":"Roboto","font-backup":"","font-weight":"300","font-style":"","color":"#70747a","font-size":"13px","line-height":"","letter-spacing":"","margin-top":"","margin-bottom":"","css-selectors":".related-posts .post-info, .related-posts .post-info a","additional-css":""},"related_article_background":{"color":"","use":"pattern","image_pattern":"nobg","image_upload":"","repeat":"repeat","attachment":"scroll","position":"left top","size":"cover","gradient":{"from":"#ffffff","to":"#000000","direction":"0deg"},"parallax":"0"},"related_article_padding":{"top":"0","right":"0","bottom":"0","left":"0"},"related_article_text_padding":{"top":"0","right":"0","bottom":"0","left":"0"},"single_subscribe_box":"1","single_subscribe_background":{"color":"#2e2f36","use":"pattern","image_pattern":"nobg","image_upload":"","repeat":"repeat","attachment":"scroll","position":"left top","size":"cover","gradient":{"from":"#ffffff","to":"#000000","direction":"0deg"},"parallax":"0"},"single_subscribe_margin":{"top":"65px","right":"0","bottom":"0","left":"0"},"single_subscribe_padding":{"top":"35px","right":"0","bottom":"0","left":"0"},"single_subscribe_border_radius":"0","single_subscribe_title_font":{"preview-color":"dark","font-family":"Oswald","font-backup":"","font-weight":"300","font-style":"","color":"#ffffff","font-size":"32px","line-height":"","letter-spacing":"","margin-top":"","margin-bottom":"","css-selectors":".single-subscribe .widget #wp-subscribe .title","additional-css":"text-transform: uppercase;"},"single_subscribe_text_font":{"preview-color":"light","font-family":"Roboto","font-backup":"","font-weight":"300","font-style":"","color":"#ffffff","font-size":"18px","line-height":"28px","letter-spacing":"","margin-top":"","margin-bottom":"","css-selectors":".single-subscribe .widget #wp-subscribe p.text, .single-subscribe .widget .wp-subscribe .wps-consent-wrapper label, .single-subscribe .widget .wp-subscribe-wrap .error, .single-subscribe .widget .wp-subscribe-wrap .thanks","additional-css":""},"single_subscribe_input_background":"#4d4e54","single_subscribe_input_height":"64","single_subscribe_input_border_radius":"0","single_subscribe_input_border":{"color":"","direction":"all","size":"","style":"none"},"single_subscribe_input_font":{"preview-color":"dark","font-family":"Roboto","font-backup":"","font-weight":"400","font-style":"","color":"#a6a7aa","font-size":"20px","line-height":"","letter-spacing":"","margin-top":"","margin-bottom":"","css-selectors":".single-subscribe .widget #wp-subscribe input.email-field, .single-subscribe .widget #wp-subscribe input.name-field","additional-css":""},"single_subscribe_submit_backgroud":"#ffcc00","single_subscribe_submit_border_radius":"0","single_subscribe_submit_border":{"color":"","direction":"all","size":"","style":"none"},"single_subscribe_submit_padding":{"top":"10px","right":"0","bottom":"10px","left":"0"},"single_subscribe_submit_font":{"preview-color":"light","font-family":"Oswald","font-backup":"","font-weight":"500","font-style":"","color":"#2e2f36","font-size":"21px","line-height":"","letter-spacing":"","margin-top":"","margin-bottom":"","css-selectors":".single-subscribe .widget #wp-subscribe input.submit, #commentform input#submit, #mtscontact_submit, .widget #wp-subscribe input.submit","additional-css":""},"single_subscribe_small_text_font":{"preview-color":"light","font-family":"Oswald","font-backup":"","font-weight":"400","font-style":"","color":"#a6a7aa","font-size":"13px","line-height":"20px","letter-spacing":"","margin-top":"","margin-bottom":"","css-selectors":".single-subscribe .widget .wp-subscribe-wrap p.footer-text","additional-css":"display: none;"},"single_authorbox_background":{"color":"#2e2f36","use":"pattern","image_pattern":"nobg","image_upload":"","repeat":"repeat","attachment":"scroll","position":"left top","size":"cover","gradient":{"from":"#ffffff","to":"#000000","direction":"0deg"},"parallax":"0"},"author_box_title":"","single_authorbox_margin":{"top":"35px","right":"0","bottom":"0","left":"0"},"single_authorbox_padding":{"top":"0","right":"35px","bottom":"0","left":"0"},"single_authorbox_border_radius":"0","single_authorbox_title_font":{"preview-color":"light","font-family":"Oswald","font-backup":"","font-weight":"300","font-style":"","color":"#2e2f36","font-size":"32px","line-height":"41px","letter-spacing":"","margin-top":"","margin-bottom":"","css-selectors":".postauthor h4","additional-css":""},"single_authorbox_author_name_font":{"preview-color":"dark","font-family":"Oswald","font-backup":"","font-weight":"400","font-style":"","color":"#ffffff","font-size":"32px","line-height":"41px","letter-spacing":"","margin-top":"","margin-bottom":"","css-selectors":".postauthor h5, .postauthor h5 a","additional-css":""},"single_authorbox_text_font":{"preview-color":"dark","font-family":"Roboto","font-backup":"","font-weight":"400","font-style":"","color":"#ffffff","font-size":"18px","line-height":"28px","letter-spacing":"","margin-top":"","margin-bottom":"","css-selectors":".postauthor p","additional-css":""},"single_author_image_margin":{"top":"0","right":"33px","bottom":"0","left":"0"},"single_author_image_border_radius":"0"},"reactor_typography":{"last_tab":"typography-collection","reactor_logo":{"preview-text":"Logo","preview-color":"light","font-family":"Oswald","font-weight":"700","font-size":"38px","color":"#2e2f36","css-selectors":"#logo a"},"secondary_navigation_font":{"preview-text":"Secondary Navigation Font","preview-color":"dark","font-family":"Oswald","font-weight":"500","font-size":"16px","color":"#ffffff","additional-css":"text-transform: uppercase;","css-selectors":"#secondary-navigation a"},"home_title_font":{"preview-text":"Archive Article Title","preview-color":"light","font-family":"Oswald","font-weight":"500","font-size":"40px","line-height":"46px","color":"#2e2f36","css-selectors":".latestPost .title a"},"single_title_font":{"preview-text":"Single Article Title","preview-color":"light","font-family":"Oswald","font-weight":"500","font-size":"56px","line-height":"75px","color":"#2e2f36","css-selectors":".single-title"},"content_font":{"preview-text":"Content Font","preview-color":"light","font-family":"Roboto","font-weight":"300","font-size":"20px","line-height":"41px","color":"#2e2f36","css-selectors":"body"},"sidebar_title_font":{"preview-text":"Sidebar Title Font","preview-color":"light","font-family":"Oswald","font-weight":"700","font-size":"19px","line-height":"24px","color":"#2e2f36","additional-css":"text-transform: uppercase;","css-selectors":"#sidebar .widget h3.widget-title, #sidebar .widget #wp-subscribe .title"},"sidebar_url":{"preview-text":"Sidebar Links","preview-color":"light","font-family":"Roboto","font-weight":"700","font-size":"18px","line-height":"24px","color":"#2e2f36","css-selectors":"#sidebar .widget a, #sidebar .widget li"},"sidebar_url_bigthumb":{"preview-text":"Sidebar Links Big Thumb","preview-color":"dark","font-family":"Oswald","font-weight":"500","font-size":"26px","line-height":"34px","color":"#ffffff","css-selectors":"#sidebar .widget .vertical-small a, #sidebar .widget .vertical-small li, #sidebar .widget .review_thumb_large .entry-title a, .f-widget .widget .vertical-small a, .f-widget .widget .vertical-small li, .f-widget .widget .review_thumb_large .entry-title a"},"sidebar_font":{"preview-text":"Sidebar Font","preview-color":"light","font-family":"Roboto","font-weight":"300","font-size":"16px","line-height":"25px","color":"#555c67","css-selectors":"#sidebar .widget p, #sidebar .widget .post-excerpt, #sidebar .widget #wp-subscribe p.text, #sidebar .wp-subscribe-wrap .wps-consent-wrapper label, #sidebar .wp-subscribe-wrap p.footer-text"},"sidebar_font_bigthumb":{"preview-text":"Sidebar Font bigthumb","preview-color":"dark","font-family":"Roboto","font-weight":"400","font-size":"16px","line-height":"22px","color":"#ffffff","css-selectors":"#sidebar .widget .vertical-small p, #sidebar .widget .vertical-small .post-excerpt, .f-widget .widget .vertical-small p, .f-widget .widget .vertical-small .post-excerpt"},"sidebar_postinfo_font":{"preview-text":"Sidebar Postinfo Font","preview-color":"light","font-family":"Oswald","font-weight":"300","font-size":"13px","line-height":"20px","color":"#b0b0b3","additional-css":"text-transform: uppercase;","css-selectors":"#sidebar .widget .post-info, #sidebar .widget .post-info a"},"sidebar_postinfo_font_bigthumb":{"preview-text":"Sidebar Postinfo Font bigthumb","preview-color":"dark","font-family":"Roboto","font-weight":"300","font-size":"14px","line-height":"22px","color":"#ffffff","css-selectors":"#sidebar .widget .vertical-small .post-info, #sidebar .widget .vertical-small .post-info a, .f-widget .widget .vertical-small .post-info, .f-widget .widget .vertical-small .post-info a"},"top_footer_title_font":{"preview-text":"Footer Title Font","preview-color":"dark","font-family":"Oswald","font-weight":"500","font-size":"24px","color":"#ffffff","css-selectors":".footer-widgets h3, #site-footer .widget #wp-subscribe .title, .brands-title"},"top_footer_link_font":{"preview-text":"Footer Links","preview-color":"dark","font-family":"Oswald","font-weight":"400","font-size":"16px","color":"#d7d7d9","css-selectors":".f-widget a, footer .wpt_widget_content a, footer .wp_review_tab_widget_content a, footer .wpt_tab_widget_content a, footer .widget .wp_review_tab_widget_content a"},"top_footer_font":{"preview-text":"Footer Font","preview-color":"dark","font-family":"Oswald","font-weight":"400","font-size":"16px","line-height":"28px","color":"#a8aaae","css-selectors":".footer-widgets, .f-widget .top-posts .comment_num, footer .meta, footer .twitter_time, footer .widget .wpt_widget_content .wpt-postmeta, footer .widget .wpt_comment_content, footer .widget .wpt_excerpt, footer .wp_review_tab_widget_content .wp-review-tab-postmeta, footer .advanced-recent-posts p, footer .popular-posts p, footer .category-posts p, footer .widget .post-info"},"copyrights_font":{"preview-text":"Copyrights Font","preview-color":"dark","font-family":"Roboto","font-weight":"300","font-size":"14px","color":"#ffffff","additional-css":"text-transform: uppercase;","css-selectors":"#copyright-note, #copyright-note a"},"h1_headline":{"preview-text":"H1 Headline","preview-color":"light","font-family":"Oswald","font-weight":"500","font-size":"36px","color":"#2e2f36","css-selectors":"h1"},"h2_headline":{"preview-text":"H2 Headline","preview-color":"light","font-family":"Oswald","font-weight":"500","font-size":"34px","color":"#2e2f36","css-selectors":"h2"},"h3_headline":{"preview-text":"H3 Headline","preview-color":"light","font-family":"Oswald","font-weight":"500","font-size":"32px","color":"#2e2f36","css-selectors":"h3, blockquote"},"h4_headline":{"preview-text":"H4 Headline","preview-color":"light","font-family":"Oswald","font-weight":"500","font-size":"30px","color":"#2e2f36","css-selectors":"h4"},"h5_headline":{"preview-text":"H5 Headline","preview-color":"light","font-family":"Oswald","font-weight":"500","font-size":"28px","color":"#2e2f36","css-selectors":"h5"},"h6_headline":{"preview-text":"H6 Headline","preview-color":"light","font-family":"Oswald","font-weight":"500","font-size":"26px","color":"#2e2f36","css-selectors":"h6"},"typography-subsets":["latin"],"defaults-section":"Reset Section","typography-collections":""},"mts-opts-backup":"1"}
