{"beauty":{"last_tab":"main","mts_logo":"3416","mts_favicon":"","mts_touch_icon":"","mts_metro_icon":"","mts_twitter_username":"","mts_feedburner":"","mts_ajax_search":"0","mts_responsive":"1","mts_shop_products":"9","async_js":"1","remove_ver_params":"1","disable_emojis":"0","prefetching":"0","mts_color_scheme":"#2d2628","mts_secondary_color_scheme":"#fec9c0","mts_hover_color_scheme":"#5a4047","mts_layout":"cslayout","mts_background":{"color":"#ffffff","use":"pattern","image_pattern":"nobg","image_upload":"","repeat":"repeat","attachment":"scroll","position":"left top","size":"cover","gradient":{"from":"#ffffff","to":"#000000","direction":"0deg"},"parallax":"0"},"mts_lightbox":"0","mts_header_style":"header-default","mts_sticky_nav":"0","mts_header_margin":{"top":"0","bottom":"0"},"mts_header_padding":{"top":"48px","bottom":"35px"},"mts_header_border":{"color":"","direction":"all","size":"","style":"none"},"mts_header_social_share":"0","mts_header_social":[{"group_title":"Facebook","group_sort":"1","mts_header_icon_title":"Facebook","mts_header_icon":"facebook-official","mts_header_icon_link":"#","mts_header_icon_bgcolor":"","mts_header_icon_hover_bgcolor":"","mts_header_icon_color":"#2d2628","mts_header_icon_hover_color":"#fec9c0","mts_header_icon_margin":{"top":"12px","right":"12px","bottom":"12px","left":"12px"},"mts_header_icon_padding":{"top":"0","right":"0","bottom":"0","left":"0"},"mts_header_icon_border":{"color":"","direction":"all","size":"","style":"none"},"mts_header_icon_border_radius":"0"},{"group_title":"Instagram","group_sort":"2","mts_header_icon_title":"Instagram","mts_header_icon":"instagram","mts_header_icon_link":"#","mts_header_icon_bgcolor":"","mts_header_icon_hover_bgcolor":"","mts_header_icon_color":"#2d2628","mts_header_icon_hover_color":"#fec9c0","mts_header_icon_margin":{"top":"12px","right":"12px","bottom":"12px","left":"12px"},"mts_header_icon_padding":{"top":"0","right":"0","bottom":"0","left":"0"},"mts_header_icon_border":{"color":"","direction":"all","size":"","style":"none"},"mts_header_icon_border_radius":"0"},{"group_title":"Twitter","group_sort":"3","mts_header_icon_title":"Twitter","mts_header_icon":"twitter","mts_header_icon_link":"#","mts_header_icon_bgcolor":"","mts_header_icon_hover_bgcolor":"","mts_header_icon_color":"#2d2628","mts_header_icon_hover_color":"#fec9c0","mts_header_icon_margin":{"top":"12px","right":"12px","bottom":"12px","left":"12px"},"mts_header_icon_padding":{"top":"0","right":"0","bottom":"0","left":"0"},"mts_header_icon_border":{"color":"","direction":"all","size":"","style":"none"},"mts_header_icon_border_radius":"0"}],"header_search_box":"1","mts_header_section2":"1","mts_main_navigation_background":{"color":"#ffffff","use":"pattern","image_pattern":"nobg","image_upload":"","repeat":"repeat","attachment":"scroll","position":"left top","size":"cover","gradient":{"from":"#ffffff","to":"#000000","direction":"0deg"},"parallax":"0"},"main_navigation_dropdown_bg":"#2d2628","main_navigation_dropdown_color":"#b7b5b6","main_navigation_dropdown_hover_color":"#fec9c0","mts_show_primary_nav":"0","mts_top_bar_background":{"color":"#ffffff","use":"pattern","image_pattern":"nobg","image_upload":"","repeat":"repeat","attachment":"scroll","position":"left top","size":"cover","gradient":{"from":"#ffffff","to":"#000000","direction":"0deg"},"parallax":"0"},"primary_navigation_font":{"preview-color":"light","font-family":"Karla","font-backup":"","font-weight":"400","font-style":"","color":"#000000","font-size":"14px","line-height":"","letter-spacing":"0.5px","margin-top":"","margin-bottom":"","css-selectors":"#primary-navigation a, .header-layout2 .header-search span.sbutton","additional-css":"text-transform: uppercase;"},"mts_top_header_border":{"color":"#ecedf1","direction":"bottom","size":"1","style":"solid"},"top_header_social_share":"1","top_header_social":[{"group_title":"Facebook","group_sort":"1","top_header_icon_title":"Facebook","top_header_icon":"facebook","top_header_icon_link":"#","top_header_icon_bgcolor":"","top_header_icon_hover_bgcolor":"","top_header_icon_color":"#2d2628","top_header_icon_hover_color":"#fec9c0","top_header_icon_margin":{"top":"12px","right":"12px","bottom":"12px","left":"12px"},"top_header_icon_padding":{"top":"0","right":"0","bottom":"0","left":"0"},"top_header_icon_border":{"color":"","direction":"all","size":"","style":"none"},"top_header_icon_border_radius":"0"},{"group_title":"Instagram","group_sort":"2","top_header_icon_title":"Instagram","top_header_icon":"instagram","top_header_icon_link":"#","top_header_icon_bgcolor":"","top_header_icon_hover_bgcolor":"","top_header_icon_color":"#2d2628","top_header_icon_hover_color":"#fec9c0","top_header_icon_margin":{"top":"12px","right":"12px","bottom":"12px","left":"12px"},"top_header_icon_padding":{"top":"0","right":"0","bottom":"0","left":"0"},"top_header_icon_border":{"color":"","direction":"all","size":"","style":"none"},"top_header_icon_border_radius":"0"},{"group_title":"Twitter","group_sort":"3","top_header_icon_title":"Twitter","top_header_icon":"twitter","top_header_icon_link":"#","top_header_icon_bgcolor":"","top_header_icon_hover_bgcolor":"","top_header_icon_color":"#2d2628","top_header_icon_hover_color":"#fec9c0","top_header_icon_margin":{"top":"12px","right":"12px","bottom":"12px","left":"12px"},"top_header_icon_padding":{"top":"0","right":"0","bottom":"0","left":"0"},"top_header_icon_border":{"color":"","direction":"all","size":"","style":"none"},"top_header_icon_border_radius":"0"}],"top_header_search_box":"1","primary_navigation_dropdown_bg":"#2d2628","primary_navigation_dropdown_color":"#b7b5b6","primary_navigation_dropdown_hover_color":"#fec9c0","mts_top_footer":"1","mts_top_footer_num":"2","footer_sections_position":"bottom","mts_copyrights":"Theme by <a href=\"http:\/\/mythemeshop.com\/\" rel=\"nofollow\">MyThemeShop<\/a>","mts_top_footer_margin":{"top":"20px","right":"0","bottom":"0","left":"0"},"mts_top_footer_padding":{"top":"50px","right":"0","bottom":"0","left":"0"},"mts_footer_background":{"color":"#ffffff","use":"pattern","image_pattern":"nobg","image_upload":"","repeat":"repeat","attachment":"scroll","position":"left top","size":"cover","gradient":{"from":"#ffffff","to":"#000000","direction":"0deg"},"parallax":"0"},"mts_copyrights_background":{"color":"#2d2628","use":"pattern","image_pattern":"nobg","image_upload":"","repeat":"repeat","attachment":"scroll","position":"left top","size":"cover","gradient":{"from":"#ffffff","to":"#000000","direction":"0deg"},"parallax":"0"},"mts_copyrights_padding":{"top":"30px","right":"0","bottom":"37px","left":"0"},"mts_copyrights_margin":{"top":"100px","right":"0","bottom":"0","left":"0"},"copyrights_border":{"color":"","direction":"all","size":"","style":"none"},"show_top_button":"1","bt_top_button_position":"floating","top_button_icon":"angle-double-up","top_button_text":"","top_button_color":"#f2f0f1","top_button_color_hover":"#ffffff","top_button_background":"#2d2628","top_button_background_hover":"#5a4047","top_button_font_size":"28","top_button_padding":{"top":"18px","right":"22px","bottom":"18px","left":"22px"},"top_button_position":{"top":"auto","right":"40px","bottom":"100px","left":"auto"},"top_button_border_radius":"0","top_button_border":{"color":"","direction":"all","size":"","style":"none"},"footer_brands_section":"0","footer_brands_alignment":"center","brands_section_title":"Our Brands:","brands_margin":{"top":"0","right":"0","bottom":"0","left":"0"},"brands_padding":{"top":"30px","right":"0","bottom":"27px","left":"0"},"brands_border":{"color":"","direction":"all","size":"","style":"none"},"social_button_layout":"standard","mts_social_button_position":"floating","mts_social_buttons_on_pages":"0","mts_social_buttons":{"enabled":{"facebookshare":"Facebook Share","twitter":"Twitter","pinterest":"Pinterest"},"disabled":{"facebook":"Facebook Like","linkedin":"LinkedIn","stumble":"StumbleUpon","reddit":"Reddit"}},"social_styling_margin":{"top":"0","right":"0","bottom":"0","left":"-90px"},"social_styling_box_shadow":"1","social_styling_border":{"color":"","direction":"all","size":"","style":"none"},"social_styling_background":{"color":"","use":"pattern","image_pattern":"nobg","image_upload":"","repeat":"repeat","attachment":"scroll","position":"left top","size":"cover","gradient":{"from":"#ffffff","to":"#000000","direction":"0deg"},"parallax":"0"},"detect_adblocker":"0","detect_adblocker_type":"popup","detect_adblocker_title":"Ad Blocker Detected","detect_adblocker_description":"Our website is made possible by displaying online advertisements to our visitors. Please consider supporting us by disabling your ad blocker.","background_clickable":"0","background_link":"","background_link_new_tab":"1","mts_header_adcode":"","header_adcode_show":"all","header_ad_size":"27","mts_header_adcode_margin":{"top":"20px","bottom":"0"},"navigation_ad":"0","navigation_adcode":"","navigation_ad_size":"26","navigation_ad_background":"#252525","mts_postfooter_adcode":"","mts_postfooter_adcode_time":"0","mts_posttop_adcode":"","mts_posttop_adcode_time":"0","mts_postend_adcode":"","mts_postend_adcode_time":"0","search_content":"all","search_results_per_page":"9","search_position":"above","mts_header_code":"","mts_analytics_code":"","mts_custom_css":"","retina_images":"1","images_responsive":"0","status_opengraph":"1","dynamic_css_compiler":"1","dynamic_css_db_caching":"0","cache_server_ip":""},"beauty_homepage":{"last_tab":"homepage-general","mts_featured_categories":[{"group_title":"","group_sort":"1","mts_featured_title":"Slider","unique_id":"5cd8da792a808","mts_thumb_layout":"layout-slider","mts_featured_category":"latest","mts_featured_category_postsnum":"","mts_featured_category_excerpt":""},{"group_title":"","group_sort":"3","mts_featured_title":"Business","unique_id":"5cd8dac8295b3","mts_thumb_layout":"layout-default","mts_featured_category":"business","mts_featured_category_postsnum":"3","mts_featured_category_excerpt":"20"},{"group_title":"","group_sort":"4","mts_featured_title":"Hottest","unique_id":"5cd8dafa796c7","mts_thumb_layout":"layout-1","mts_featured_category":"latest","mts_featured_category_postsnum":"","mts_featured_category_excerpt":"20"},{"group_title":"","group_sort":"5","mts_featured_title":"Culture","unique_id":"5cd8db2abc750","mts_thumb_layout":"layout-2","mts_featured_category":"latest","mts_featured_category_postsnum":"2","mts_featured_category_excerpt":"15"},{"group_title":"","group_sort":"6","mts_featured_title":"Trending","unique_id":"5cd8db875c610","mts_thumb_layout":"layout-1","mts_featured_category":"latest","mts_featured_category_postsnum":"","mts_featured_category_excerpt":"20"},{"group_title":"","group_sort":"7","mts_featured_title":"Latest","unique_id":"5cd8da08aa6de","mts_thumb_layout":"layout-default","mts_featured_category":"latest","mts_featured_category_postsnum":"3","mts_featured_category_excerpt":"16"},{"group_title":"","group_sort":"8","mts_featured_title":"CTA","unique_id":"5cd8db875c648","mts_thumb_layout":"layout-cta","mts_featured_category":"latest","mts_featured_category_postsnum":"","mts_featured_category_excerpt":""}],"mts_featured_category_title_5cd8da792a808":"0","mts_post_title_alignment_5cd8da792a808":"left","mts_featured_category_title_background_5cd8da792a808":{"color":"","use":"pattern","image_pattern":"nobg","image_upload":"","repeat":"repeat","attachment":"scroll","position":"left top","size":"cover","gradient":{"from":"#ffffff","to":"#000000","direction":"0deg"},"parallax":"0"},"mts_featured_category_title_margin_5cd8da792a808":{"top":"0","right":"0","bottom":"30px","left":"0"},"mts_featured_category_title_padding_5cd8da792a808":{"top":"0","right":"0","bottom":"0","left":"0"},"post_title_border_5cd8da792a808":{"color":"","direction":"all","size":"","style":"none"},"mts_featured_category_title_font_5cd8da792a808":{"preview-color":"light","font-family":"Crimson Text","font-backup":"","font-weight":"400","font-style":"","color":"#2d2628","font-size":"40px","line-height":"1.2","letter-spacing":"","margin-top":"","margin-bottom":"","css-selectors":".title-container.title-id-5cd8da792a808 h3.featured-category-title","additional-css":""},"mts_featured_slider_category_5cd8da792a808":["latest"],"mts_featured_slider_num_5cd8da792a808":"3","mts_home_headline_meta_info5cd8da792a808":{"enabled":{"category":"Categories","date":"Date"},"disabled":{"author":"Author Name","comment":"Comment Count"}},"mts_meta_info_category_icon_5cd8da792a808":"","mts_meta_info_date_icon_5cd8da792a808":"","mts_meta_info_author_icon_5cd8da792a808":"","mts_meta_info_comment_icon_5cd8da792a808":"","mts_meta_info_margin_5cd8da792a808":{"top":"0","right":"0","bottom":"30px","left":"0"},"mts_meta_info_font_5cd8da792a808":{"preview-color":"light","font-family":"Karla","font-backup":"","font-weight":"400","font-style":"","color":"#5a4047","font-size":"13px","line-height":"","letter-spacing":"2px","margin-top":"","margin-bottom":"","css-selectors":".layout-5cd8da792a808 .slide-caption .post-info, .layout-5cd8da792a808 .slide-caption .post-info a","additional-css":"text-transform: uppercase;"},"mts_featured_category_background_5cd8da792a808":{"color":"","use":"pattern","image_pattern":"nobg","image_upload":"","repeat":"repeat","attachment":"scroll","position":"left top","size":"cover","gradient":{"from":"#ffffff","to":"#000000","direction":"0deg"},"parallax":"0"},"post_border_5cd8da792a808":{"color":"","direction":"all","size":"","style":"none"},"mts_featured_category_margin_5cd8da792a808":{"top":"0","bottom":"0"},"mts_featured_category_padding_5cd8da792a808":{"top":"0","right":"0","bottom":"60px","left":"0"},"mts_featured_category_font_5cd8da792a808":{"preview-color":"light","font-family":"Crimson Text","font-backup":"","font-weight":"400","font-style":"","color":"#2d2628","font-size":"34px","line-height":"36px","letter-spacing":"","margin-top":"","margin-bottom":"","css-selectors":".layout-5cd8da792a808 .slide-caption .front-view-title a","additional-css":""},"mts_featured_category_excerpt_font_5cd8da792a808":{"preview-color":"light","font-family":"Karla","font-backup":"","font-weight":"400","font-style":"","color":"#836d71","font-size":"16px","line-height":"24px","letter-spacing":"","margin-top":"","margin-bottom":"","css-selectors":".layout-5cd8da792a808 .slide-caption .front-view-content","additional-css":""},"mts_featured_category_title_5cd8dac8295b3":"0","mts_post_title_alignment_5cd8dac8295b3":"left","mts_featured_category_title_background_5cd8dac8295b3":{"color":"","use":"pattern","image_pattern":"nobg","image_upload":"","repeat":"repeat","attachment":"scroll","position":"left top","size":"cover","gradient":{"from":"#ffffff","to":"#000000","direction":"0deg"},"parallax":"0"},"mts_featured_category_title_margin_5cd8dac8295b3":{"top":"0","right":"0","bottom":"30px","left":"0"},"mts_featured_category_title_padding_5cd8dac8295b3":{"top":"0","right":"0","bottom":"0","left":"0"},"post_title_border_5cd8dac8295b3":{"color":"","direction":"all","size":"","style":"none"},"mts_featured_category_title_font_5cd8dac8295b3":{"preview-color":"light","font-family":"Crimson Text","font-backup":"","font-weight":"400","font-style":"","color":"#2d2628","font-size":"40px","line-height":"1.2","letter-spacing":"","margin-top":"","margin-bottom":"","css-selectors":".title-container.title-id-5cd8dac8295b3 h3.featured-category-title","additional-css":""},"mts_home_headline_meta_info5cd8dac8295b3":{"enabled":{"category":"Categories","date":"Date"},"disabled":{"author":"Author Name","comment":"Comment Count"}},"mts_meta_info_category_icon_5cd8dac8295b3":"","mts_meta_info_date_icon_5cd8dac8295b3":"","mts_meta_info_author_icon_5cd8dac8295b3":"","mts_meta_info_comment_icon_5cd8dac8295b3":"","mts_meta_info_margin_5cd8dac8295b3":{"top":"0","right":"0","bottom":"18px","left":"0"},"mts_meta_info_padding_5cd8dac8295b3":{"top":"0","right":"0","bottom":"0","left":"0"},"mts_meta_info_font_5cd8dac8295b3":{"preview-color":"light","font-family":"Karla","font-backup":"","font-weight":"400","font-style":"","color":"#5a4047","font-size":"13px","line-height":"","letter-spacing":"2px","margin-top":"","margin-bottom":"","css-selectors":".layout-5cd8dac8295b3 .latestPost .post-info, .layout-5cd8dac8295b3 .latestPost .post-info a","additional-css":"text-transform: uppercase;"},"readmore_5cd8dac8295b3":"1","readmore_bg_5cd8dac8295b3":"#2d2628","mts_featured_category_background_5cd8dac8295b3":{"color":"","use":"pattern","image_pattern":"nobg","image_upload":"","repeat":"repeat","attachment":"scroll","position":"left top","size":"cover","gradient":{"from":"#ffffff","to":"#000000","direction":"0deg"},"parallax":"0"},"post_border_5cd8dac8295b3":{"color":"","direction":"all","size":"","style":"none"},"mts_featured_category_margin_5cd8dac8295b3":{"top":"80px","bottom":"80px"},"mts_featured_category_padding_5cd8dac8295b3":{"top":"0","right":"0","bottom":"0","left":"0"},"mts_featured_category_font_5cd8dac8295b3":{"preview-color":"light","font-family":"Crimson Text","font-backup":"","font-weight":"400","font-style":"","color":"#2d2628","font-size":"22px","line-height":"28px","letter-spacing":"","margin-top":"","margin-bottom":"","css-selectors":".layout-5cd8dac8295b3 .latestPost .title a","additional-css":""},"mts_featured_category_excerpt_font_5cd8dac8295b3":{"preview-color":"light","font-family":"Karla","font-backup":"","font-weight":"400","font-style":"","color":"#836d71","font-size":"14px","line-height":"24px","letter-spacing":"","margin-top":"","margin-bottom":"","css-selectors":".layout-5cd8dac8295b3 .latestPost .front-view-content","additional-css":""},"mts_featured_category_title_5cd8dafa796c7":"1","mts_post_title_alignment_5cd8dafa796c7":"left","mts_featured_category_title_background_5cd8dafa796c7":{"color":"","use":"pattern","image_pattern":"nobg","image_upload":"","repeat":"repeat","attachment":"scroll","position":"left top","size":"cover","gradient":{"from":"#ffffff","to":"#000000","direction":"0deg"},"parallax":"0"},"mts_featured_category_title_margin_5cd8dafa796c7":{"top":"0","right":"0","bottom":"-28px","left":"0"},"mts_featured_category_title_padding_5cd8dafa796c7":{"top":"0","right":"0","bottom":"0","left":"0"},"post_title_border_5cd8dafa796c7":{"color":"","direction":"all","size":"","style":"none"},"mts_featured_category_title_font_5cd8dafa796c7":{"preview-color":"light","font-family":"Crimson Text","font-backup":"","font-weight":"400","font-style":"","color":"#625c5e","font-size":"100px","line-height":"80px","letter-spacing":"","margin-top":"","margin-bottom":"","css-selectors":".title-container.title-id-5cd8dafa796c7 h3.featured-category-title","additional-css":""},"post_image_position_5cd8dafa796c7":"image-left","mts_home_headline_meta_info5cd8dafa796c7":{"enabled":{"category":"Categories","date":"Date"},"disabled":{"author":"Author Name","comment":"Comment Count"}},"mts_meta_info_category_icon_5cd8dafa796c7":"","mts_meta_info_date_icon_5cd8dafa796c7":"","mts_meta_info_author_icon_5cd8dafa796c7":"","mts_meta_info_comment_icon_5cd8dafa796c7":"","mts_meta_info_margin_5cd8dafa796c7":{"top":"0","right":"0","bottom":"30px","left":"0"},"mts_meta_info_font_5cd8dafa796c7":{"preview-color":"dark","font-family":"Karla","font-backup":"","font-weight":"400","font-style":"","color":"#ffffff","font-size":"13px","line-height":"","letter-spacing":"2px","margin-top":"","margin-bottom":"","css-selectors":".layout-5cd8dafa796c7 .latestPost .post-info, .layout-5cd8dafa796c7 .latestPost .post-info a","additional-css":"text-transform: uppercase;"},"readmore_5cd8dafa796c7":"0","readmore_bg_5cd8dafa796c7":"#fec9c0","mts_featured_category_background_5cd8dafa796c7":{"color":"#2d2628","use":"pattern","image_pattern":"nobg","image_upload":"","repeat":"repeat","attachment":"scroll","position":"left top","size":"cover","gradient":{"from":"#ffffff","to":"#000000","direction":"0deg"},"parallax":"0"},"post_border_5cd8dafa796c7":{"color":"","direction":"all","size":"","style":"none"},"mts_featured_category_margin_5cd8dafa796c7":{"top":"0","bottom":"150px"},"mts_featured_category_padding_5cd8dafa796c7":{"top":"85px","right":"0","bottom":"75px","left":"0"},"mts_featured_category_font_5cd8dafa796c7":{"preview-color":"dark","font-family":"Crimson Text","font-backup":"","font-weight":"400","font-style":"","color":"#ffffff","font-size":"34px","line-height":"36px","letter-spacing":"","margin-top":"","margin-bottom":"","css-selectors":".layout-5cd8dafa796c7 .latestPost .front-view-title a","additional-css":""},"mts_featured_category_excerpt_font_5cd8dafa796c7":{"preview-color":"dark","font-family":"Karla","font-backup":"","font-weight":"400","font-style":"","color":"#d8d7d7","font-size":"16px","line-height":"24px","letter-spacing":"","margin-top":"","margin-bottom":"","css-selectors":".layout-5cd8dafa796c7 .latestPost .front-view-content","additional-css":""},"mts_featured_category_title_5cd8db2abc750":"0","mts_post_title_alignment_5cd8db2abc750":"left","mts_featured_category_title_background_5cd8db2abc750":{"color":"","use":"pattern","image_pattern":"nobg","image_upload":"","repeat":"repeat","attachment":"scroll","position":"left top","size":"cover","gradient":{"from":"#ffffff","to":"#000000","direction":"0deg"},"parallax":"0"},"mts_featured_category_title_margin_5cd8db2abc750":{"top":"0","right":"0","bottom":"30px","left":"0"},"mts_featured_category_title_padding_5cd8db2abc750":{"top":"0","right":"0","bottom":"0","left":"0"},"post_title_border_5cd8db2abc750":{"color":"","direction":"all","size":"","style":"none"},"mts_featured_category_title_font_5cd8db2abc750":{"preview-color":"light","font-family":"Crimson Text","font-backup":"","font-weight":"400","font-style":"","color":"#2d2628","font-size":"40px","line-height":"1.2","letter-spacing":"","margin-top":"","margin-bottom":"","css-selectors":".title-container.title-id-5cd8db2abc750 h3.featured-category-title","additional-css":""},"mts_home_headline_meta_info5cd8db2abc750":{"enabled":{"category":"Categories","date":"Date"},"disabled":{"author":"Author Name","comment":"Comment Count"}},"mts_meta_info_category_icon_5cd8db2abc750":"","mts_meta_info_date_icon_5cd8db2abc750":"","mts_meta_info_author_icon_5cd8db2abc750":"","mts_meta_info_comment_icon_5cd8db2abc750":"","mts_meta_info_margin_5cd8db2abc750":{"top":"10px","right":"0","bottom":"16px","left":"0"},"mts_meta_info_font_5cd8db2abc750":{"preview-color":"light","font-family":"Karla","font-backup":"","font-weight":"400","font-style":"","color":"#5a4047","font-size":"13px","line-height":"","letter-spacing":"2px","margin-top":"","margin-bottom":"","css-selectors":".layout-5cd8db2abc750 .latestPost .post-info, .layout-5cd8db2abc750 .latestPost .post-info a","additional-css":"text-transform: uppercase;"},"post_sidebar_position_5cd8db2abc750":"layout-2-sidebar-left","readmore_5cd8db2abc750":"1","readmore_bg_5cd8db2abc750":"#2d2628","mts_featured_category_background_5cd8db2abc750":{"color":"","use":"pattern","image_pattern":"nobg","image_upload":"","repeat":"repeat","attachment":"scroll","position":"left top","size":"cover","gradient":{"from":"#ffffff","to":"#000000","direction":"0deg"},"parallax":"0"},"post_border_5cd8db2abc750":{"color":"","direction":"all","size":"","style":"none"},"mts_featured_category_margin_5cd8db2abc750":{"top":"0","bottom":"30px"},"mts_featured_category_padding_5cd8db2abc750":{"top":"30px","right":"0","bottom":"0","left":"0"},"mts_featured_category_font_5cd8db2abc750":{"preview-color":"light","font-family":"Crimson Text","font-backup":"","font-weight":"400","font-style":"","color":"#2d2628","font-size":"22px","line-height":"28px","letter-spacing":"","margin-top":"","margin-bottom":"","css-selectors":".layout-5cd8db2abc750 .latestPost .title a","additional-css":""},"mts_featured_category_excerpt_font_5cd8db2abc750":{"preview-color":"light","font-family":"Karla","font-backup":"","font-weight":"400","font-style":"","color":"#836d71","font-size":"14px","line-height":"24px","letter-spacing":"","margin-top":"","margin-bottom":"","css-selectors":".layout-5cd8db2abc750 .latestPost .front-view-content","additional-css":""},"mts_featured_category_title_5cd8db875c610":"1","mts_post_title_alignment_5cd8db875c610":"right","mts_featured_category_title_background_5cd8db875c610":{"color":"","use":"pattern","image_pattern":"nobg","image_upload":"","repeat":"repeat","attachment":"scroll","position":"left top","size":"cover","gradient":{"from":"#ffffff","to":"#000000","direction":"0deg"},"parallax":"0"},"mts_featured_category_title_margin_5cd8db875c610":{"top":"0","right":"0","bottom":"-28px","left":"0"},"mts_featured_category_title_padding_5cd8db875c610":{"top":"0","right":"0","bottom":"0","left":"0"},"post_title_border_5cd8db875c610":{"color":"","direction":"all","size":"","style":"none"},"mts_featured_category_title_font_5cd8db875c610":{"preview-color":"light","font-family":"Crimson Text","font-backup":"","font-weight":"400","font-style":"","color":"#d6cfd1","font-size":"100px","line-height":"80px","letter-spacing":"","margin-top":"","margin-bottom":"","css-selectors":".title-container.title-id-5cd8db875c610 h3.featured-category-title","additional-css":""},"post_image_position_5cd8db875c610":"image-right","mts_home_headline_meta_info5cd8db875c610":{"enabled":{"category":"Categories","date":"Date"},"disabled":{"author":"Author Name","comment":"Comment Count"}},"mts_meta_info_category_icon_5cd8db875c610":"","mts_meta_info_date_icon_5cd8db875c610":"","mts_meta_info_author_icon_5cd8db875c610":"","mts_meta_info_comment_icon_5cd8db875c610":"","mts_meta_info_margin_5cd8db875c610":{"top":"0","right":"0","bottom":"30px","left":"0"},"mts_meta_info_font_5cd8db875c610":{"preview-color":"dark","font-family":"Karla","font-backup":"","font-weight":"400","font-style":"","color":"#5a4047","font-size":"13px","line-height":"","letter-spacing":"2px","margin-top":"","margin-bottom":"","css-selectors":".layout-5cd8db875c610 .latestPost .post-info, .layout-5cd8db875c610 .latestPost .post-info a","additional-css":"text-transform: uppercase;"},"readmore_5cd8db875c610":"0","readmore_bg_5cd8db875c610":"#fec9c0","mts_featured_category_background_5cd8db875c610":{"color":"#ffffff","use":"pattern","image_pattern":"nobg","image_upload":"","repeat":"repeat","attachment":"scroll","position":"left top","size":"cover","gradient":{"from":"#ffffff","to":"#000000","direction":"0deg"},"parallax":"0"},"post_border_5cd8db875c610":{"color":"","direction":"all","size":"","style":"none"},"mts_featured_category_margin_5cd8db875c610":{"top":"0","bottom":"150px"},"mts_featured_category_padding_5cd8db875c610":{"top":"75px","right":"0","bottom":"105px","left":"0"},"mts_featured_category_font_5cd8db875c610":{"preview-color":"dark","font-family":"Crimson Text","font-backup":"","font-weight":"400","font-style":"","color":"#2d2628","font-size":"34px","line-height":"36px","letter-spacing":"","margin-top":"","margin-bottom":"","css-selectors":".layout-5cd8db875c610 .latestPost .front-view-title a","additional-css":""},"mts_featured_category_excerpt_font_5cd8db875c610":{"preview-color":"dark","font-family":"Karla","font-backup":"","font-weight":"400","font-style":"","color":"#836d71","font-size":"16px","line-height":"24px","letter-spacing":"","margin-top":"","margin-bottom":"","css-selectors":".layout-5cd8db875c610 .latestPost .front-view-content","additional-css":""},"mts_featured_category_title_5cd8da08aa6de":"0","mts_post_title_alignment_5cd8da08aa6de":"left","mts_featured_category_title_background_5cd8da08aa6de":{"color":"","use":"pattern","image_pattern":"nobg","image_upload":"","repeat":"repeat","attachment":"scroll","position":"left top","size":"cover","gradient":{"from":"#ffffff","to":"#000000","direction":"0deg"},"parallax":"0"},"mts_featured_category_title_margin_5cd8da08aa6de":{"top":"0","right":"0","bottom":"30px","left":"0"},"mts_featured_category_title_padding_5cd8da08aa6de":{"top":"0","right":"0","bottom":"0","left":"0"},"post_title_border_5cd8da08aa6de":{"color":"","direction":"all","size":"","style":"none"},"mts_featured_category_title_font_5cd8da08aa6de":{"preview-color":"light","font-family":"Crimson Text","font-backup":"","font-weight":"400","font-style":"","color":"#2d2628","font-size":"40px","line-height":"1.2","letter-spacing":"","margin-top":"","margin-bottom":"","css-selectors":".title-container.title-id-5cd8da08aa6de h3.featured-category-title","additional-css":""},"mts_home_headline_meta_info5cd8da08aa6de":{"enabled":{"category":"Categories","date":"Date"},"disabled":{"author":"Author Name","comment":"Comment Count"}},"mts_meta_info_category_icon_5cd8da08aa6de":"","mts_meta_info_date_icon_5cd8da08aa6de":"","mts_meta_info_author_icon_5cd8da08aa6de":"","mts_meta_info_comment_icon_5cd8da08aa6de":"","mts_meta_info_margin_5cd8da08aa6de":{"top":"0","right":"0","bottom":"18px","left":"0"},"mts_meta_info_padding_5cd8da08aa6de":{"top":"0","right":"0","bottom":"0","left":"0"},"mts_meta_info_font_5cd8da08aa6de":{"preview-color":"light","font-family":"Karla","font-backup":"","font-weight":"400","font-style":"","color":"#5a4047","font-size":"13px","line-height":"","letter-spacing":"2px","margin-top":"","margin-bottom":"","css-selectors":".layout-5cd8da08aa6de .latestPost .post-info, .layout-5cd8da08aa6de .latestPost .post-info a","additional-css":"text-transform: uppercase;"},"readmore_5cd8da08aa6de":"1","readmore_bg_5cd8da08aa6de":"#2d2628","mts_featured_category_background_5cd8da08aa6de":{"color":"","use":"pattern","image_pattern":"nobg","image_upload":"","repeat":"repeat","attachment":"scroll","position":"left top","size":"cover","gradient":{"from":"#ffffff","to":"#000000","direction":"0deg"},"parallax":"0"},"post_border_5cd8da08aa6de":{"color":"","direction":"all","size":"","style":"none"},"mts_featured_category_margin_5cd8da08aa6de":{"top":"80px","bottom":"80px"},"mts_featured_category_padding_5cd8da08aa6de":{"top":"0","right":"0","bottom":"0","left":"0"},"mts_featured_category_font_5cd8da08aa6de":{"preview-color":"light","font-family":"Crimson Text","font-backup":"","font-weight":"400","font-style":"","color":"#2d2628","font-size":"22px","line-height":"28px","letter-spacing":"","margin-top":"","margin-bottom":"","css-selectors":".layout-5cd8da08aa6de .latestPost .title a","additional-css":""},"mts_featured_category_excerpt_font_5cd8da08aa6de":{"preview-color":"light","font-family":"Karla","font-backup":"","font-weight":"400","font-style":"","color":"#836d71","font-size":"14px","line-height":"24px","letter-spacing":"","margin-top":"","margin-bottom":"","css-selectors":".layout-5cd8da08aa6de .latestPost .front-view-content","additional-css":""},"cta_size_5cd8db875c648":"full","subscribe_alignment_5cd8db875c648":"left","subscribe_title_font_5cd8db875c648":{"preview-color":"light","font-family":"Crimson Text","font-backup":"","font-weight":"400","font-style":"","color":"#2d2628","font-size":"34px","line-height":"40px","letter-spacing":"","margin-top":"","margin-bottom":"","css-selectors":".layout-5cd8db875c648 .widget #wp-subscribe .title, .layout-5cd8db875c648 .layout-cta .left-content h4","additional-css":"text-transform: capitalize;"},"subscribe_input_background_5cd8db875c648":"#ffffff","subscribe_input_font_5cd8db875c648":{"preview-color":"dark","font-family":"Karla","font-backup":"","font-weight":"400","font-style":"","color":"#8e8084","font-size":"18px","line-height":"24px","letter-spacing":"","margin-top":"","margin-bottom":"","css-selectors":".layout-5cd8db875c648 .layout-cta #wp-subscribe input.email-field, .layout-5cd8db875c648 .layout-cta #wp-subscribe input.name-field","additional-css":""},"subscribe_text_font_5cd8db875c648":{"preview-color":"dark","font-family":"Karla","font-backup":"","font-weight":"400","font-style":"","color":"#8e8084","font-size":"16px","line-height":"24px","letter-spacing":"","margin-top":"","margin-bottom":"","css-selectors":".layout-5cd8db875c648 .layout-cta #wp-subscribe p.text, .layout-5cd8db875c648 .subscribe-icons-container p, .layout-5cd8db875c648 .layout-cta .left-content p","additional-css":""},"subscribe_small_text_font_5cd8db875c648":{"preview-color":"dark","font-family":"Karla","font-backup":"","font-weight":"400","font-style":"","color":"#8e8084","font-size":"16px","line-height":"","letter-spacing":"","margin-top":"","margin-bottom":"","css-selectors":".layout-5cd8db875c648 .layout-cta #sidebar .wp-subscribe-wrap p.footer-text, .layout-5cd8db875c648 .layout-cta #sidebar .widget .wp-subscribe .wps-consent-wrapper","additional-css":""},"subscribe_right_alignment_5cd8db875c648":"left","cta_title_5cd8db875c648":"Learn how to advertise with us","cta_url_5cd8db875c648":"#","cta_button_bg_5cd8db875c648":"#2d2628","cta_title_font_5cd8db875c648":{"preview-color":"light","font-family":"Crimson Text","font-backup":"","font-weight":"400","font-style":"","color":"#2d2628","font-size":"34px","line-height":"40px","letter-spacing":"","margin-top":"","margin-bottom":"","css-selectors":".layout-5cd8db875c648 .layout-cta .cta-title","additional-css":"text-transform: capitalize;"},"cta_social_icons_5cd8db875c648":"0","cta_icon_title_5cd8db875c648":"Follow Us","cta_social_5cd8db875c648":[{"group_title":"Facebook","group_sort":"1","cta_social_title":"Facebook","cta_social_icon":"facebook-square","cta_social_link":"#","cta_social_color":"#2d2628","cta_social_hover_color":"#2d2628","cta_social_margin":{"top":"0","right":"22px","bottom":"0","left":"0"},"cta_social_padding":{"top":"0","right":"0","bottom":"0","left":"0"}},{"group_title":"Youtube","group_sort":"1","cta_social_title":"Youtube","cta_social_icon":"youtube","cta_social_link":"#","cta_social_color":"#2d2628","cta_social_hover_color":"#2d2628","cta_social_margin":{"top":"0","right":"22px","bottom":"0","left":"0"},"cta_social_padding":{"top":"0","right":"0","bottom":"0","left":"0"}},{"group_title":"Twitter","group_sort":"3","cta_social_title":"Twitter","cta_social_icon":"twitter","cta_social_link":"#","cta_social_color":"#2d2628","cta_social_hover_color":"#2d2628","cta_social_margin":{"top":"0","right":"22px","bottom":"0","left":"0"},"cta_social_padding":{"top":"0","right":"0","bottom":"0","left":"0"}},{"group_title":"Pinterest","group_sort":"4","cta_social_title":"Pinterest","cta_social_icon":"pinterest","cta_social_link":"#","cta_social_color":"#2d2628","cta_social_hover_color":"#2d2628","cta_social_margin":{"top":"0","right":"22px","bottom":"0","left":"0"},"cta_social_padding":{"top":"0","right":"0","bottom":"0","left":"0"}},{"group_title":"Instagram","group_sort":"5","cta_social_title":"Instagram","cta_social_icon":"instagram","cta_social_link":"#","cta_social_color":"#2d2628","cta_social_hover_color":"#2d2628","cta_social_margin":{"top":"0","right":"0","bottom":"0","left":"0"},"cta_social_padding":{"top":"0","right":"0","bottom":"0","left":"0"}}],"mts_featured_category_background_5cd8db875c648":{"color":"#ffffff","use":"pattern","image_pattern":"nobg","image_upload":"","repeat":"repeat","attachment":"scroll","position":"left top","size":"cover","gradient":{"from":"#ffffff","to":"#000000","direction":"0deg"},"parallax":"0"},"post_border_5cd8db875c648":{"color":"","direction":"all","size":"","style":"none"},"mts_featured_category_margin_5cd8db875c648":{"top":"0","bottom":"30px"},"mts_featured_category_padding_5cd8db875c648":{"top":"50px","right":"0","bottom":"0","left":"0"},"mts_pagenavigation_type":"1","load_more_alignment":"center","mts_pagenavigation_bgcolor":"#fff2f0","load_more_bgcolor":"#fff2f0","mts_pagenavigation_hover_bgcolor":"#5a4047","load_more_hover_bgcolor":"#5a4047","mts_pagenavigation_color":"#5a4047","load_more_color":"#5a4047","mts_pagenavigation_hover_color":"#ffffff","load_more_hover_color":"#ffffff","mts_pagenavigation_margin":{"top":"0","right":"5px","bottom":"10px","left":"0"},"mts_pagenavigation_padding":{"top":"13px","right":"16px","bottom":"12px","left":"16px"},"load_more_margin":{"top":"20px","right":"0","bottom":"40px","left":"0"},"load_more_padding":{"top":"13px","right":"35px","bottom":"13px","left":"35px"},"mts_pagenavigation_border_radius":"0","pagenavigation_border":{"color":"#fff2f0","direction":"all","size":"1","style":"solid"},"load_more_border":{"color":"#fff2f0","direction":"all","size":"1","style":"solid"}},"beauty_sidebars":{"mts_custom_sidebars":"","mts_sidebar_for_home":"","mts_sidebar_for_post":"","mts_sidebar_for_page":"","mts_sidebar_for_archive":"","mts_sidebar_for_category":"","mts_sidebar_for_tag":"","mts_sidebar_for_date":"","mts_sidebar_for_author":"","mts_sidebar_for_search":"","mts_sidebar_for_notfound":"","mts_sidebar_for_shop":"","mts_sidebar_for_product":"","mts_sidebar_title_styling_heading":"","mts_sidebar_title_styling_background":{"color":"","use":"pattern","image_pattern":"nobg","image_upload":"","repeat":"repeat","attachment":"scroll","position":"left top","size":"cover","gradient":{"from":"#ffffff","to":"#000000","direction":"0deg"},"parallax":"0"},"mts_sidebar_title_styling_margin":{"top":"0","bottom":"22px"},"mts_sidebar_title_styling_padding":{"left":"0","top":"0","right":"0","bottom":"0"},"widget_title_border":"","mts_sidebar_styling_heading":"","mts_sidebar_styling_background":{"color":"","use":"pattern","image_pattern":"nobg","image_upload":"","repeat":"repeat","attachment":"scroll","position":"left top","size":"cover","gradient":{"from":"#ffffff","to":"#000000","direction":"0deg"},"parallax":"0"},"mts_sidebar_styling_margin":{"left":"0","top":"0","right":"0","bottom":"47px"},"mts_sidebar_styling_padding":{"left":"0","top":"0","right":"0","bottom":"0"},"sidebar_styling_border":"","mts_seo_message":"","last_tab":0},"beauty_single":{"last_tab":"single-general","mts_show_featured":"1","featured_image_size":"default","featured_image_margin":{"top":"-80px","right":"0","bottom":"64px","left":"0"},"featured_text_alignment":"center","author_image_on_full":"0","show_prev_next":"0","mts_single_post_layout":{"enabled":{"content":"Post Content","tags":"Tags","author":"Author Box","related":"Related Posts","subscribe":"Subscribe Box"}},"related_post_title":"Related Posts","mts_related_posts_taxonomy":"categories","mts_single_headline_meta_info":{"enabled":{"category":"Categories","date":"Date"},"disabled":{"author":"Author Name","comment":"Comment Count"}},"mts_single_meta_info_category_icon":"","mts_single_meta_info_date_icon":"","mts_single_meta_info_author_icon":"","mts_single_meta_info_comment_icon":"","single_meta_info_background":"","secondary_single_meta_info":"1","secondary_author_image":{"author-image":"author-image","author-name":"author-name"},"mts_secondary_single_headline_meta_info":{"enabled":{"category":"Categories","date":"Date"},"disabled":{"comment":"Comment Count"}},"mts_secondary_single_meta_info_category_icon":"","mts_secondary_single_meta_info_date_icon":"","mts_secondary_single_meta_info_comment_icon":"","secondary_single_meta_info_background":"#2d2628","secondary_meta_info_author_color":"#ffffff","secondary_single_meta_info_padding":{"top":"0","right":"0","bottom":"25px","left":"0"},"secondary_single_meta_info_margin":{"top":"-36px","right":"0","bottom":"30px","left":"0"},"secondary_single_meta_info_border":{"color":"#e0dfdf","direction":"bottom","size":"1","style":"solid"},"mts_breadcrumb":"0","breadcrumb_icon":"angle-right","mts_author_comment":"1","mts_comment_date":"1","single_title_background":{"color":"","use":"pattern","image_pattern":"nobg","image_upload":"","repeat":"repeat","attachment":"scroll","position":"left top","size":"cover","gradient":{"from":"#ffffff","to":"#000000","direction":"0deg"},"parallax":"0"},"single_title_padding":{"top":"0","right":"0","bottom":"25px","left":"0"},"single_title_border":{"color":"","direction":"all","size":"","style":"none"},"single_page_titles_font":{"preview-color":"light","font-family":"Crimson Text","font-backup":"","font-weight":"400","font-style":"","color":"#2d2628","font-size":"30px","line-height":"1.6","letter-spacing":"","margin-top":"","margin-bottom":"","css-selectors":"#respond h4, .total-comments","additional-css":""},"single_background":{"color":"","use":"pattern","image_pattern":"nobg","image_upload":"","repeat":"repeat","attachment":"scroll","position":"left top","size":"cover","gradient":{"from":"#ffffff","to":"#000000","direction":"0deg"},"parallax":"0"},"mts_single_styling_margin":{"top":"0","bottom":"40px"},"mts_single_styling_padding":{"top":"0","right":"0","bottom":"20px","left":"0"},"single_styling_border":{"color":"","direction":"all","size":"","style":"none"},"breadcrumb_font":{"preview-color":"light","font-family":"Karla","font-backup":"","font-weight":"400","font-style":"","color":"#2d2628","font-size":"18px","line-height":"","letter-spacing":"","margin-top":"","margin-bottom":"","css-selectors":".breadcrumb, .rank-math-breadcrumb","additional-css":""},"mts_single_meta_info_font":{"preview-color":"light","font-family":"Karla","font-backup":"","font-weight":"400","font-style":"","color":"#5a4047","font-size":"15px","line-height":"24px","letter-spacing":"2px","margin-top":"","margin-bottom":"","css-selectors":".single_post .post-info, .single-full-header .post-info","additional-css":"text-transform: uppercase;"},"mts_sec_single_meta_info_font":{"preview-color":"light","font-family":"Karla","font-backup":"","font-weight":"400","font-style":"","color":"#969394","font-size":"18px","line-height":"24px","letter-spacing":"0","margin-top":"","margin-bottom":"","css-selectors":".single_post .secondary-meta-info, .single_post .secondary-meta-info .post-info","additional-css":"text-transform: none;"},"mts_tags_font":{"preview-color":"light","font-family":"Crimson Text","font-backup":"","font-weight":"400","font-style":"","color":"#2d2628","font-size":"18px","line-height":"","letter-spacing":"","margin-top":"","margin-bottom":"","css-selectors":".tags a, .ago, .reply, #commentform input#submit, #mtscontact_submit","additional-css":""},"related_posts_background":{"color":"","use":"pattern","image_pattern":"nobg","image_upload":"","repeat":"repeat","attachment":"scroll","position":"left top","size":"cover","gradient":{"from":"#ffffff","to":"#000000","direction":"0deg"},"parallax":"0"},"related_posts_layouts":"default","related_posts_grid":"grid3","mts_related_postsnum":"3","related_posts_adcode":"","related_posts_position":"full","related_post_meta_info":{"time":"time","category":"category"},"related_posts_margin":{"top":"35px","right":"0","bottom":"35px","left":"0"},"related_posts_padding":{"top":"0","right":"0","bottom":"0","left":"0"},"related_post_title_font":{"preview-color":"light","font-family":"Crimson Text","font-backup":"","font-weight":"400","font-style":"","color":"#2d2628","font-size":"48px","line-height":"40px","letter-spacing":"","margin-top":"","margin-bottom":"","css-selectors":".related-posts h4","additional-css":""},"related_posts_font":{"preview-color":"light","font-family":"Crimson Text","font-backup":"","font-weight":"400","font-style":"","color":"#2d2628","font-size":"22px","line-height":"28px","letter-spacing":"","margin-top":"","margin-bottom":"","css-selectors":".related-posts .title a","additional-css":""},"related_posts_excerpt_font":{"preview-color":"light","font-family":"Karla","font-backup":"","font-weight":"400","font-style":"","color":"#8e8084","font-size":"14px","line-height":"24px","letter-spacing":"","margin-top":"","margin-bottom":"","css-selectors":".related-posts .front-view-content","additional-css":""},"related_posts_meta_font":{"preview-color":"light","font-family":"Karla","font-backup":"","font-weight":"400","font-style":"","color":"#5a4047","font-size":"13px","line-height":"","letter-spacing":"2px","margin-top":"","margin-bottom":"","css-selectors":".related-posts .post-info, .related-posts .post-info a","additional-css":"text-transform: uppercase;"},"related_article_background":{"color":"#ffffff","use":"pattern","image_pattern":"nobg","image_upload":"","repeat":"repeat","attachment":"scroll","position":"left top","size":"cover","gradient":{"from":"#ffffff","to":"#000000","direction":"0deg"},"parallax":"0"},"related_article_padding":{"top":"0","right":"0","bottom":"0","left":"0"},"related_article_text_padding":{"top":"38px","right":"35px","bottom":"20px","left":"40px"},"single_subscribe_position":"subscribe-full","single_subscribe_background":{"color":"","use":"pattern","image_pattern":"nobg","image_upload":"","repeat":"repeat","attachment":"scroll","position":"left top","size":"cover","gradient":{"from":"#ffffff","to":"#000000","direction":"0deg"},"parallax":"0"},"single_subscribe_margin":{"top":"0","right":"0","bottom":"30","left":"0"},"single_subscribe_padding":{"top":"35px","right":"0","bottom":"0","left":"0"},"single_subscribe_leftcontent_alignment":"left","single_subscribe_title_font":{"preview-color":"light","font-family":"Crimson Text","font-backup":"","font-weight":"400","font-style":"","color":"#2d2628","font-size":"34px","line-height":"40px","letter-spacing":"","margin-top":"","margin-bottom":"","css-selectors":".single-subscribe .widget #wp-subscribe .title","additional-css":"text-transform: capitalize;"},"single_subscribe_text_font":{"preview-color":"light","font-family":"Karla","font-backup":"","font-weight":"400","font-style":"","color":"#8e8084","font-size":"16px","line-height":"24px","letter-spacing":"","margin-top":"","margin-bottom":"","css-selectors":".single-subscribe .widget #wp-subscribe p.text, .single-subscribe .widget .wp-subscribe .wps-consent-wrapper label, .single-subscribe .widget .wp-subscribe-wrap .error, .single-subscribe .widget .wp-subscribe-wrap .thanks","additional-css":""},"single_subscribe_small_text_font":{"preview-color":"light","font-family":"Karla","font-backup":"","font-weight":"400","font-style":"","color":"#8e8084","font-size":"16px","line-height":"","letter-spacing":"","margin-top":"","margin-bottom":"","css-selectors":".single-subscribe .widget .wp-subscribe-wrap p.footer-text","additional-css":""},"single_subscribe_input_background":"","single_subscribe_input_font":{"preview-color":"light","font-family":"Karla","font-backup":"","font-weight":"400","font-style":"","color":"#a7a9ad","font-size":"16px","line-height":"","letter-spacing":"","margin-top":"","margin-bottom":"","css-selectors":".single-subscribe .widget #wp-subscribe input.email-field, .single-subscribe .widget #wp-subscribe input.name-field","additional-css":""},"single_subscribe_submit_backgroud":"#2d2628","single_subscribe_custom_title":"Learn how to advertise with us","single_subscribe_custom_url":"#","single_subscribe_button_bg":"#2d2628","single_subscribe_rightcontent_alignment":"left","single_subscribe_custom_title_font":{"preview-color":"light","font-family":"Crimson Text","font-backup":"","font-weight":"400","font-style":"","color":"#2d2628","font-size":"34px","line-height":"40px","letter-spacing":"","margin-top":"","margin-bottom":"","css-selectors":".single-subscribe-title","additional-css":"text-transform: capitalize;"},"single_authorbox_background":{"color":"#fff2f0","use":"pattern","image_pattern":"nobg","image_upload":"","repeat":"repeat","attachment":"scroll","position":"left top","size":"cover","gradient":{"from":"#ffffff","to":"#000000","direction":"0deg"},"parallax":"0"},"single_authorbox_margin":{"top":"0","right":"0","bottom":"80px","left":"0"},"single_authorbox_padding":{"top":"0","right":"40px","bottom":"0","left":"0"},"single_authorbox_border_radius":"0","single_authorbox_border":{"color":"","direction":"all","size":"","style":"none"},"single_authorbox_author_name_font":{"preview-color":"light","font-family":"Crimson Text","font-backup":"","font-weight":"400","font-style":"","color":"#2d2628","font-size":"30px","line-height":"40px","letter-spacing":"","margin-top":"","margin-bottom":"","css-selectors":".postauthor h5, .postauthor h5 a","additional-css":""},"single_authorbox_text_font":{"preview-color":"light","font-family":"Karla","font-backup":"","font-weight":"400","font-style":"","color":"#8e7b7e","font-size":"16px","line-height":"30px","letter-spacing":"","margin-top":"","margin-bottom":"","css-selectors":".postauthor p","additional-css":""},"single_author_image_margin":{"top":"0","right":"40px","bottom":"0","left":"0"},"single_author_image_border_radius":"0","authorbox_social_share":"1","author_social_margin":{"top":"0","right":"10px","bottom":"5px","left":"5px"},"author_social_padding":{"top":"0","right":"0","bottom":"0","left":"0"},"author_social_background":"","author_social_hover_background":"","author_social_color":"#2d2628","author_social_hover_color":"#2d2628","author_social_border_radius":"0"},"beauty_typography":{"last_tab":"typography-collection","beauty_logo":{"preview-color":"light","font-family":"Crimson Text","font-backup":"","font-weight":"700","font-style":"","color":"#000000","font-size":"40px","line-height":"","letter-spacing":"","margin-top":"","margin-bottom":"","css-selectors":"#logo a","additional-css":""},"secondary_navigation_font":{"preview-color":"light","font-family":"Karla","font-backup":"","font-weight":"400","font-style":"","color":"#000000","font-size":"15px","line-height":"","letter-spacing":"0.5px","margin-top":"","margin-bottom":"","css-selectors":"#secondary-navigation a, .header-search-icon","additional-css":"text-transform: uppercase;"},"home_title_font":{"preview-color":"light","font-family":"Crimson Text","font-backup":"","font-weight":"400","font-style":"","color":"#2d2628","font-size":"22px","line-height":"28px","letter-spacing":"","margin-top":"","margin-bottom":"","css-selectors":".latestPost .title a","additional-css":""},"single_title_font":{"preview-color":"light","font-family":"Crimson Text","font-backup":"","font-weight":"400","font-style":"","color":"#2d2628","font-size":"60px","line-height":"1","letter-spacing":"","margin-top":"","margin-bottom":"","css-selectors":".single-title","additional-css":""},"content_font":{"preview-color":"light","font-family":"Karla","font-backup":"","font-weight":"400","font-style":"","color":"#8e8084","font-size":"20px","line-height":"2","letter-spacing":"","margin-top":"","margin-bottom":"","css-selectors":"body","additional-css":""},"sidebar_title_font":{"preview-color":"light","font-family":"Crimson Text","font-backup":"","font-weight":"400","font-style":"","color":"#2d2628","font-size":"20px","line-height":"24px","letter-spacing":"","margin-top":"","margin-bottom":"","css-selectors":"#sidebar .widget h3.widget-title, .widget #wp-subscribe .title","additional-css":""},"sidebar_font":{"preview-color":"light","font-family":"Karla","font-backup":"","font-weight":"400","font-style":"","color":"#8e8084","font-size":"14px","line-height":"24px","letter-spacing":"","margin-top":"","margin-bottom":"","css-selectors":"#sidebar .widget p, #sidebar .widget .post-excerpt","additional-css":""},"sidebar_url":{"preview-color":"light","font-family":"Crimson Text","font-backup":"","font-weight":"400","font-style":"","color":"#2d2628","font-size":"16px","line-height":"24px","letter-spacing":"","margin-top":"","margin-bottom":"","css-selectors":".sidebar .widget a, .sidebar .widget li, .widget #s","additional-css":""},"sidebar_post_title":{"preview-color":"light","font-family":"Crimson Text","font-backup":"","font-weight":"400","font-style":"","color":"#2d2628","font-size":"16px","line-height":"20px","letter-spacing":"","margin-top":"","margin-bottom":"","css-selectors":".sidebar .post-title a, .sidebar .entry-title a, .sidebar .wpt_comment_meta a","additional-css":""},"sidebar_large_post_title":{"preview-color":"light","font-family":"Crimson Text","font-backup":"","font-weight":"400","font-style":"","color":"#2d2628","font-size":"22px","line-height":"28px","letter-spacing":"","margin-top":"","margin-bottom":"","css-selectors":".sidebar li.vertical-small .post-title a, .sidebar .widget .wpt_thumb_large + .entry-title a, .sidebar .widget .wpt_thumb_large + .wpt_comment_meta a, .sidebar .widget .review_thumb_large .entry-title a","additional-css":""},"sidebar_postinfo_font":{"preview-color":"dark","font-family":"Karla","font-backup":"","font-weight":"400","font-style":"","color":"#5a4047","font-size":"12px","line-height":"","letter-spacing":"1.7px","margin-top":"","margin-bottom":"","css-selectors":".sidebar .widget .post-info, .sidebar .widget .post-info a, .sidebar .widget .wpt_widget_content .wpt-postmeta, .sidebar .wp_review_tab_widget_content .wp-review-tab-postmeta","additional-css":"text-transform: uppercase;"},"top_footer_title_font":{"preview-color":"light","font-family":"Crimson Text","font-backup":"","font-weight":"400","font-style":"","color":"#2d2628","font-size":"34px","line-height":"40px","letter-spacing":"","margin-top":"","margin-bottom":"","css-selectors":".footer-widgets h3, #site-footer .widget #wp-subscribe .title, .brands-title","additional-css":""},"top_footer_font":{"preview-color":"light","font-family":"Karla","font-backup":"","font-weight":"400","font-style":"","color":"#8e8084","font-size":"16px","line-height":"1.5","letter-spacing":"","margin-top":"","margin-bottom":"","css-selectors":".footer-widgets, footer .widget .wpt_excerpt, footer .advanced-recent-posts p, footer .popular-posts p, footer .category-posts p","additional-css":""},"top_footer_link_font":{"preview-color":"light","font-family":"Crimson Text","font-backup":"","font-weight":"400","font-style":"","color":"#2d2628","font-size":"18px","line-height":"24px","letter-spacing":"","margin-top":"","margin-bottom":"","css-selectors":".f-widget a, .f-widget .wpt_widget_content a, .f-widget .wp_review_tab_widget_content a, .f-widget .widget #s","additional-css":""},"top_footer_post_title":{"preview-color":"light","font-family":"Crimson Text","font-backup":"","font-weight":"400","font-style":"","color":"#2d2628","font-size":"18px","line-height":"24px","letter-spacing":"","margin-top":"","margin-bottom":"","css-selectors":"#site-footer .post-title a, #site-footer .entry-title a","additional-css":""},"footer_large_post_title":{"preview-color":"light","font-family":"Crimson Text","font-backup":"","font-weight":"400","font-style":"","color":"#2d2628","font-size":"22px","line-height":"28px","letter-spacing":"","margin-top":"","margin-bottom":"","css-selectors":"#site-footer li.vertical-small .post-title a, #site-footer .widget .wpt_thumb_large + .entry-title a, #site-footer .widget .review_thumb_large .entry-title a, #site-footer .widget .wpt_thumb_large + .wpt_comment_meta a","additional-css":""},"top_footer_meta_font":{"preview-color":"light","font-family":"Karla","font-backup":"","font-weight":"400","font-style":"","color":"#5a4047","font-size":"12px","line-height":"","letter-spacing":"1.7px","margin-top":"","margin-bottom":"","css-selectors":"footer .widget .post-info, footer .widget .post-info a, footer .widget .wpt_widget_content .wpt-postmeta, footer .wp_review_tab_widget_content .wp-review-tab-postmeta","additional-css":"text-transform: uppercase;"},"copyrights_font":{"preview-color":"dark","font-family":"Crimson Text","font-backup":"","font-weight":"400","font-style":"","color":"#cac9c9","font-size":"18px","line-height":"18px","letter-spacing":"","margin-top":"","margin-bottom":"","css-selectors":"#copyright-note, #copyright-note a","additional-css":""},"h1_headline":{"preview-color":"light","font-family":"Crimson Text","font-backup":"","font-weight":"400","font-style":"","color":"#2d2628","font-size":"40px","line-height":"","letter-spacing":"","margin-top":"","margin-bottom":"","css-selectors":"h1","additional-css":""},"h2_headline":{"preview-color":"light","font-family":"Crimson Text","font-backup":"","font-weight":"400","font-style":"","color":"#2d2628","font-size":"36px","line-height":"","letter-spacing":"","margin-top":"","margin-bottom":"","css-selectors":"h2","additional-css":""},"h3_headline":{"preview-color":"light","font-family":"Crimson Text","font-backup":"","font-weight":"400","font-style":"","color":"#2d2628","font-size":"34px","line-height":"","letter-spacing":"","margin-top":"","margin-bottom":"","css-selectors":"h3","additional-css":""},"h4_headline":{"preview-color":"light","font-family":"Crimson Text","font-backup":"","font-weight":"400","font-style":"","color":"#2d2628","font-size":"32px","line-height":"","letter-spacing":"","margin-top":"","margin-bottom":"","css-selectors":"h4","additional-css":""},"h5_headline":{"preview-color":"light","font-family":"Crimson Text","font-backup":"","font-weight":"400","font-style":"","color":"#2d2628","font-size":"30px","line-height":"","letter-spacing":"","margin-top":"","margin-bottom":"","css-selectors":"h5","additional-css":""},"h6_headline":{"preview-color":"light","font-family":"Crimson Text","font-backup":"","font-weight":"400","font-style":"","color":"#2d2628","font-size":"28px","line-height":"","letter-spacing":"","margin-top":"","margin-bottom":"","css-selectors":"h6","additional-css":""},"typography-subsets":{"latin":"latin"}},"mts-opts-backup":"1"}
