{"sidebar":{"search-3":{"title":""},"mts_recent_posts_widget-2":{"title":"Recent Posts","qty":3,"title_length":6,"category":0,"author_name":0,"date":0,"show_thumb2":1,"box_layout":"horizontal-small","border_radius":0,"show_excerpt":0,"excerpt_length":10},"mts_ad_300_widget-2":{"title":"Advertising","ad":"https:\/\/demo.mythemeshop.com\/beauty-beta\/files\/2019\/05\/beauty-banner.jpg","link":"http:\/\/mythemeshop.com\/"},"tag_cloud-2":{"title":"Tags","count":0,"taxonomy":"post_tag"}},"single-subscribe":{"wp_subscribe-3":{"title":"Don't Miss our Stories","service":"feedburner","aweber_consumer_key":"","aweber_consumer_secret":"","aweber_access_key":"","aweber_access_secret":"","aweber_account_id":"","aweber_list_id":"none","feedburner_id":"","mailchimp_api_key":"","mailchimp_list_id":"none","mailchimp_double_optin":"0","include_name_field":"0","text":"Lorem ipsum dolor sit amet, consectetur adipisicing elit. Nemo enim ipsam voluptatem quia voluptas sit aspernatur aut odit aut fugit.","name_placeholder":"Enter your name here","email_placeholder":"Enter Address","consent_text":"I consent to my submit*","button_text":"Sign Up Now","success_message":"Thank you for subscribing.","error_message":"Something went wrong.","footer_text":""}},"footer-top-1":{"categories-2":{"title":"Categories","count":0,"hierarchical":0,"dropdown":0}},"footer-top-2":{"tag_cloud-3":{"title":"Tags","count":0,"taxonomy":"post_tag"}},"post-layout-2culture":{"mts_widget_adcode-2":{"content":"<a href=\"https:\/\/mythemeshop.com\/\" target=\"_blank\"><img src=\"https:\/\/demo.mythemeshop.com\/beauty-beta\/files\/2019\/05\/beauty-ad.jpg\"><\/a>"}},"post-layout-ctalatest":{"wp_subscribe-2":{"title":"Don't Miss our Stories","service":"feedburner","aweber_consumer_key":"","aweber_consumer_secret":"","aweber_access_key":"","aweber_access_secret":"","aweber_account_id":"","aweber_list_id":"none","feedburner_id":"","mailchimp_api_key":"","mailchimp_list_id":"none","mailchimp_double_optin":"0","include_name_field":"0","text":"Lorem ipsum dolor sit amet, consectetur adipisicing elit. Nemo enim ipsam voluptatem quia voluptas sit aspernatur aut odit aut fugit.","name_placeholder":"Enter your name here","email_placeholder":"Enter Address","consent_text":"I consent to my submit*","button_text":"Sign Up Now","success_message":"Thank you for subscribing.","error_message":"Something went wrong.","footer_text":""}}}