{"sidebar-1":{"mts_ad_widget-2":{"title":"Our Sponsors","ad1":"http:\/\/demo.mythemeshop.com\/woodie\/wp-content\/themes\/woodie\/images\/125x125.gif","ad2":"http:\/\/demo.mythemeshop.com\/woodie\/wp-content\/themes\/woodie\/images\/125x125.gif","ad3":"","ad4":"","ad5":"","ad6":"","link1":"http:\/\/mythemeshop.com\/","link2":"http:\/\/mythemeshop.com\/","link3":"","link4":"","link5":"","link6":"","random":null},"mts_ad_300_widget-2":{"title":"","ad":"http:\/\/s3.buysellads.com\/1268441\/125113-1346592671.png","link":"http:\/\/mythemeshop.com\/"},"tab-2":{"popular_post_num":"3","recent_post_num":"3"},"search-2":{"title":""},"advanced-recent-posts-2":{"title":"","count":"3","include_post_thumbnail":"false","include_post_excerpt":"false","truncate_post_title":"","truncate_post_title_type":"char","truncate_post_excerpt":"","truncate_post_excerpt_type":"char","truncate_elipsis":"...","post_thumbnail_width":"","post_thumbnail_height":"","widget_output_template":null,"show_expert_options":""}},"header-banner":{"text-2":{"title":"","text":"<img src=\"http:\/\/demo.mythemeshop.com\/top\/files\/2012\/05\/103642-1335226181.png\">","filter":false}},"footer-1":{"text-3":{"title":"About Woodie","text":"Woodie is a tri-column, flexible WordPress theme that is built to be multipurpose. Inspired by Apple typography and a beautiful woodgrain background, Woodie is built to help your website grow.","filter":false}},"footer-2":{"categoryposts-2":{"title":"","cat":"32","num":"3","sort_by":"date","thumb":"on","thumb_w":"","thumb_h":"","asc_sort_order":null,"title_link":null,"comment_num":null,"date":null}},"footer-3":{"mts_pp-widget-2":{"posts":"3","show_images":true}},"footer-4":{"mts_subscribe_widget-2":{"title":"","desc":""},"social-profile-icons-2":{"title":"","dribbble":"#","email":"#","facebook":"#","gplus":"#","linkedin":"#","pinterest":"#","rss":"#","stumbleupon":"#","twitter":"#","youtube":"#","flickr":"#","lastfm":"#","tumblr":"#","vimeo":"#"}}}