{"sidebar":{"mts_ad_300_widget-2":{"title":"","ad":"https:\/\/demo.mythemeshop.com\/lifestyle-travel\/files\/2017\/10\/img1.png","link":"http:\/\/mythemeshop.com\/themes\/lifestyle"},"mts_ad_300_widget-3":{"title":"","ad":"https:\/\/demo.mythemeshop.com\/lifestyle-travel\/files\/2017\/10\/img2.png","link":"http:\/\/mythemeshop.com\/themes\/lifestyle"},"social-profile-icons-1":{"title":"Follow Us","facebook":"#","behance":"#","flickr":"#","gplus":"#","pinterest":"#","instagram":"#","dribbble":"#","linkedin":"#","soundcloud":"#","twitter":"#","vimeo":"#","stumbleupon":"#","tumblr":"#","github":"#","youtube":"#","foursquare":"#","reddit":"#","dropbox":"#","skype":"#","email":"#","rss":"#"},"facebook-like-widget-2":{"title":"Find us on Facebook","page_url":"https:\/\/www.facebook.com\/MyThemeShop\/","width":"300","show_faces":"on","show_stream":null,"show_header":"on"}},"footer-first":{"mts_popular_posts_widget-2":{"title":"Trending","qty":2,"title_length":7,"comment_num":0,"date":0,"days":9999,"show_thumb3":1,"box_layout":"horizontal-small","show_excerpt":0,"excerpt_length":10}},"footer-first-2":{"single_category_posts_widget-2":{"title":"Featured Category","cat":3,"title_length":7,"qty":2,"comment_num":0,"date":0,"show_thumb1":1,"box_layout":"horizontal-small","show_excerpt":0,"excerpt_length":10}},"footer-first-3":{"mts_ad_300_widget-4":{"title":"Our Sponser","ad":"https:\/\/demo.mythemeshop.com\/lifestyle-travel\/files\/2017\/10\/img3.jpeg","link":"http:\/\/mythemeshop.com\/themes\/lifestyle"}},"footer-first-4":{"social-profile-icons-2":{"title":"Connect with us","facebook":"#","behance":"#","flickr":"#","gplus":"#","pinterest":"#","instagram":"#","dribbble":"#","linkedin":"#","soundcloud":"#","twitter":"#","vimeo":"#","stumbleupon":"#","tumblr":"#","github":"#","youtube":"#","foursquare":"#","reddit":"#","dropbox":"#","skype":"#","email":"#","rss":"#"}}}