{"sidebar":{"search-2":{"title":""},"mts_popular_posts_widget-2":{"title":"Popular Posts","qty":5,"title_length":7,"comment_num":0,"date":0,"days":999999,"show_thumb3":1,"box_layout":"horizontal-small","show_excerpt":0,"excerpt_length":10},"single_category_posts_widget-2":{"title":"Featured Category","cat":2,"title_length":4,"qty":5,"comment_num":1,"date":1,"show_thumb1":1,"box_layout":"horizontal-small","show_excerpt":0,"excerpt_length":10},"single_coupon_category_posts_widget-2":{"title":"Coupon Category","cat":11,"title_length":12,"qty":5,"date":0,"show_title":1,"show_excerpt":0,"excerpt_length":10}},"sidebar-coupons":{"single_coupon_category_posts_widget-3":{"title":"Coupon Category","cat":11,"title_length":12,"qty":5,"date":0,"show_title":1,"show_excerpt":0,"excerpt_length":10},"mts_coupon_recent_posts_widget-2":{"title":"Latest Coupons","qty":5,"title_length":12,"date":0,"offer_title":1,"show_excerpt":0,"excerpt_length":10}},"sidebar-single-coupon":{"mts_coupon_brand_info_widget-2":{"title":"","brand_imgurl":"","brand_rewards":"Upto 10% Extra Rewards","brand_button_text":"Shop at Ebay","brand_url":"#"},"mts_site_stats_widget-2":{"title":"","stats_number":"21,390","stats_text":"Coupons redeemed","stats_icon":"tag","stats_number2":"1,401","stats_text2":"Coupons & Deals for you","stats_icon2":"shopping-bag","stats_number3":"50,000+","stats_text3":"Happy Users","stats_icon3":"user"},"mts_coupon_app_widget-5":{"title":"","app_small":"Available for","app_large":"Android","app_icon":"android","app_url":"#","app_small2":"Available for","app_large2":"App Store","app_icon2":"apple","app_url2":"#"}},"widget-header":{"mts_ad_728_widget-2":{"title":"","ad":"https:\/\/demo.mythemeshop.com\/coupon-2\/files\/2016\/12\/ad.png","link":"https:\/\/mythemeshop.com\/themes\/coupon\/"}},"footer-first":{"text-2":{"title":"","text":"<a href=\"https:\/\/demo.mythemeshop.com\/coupon\/\"><img src=\"https:\/\/democdn.mythemeshop.com\/coupon\/files\/2016\/12\/logo.png\" alt=\"Coupon\"><\/a>","filter":false},"text-3":{"title":"","text":"Our award-winning app. Redeem right from your phone!","filter":false},"mts_coupon_app_widget-3":{"title":"","app_small":"Available for","app_large":"Android","app_icon":"android","app_url":"#","app_small2":"Available for","app_large2":"App Store","app_icon2":"apple","app_url2":"#"}},"footer-first-2":{"categories-2":{"title":"","count":0,"hierarchical":0,"dropdown":0}},"footer-first-3":{"nav_menu-2":{"title":"More Links","nav_menu":17}},"footer-first-4":{"mts_coupon_recent_posts_widget-3":{"title":"Latest Coupons","qty":3,"title_length":12,"date":0,"offer_title":1,"show_excerpt":0,"excerpt_length":10}}}