{"sidebar":{"search-2":{"title":""},"mts_calculator-3":{"title":"Calculate Calories","age":"Age","height":"Height","weight":"Weight","goal":"My Goal","button_text":"Calculate","unit":"Unit","metric":"Metric","imperial":"Imperial","error":"Please fill in all fields!","result":"The estimated number of calories you burn a day is %1$s. You can reach your goal weight in %2$s weeks with a %3$s cal\/day diet.","footer":"This is an estimate based on a moderate activity level.  This tool is not relevant to children or pregnant women."},"mts_about_author-2":{"title":"ABOUT US","img_uri":"http:\/\/demo.mythemeshop.com\/justfit\/files\/2015\/04\/blog.png","description":"Nullam laoreet pretium tellus non euismod. Proin nec varius mauris, at porta tellus."},"wpt_widget-3":{"tabs":{"popular":"1","recent":"1","comments":"1"},"tab_order":{"popular":"1","recent":"2","comments":"3","tags":"4"},"allow_pagination":"1","post_num":"5","title_length":"15","comment_num":"5","show_thumb":"1","thumb_size":"small","show_date":"1","show_excerpt":null,"excerpt_length":"15","show_comment_num":null,"show_avatar":"1"},"wp_subscribe-2":{"title":"Get more stuff","service":"feedburner","feedburner_id":"","mailchimp_api_key":"","mailchimp_list_id":"","mailchimp_double_optin":"0","aweber_list_id":"","getresponse_api_key":"","getresponse_list_id":"","include_name_field":"0","text":"Subscribe to our mailing list and get interesting stuff and updates to your email inbox.","name_placeholder":"Enter your name here","email_placeholder":"Enter your email here","button_text":"Sign Up Now","success_message":"Thank you for subscribing.","error_message":"Something went wrong.","footer_text":"we respect your privacy and take protecting it seriously","background_color":"#272727","title_color":"#FFFFFF","text_color":"#FFFFFF","field_text_color":"#FFFFFF","field_background_color":"#111111","button_text_color":"#272727","button_background_color":"#FFFFFF","footer_text_color":"#FFFFFF"},"tag_cloud-2":{"title":"Tags","taxonomy":"post_tag"}},"footer-first":{"categories-4":{"title":"","count":0,"hierarchical":0,"dropdown":0}},"footer-first-2":{"nav_menu-3":{"title":"Footer Nav","nav_menu":40}},"footer-first-3":{"nav_menu-4":{"title":"SiteMap","nav_menu":41}},"footer-first-4":{"social-profile-icons-3":{"title":"Follow us on","facebook":"#","behance":"#","flickr":"#","gplus":"#","pinterest":"#","instagram":"#","dribbble":"#","linkedin":"#","soundcloud":"#","twitter":"#","vimeo":"#","stumbleupon":"#","tumblr":"","github":"","youtube":"","foursquare":"","reddit":"","dropbox":"","skype":"","email":"","rss":""}},"shop-sidebar":{"search-3":{"title":""},"woocommerce_price_filter-2":{"title":"Filter by price"},"woocommerce_product_categories-3":{"title":"Product Categories","orderby":"name","dropdown":0,"count":0,"hierarchical":"1","show_children_only":0},"woocommerce_products-2":{"title":"Products","number":"5","show":"","orderby":"date","order":"desc","hide_free":0,"show_hidden":0}}}