{"sidebar":{"wp_subscribe-1":{"title":"Subscribe","service":"mailchimp","aweber_consumer_key":"","aweber_consumer_secret":"","aweber_access_key":"","aweber_access_secret":"","aweber_account_id":"","aweber_list_id":"none","feedburner_id":"","mailchimp_api_key":"","mailchimp_list_id":"none","mailchimp_double_optin":"0","include_name_field":"1","text":"Subscribe to our mailing list and get interesting stuff and updates to your email inbox.","name_placeholder":"Your name","email_placeholder":"Enter your email here","consent_text":"","button_text":"Sign Up Now","success_message":"Thank you for subscribing.","error_message":"Something went wrong.","footer_text":""},"mts_related_posts_widget-1":{"title":"Other Posts","qty":3,"title_length":7,"category":0,"author_name":1,"date":1,"show_thumb6":1,"box_layout":"horizontal-small","border_radius":0,"show_excerpt":0,"excerpt_length":10},"mts_popular_posts_widget-1":{"title":"Popular Posts","qty":3,"title_length":8,"category":0,"author_name":0,"date":0,"days":999,"show_thumb3":1,"box_layout":"vertical-small","border_radius":0,"show_excerpt":0,"excerpt_length":10}},"single-subscribe":{"wp_subscribe-2":{"title":"<strong>SUBSCRIBE<\/strong> AND GET MORE","service":"feedburner","aweber_consumer_key":"","aweber_consumer_secret":"","aweber_access_key":"","aweber_access_secret":"","aweber_account_id":"","aweber_list_id":"none","feedburner_id":"","mailchimp_api_key":"","mailchimp_list_id":"none","mailchimp_double_optin":"0","include_name_field":"0","text":"Aliter enim explicari, quod quaeritur, non potest. Puta bam equidem satis, inquit, me dixisse.","name_placeholder":"Enter your name here","email_placeholder":"Enter your email here...","consent_text":"","button_text":"Subscribe","success_message":"Thank you for subscribing.","error_message":"Something went wrong.","footer_text":""}},"post-layout-4entertainment":{"mts_recent_posts_widget-1":{"title":"","qty":4,"title_length":6,"category":1,"author_name":0,"date":1,"show_thumb2":1,"box_layout":"horizontal-small","border_radius":0,"show_excerpt":0,"excerpt_length":10}},"post-layout-5latest":{"facebook-like-widget-1":{"title":"Find us on Facebook","page_url":"https:\/\/www.facebook.com\/MyThemeShop\/","width":"350","show_faces":"on","show_stream":"on","show_header":"on"}}}