{"sidebar-1":{"search-2":{"title":""},"tab-2":{"popular_post_num":"5","recent_post_num":"5"},"mts_ad_300_widget-3":{"title":"","ad":"http:\/\/demo.mythemeshop.com\/dotmag\/wp-content\/themes\/dotmag\/images\/300x250.gif","link":"http:\/\/mythemeshop.com\/"},"categoryposts-2":{"title":"Category Posts","cat":"252","num":"4","sort_by":"date","date":"on","thumb":"on","thumb_w":"75","thumb_h":"75","asc_sort_order":null,"title_link":null,"comment_num":null},"facebook-like-widget-2":{"title":"Find us on Facebook","page_url":"http:\/\/www.facebook.com\/MyThemeShop","width":"292","color_scheme":"light","show_faces":"on","show_stream":null,"show_header":null},"tag_cloud-2":{"title":"","taxonomy":"post_tag"}},"single-sidebar":{"text-3":{"title":"","text":"<img src=\"http:\/\/demo.mythemeshop.com\/top\/files\/2012\/05\/103642-1335226181.png\">","filter":false}},"footer-1":{"text-2":{"title":"Lorem ipsum","text":"Lorem ipsum dolor sit amet, consectetur adipiscing elit. Vestibulum malesuada, nibh quis egestas pellentesque, dui neque sagittis nisl, ege\r\n\r\nNibh quis egestas pellentesque, dui neque sagittis nisl, egenibh quis egestas pellentesque, dui neque sagittis nisl, ege.","filter":true}},"footer-2":{"advanced-recent-posts-3":{"title":"","count":"3","include_post_thumbnail":"true","include_post_excerpt":"false","truncate_post_title":"","truncate_post_title_type":"char","truncate_post_excerpt":"12","truncate_post_excerpt_type":"char","truncate_elipsis":"...","post_thumbnail_width":"50","post_thumbnail_height":"50","widget_output_template":null,"show_expert_options":"true"}},"footer-3":{"mts_subscribe_widget-2":{"title":"Subscribe","desc":"http:\/\/feeds.feedburner.com\/mythemeshop"},"social-profile-icons-2":{"title":"Connect With Us","border_radius":"3","background_color":"#141414","background_color_hover":"#3192FF","dribbble":"","email":"","facebook":"#","gplus":"#","linkedin":"#","pinterest":"#","rss":"#","stumbleupon":"#","twitter":"","youtube":"#"}}}