{"sidebar":{"mts_popular_posts_widget-1":{"title":"Top Stories","qty":10,"title_length":7,"comment_num":0,"date":0,"category":0,"days":999,"show_thumb3":0,"box_layout":"horizontal-small","show_excerpt":0,"excerpt_length":10},"mts_widget_recent_tweets-1":{"title":"Trending on Social","consumerkey":"uALGWYZANMHuIz8SnJx6A","consumersecret":"h85rBBN1C54EDAlKM06itZho1EKfkB9xsJThMwE","accesstoken":"28959960-PSRUVP19F74YJ8F1rYSs6cnjaqxPqwxyBv68I0vF9","accesstokensecret":"kCTN92q50F8MnIUmi4hbanYbChTmuJJp5K3e3aUGA","cachetime":"24","username":"mythemeshopteam","tweetstoshow":"4"},"mts_recent_posts_widget-1":{"title":"Right Now","qty":5,"title_length":7,"comment_num":0,"date":1,"category":1,"show_thumb2":1,"box_layout":"horizontal-small","show_excerpt":0,"excerpt_length":10},"mts_ad_300_widget-1":{"title":"","ad":"https:\/\/demo.mythemeshop.com\/newstoday\/files\/2017\/07\/news-laptop.png","link":"https:\/\/mythemeshop.com\/themes\/newstoday\/"},"single_category_posts_widget-1":{"title":"","cat":2,"title_length":7,"qty":5,"comment_num":0,"date":1,"show_thumb1":1,"box_layout":"vertical-small","show_excerpt":0,"excerpt_length":10}},"footer-first":{"nav_menu-1":{"title":"Navigation","nav_menu":12}},"footer-first-2":{"recent-posts-1":{"title":"","number":2,"show_date":false}},"footer-first-3":{"categories-1":{"title":"","count":1,"hierarchical":0,"dropdown":0}},"footer-second":{"text-1":{"title":"","text":"<a style=\"font-size: 24px;\" href=\"https:\/\/demo.mythemeshop.com\/newstoday\/\">NEWSTODAY<\/a>\r\n\r\nNunc at tempus sapien. Vestibulum vel ante id erat molestie finibus. Nullam blandit metus eget elit aliquam, sit amet porttitor massa dapibus","filter":true,"visual":true}},"footer-second-2":{"tag_cloud-1":{"title":"","count":0,"taxonomy":"post_tag"}},"footer-second-3":{"mts_popular_posts_widget-2":{"title":"Top Stories","qty":2,"title_length":7,"comment_num":0,"date":0,"category":0,"days":999,"show_thumb3":0,"box_layout":"horizontal-small","show_excerpt":0,"excerpt_length":10}},"footer-first-4":{"archives-1":{"title":"","count":0,"dropdown":0}},"footer-first-5":{"nav_menu-2":{"title":"Products","nav_menu":12}},"footer-first-6":{"recent-comments-1":{"title":"","number":2}},"footer-second-4":{"social-profile-icons-1":{"title":"","facebook":"#","behance":"#","flickr":"#","gplus":"#","pinterest":"#","instagram":"#","dribbble":"#","linkedin":"#","soundcloud":"#","twitter":"#","vimeo":"#","stumbleupon":"#","tumblr":"#","github":"#","youtube":"#","foursquare":"#","reddit":"#","dropbox":"#","skype":"#","email":"#","rss":"#"}}}