{"sidebar":{"mts_ad_widget-2":{"title":"Our Sponsors","ad1":"http:\/\/demo.mythemeshop.com\/sociallyviral-2\/files\/2015\/11\/125x125.jpg","ad2":"http:\/\/demo.mythemeshop.com\/sociallyviral-2\/files\/2015\/11\/125x1251.jpg","ad3":"","ad4":"","ad5":"","ad6":"","link1":"http:\/\/mythemeshop.com\/themes\/sociallyviral\/","link2":"http:\/\/mythemeshop.com\/themes\/sociallyviral\/","link3":"","link4":"","link5":"","link6":"","random":0},"mts_ad_300_widget-2":{"title":"","ad":"http:\/\/demo.mythemeshop.com\/sociallyviral-2\/files\/2015\/11\/300x250.jpg","link":"http:\/\/mythemeshop.com\/themes\/sociallyviral\/"},"single_category_posts_widget-2":{"title":"Featured Category","cat":2,"title_length":7,"qty":5,"comment_num":1,"date":1,"show_thumb1":1,"box_layout":"vertical-small","show_excerpt":0,"excerpt_length":10}},"widget-home":{"mts_ad_300_widget-3":{"title":"","ad":"http:\/\/demo.mythemeshop.com\/sociallyviral-2\/files\/2015\/11\/300x250.jpg","link":"http:\/\/mythemeshop.com\/themes\/sociallyviral\/"},"single_category_posts_widget-3":{"title":"Featured Category","cat":5,"title_length":7,"qty":5,"comment_num":1,"date":1,"show_thumb1":1,"box_layout":"horizontal-small","show_excerpt":0,"excerpt_length":10},"facebook-like-widget-2":{"title":"Find us on Facebook","page_url":"https:\/\/facebook.com\/mythemeshop","width":"326","show_faces":"on","show_stream":null,"show_header":"on"}}}