{"sidebar":{"mts_instagram_widget-2":{"title":"Instagram","instagram_username":"food","instagram_num_post":"8","instagram_grid":"two-grid","instagram_follow_text":"Follow me on Instagram","instagram_follow_uri":"#"},"wpt_widget-2":{"tabs":{"popular":"1","recent":"1"},"tab_order":{"popular":"1","recent":"2","comments":"3","tags":"4"},"allow_pagination":"1","post_num":"5","title_length":"15","comment_num":"5","show_thumb":"1","thumb_size":"small","show_date":"1","show_excerpt":null,"excerpt_length":"15","show_comment_num":null,"show_avatar":"1","show_love":null},"wp_subscribe-2":{"title":"Get more stuff","service":"feedburner","aweber_consumer_key":"","aweber_consumer_secret":"","aweber_access_key":"","aweber_access_secret":"","aweber_account_id":"","aweber_list_id":"none","feedburner_id":"","mailchimp_api_key":"","mailchimp_list_id":"none","mailchimp_double_optin":"0","include_name_field":"0","text":"Subscribe to our mailing list and get interesting stuff and updates to your email inbox.","name_placeholder":"Enter your name here","email_placeholder":"Enter your email here","button_text":"Sign Up Now","success_message":"Thank you for subscribing.","error_message":"Something went wrong.","footer_text":"we respect your privacy and take protecting it seriously"},"mts_instagram_widget-3":{"title":"","instagram_username":"nomorama","instagram_num_post":"6","instagram_grid":"one-grid","instagram_follow_text":"<i class=\"fa fa-instagram\"><\/i> Follow me","instagram_follow_uri":"#"}},"widget-header":{"mts_ad_728_widget-2":{"title":"","ad":"https:\/\/demo.mythemeshop.com\/lifestyle-food\/files\/2017\/10\/food-banner.jpg","link":"http:\/\/mythemeshop.com\/themes\/lifestyle\/"}}}