{"sidebar-1":{"advanced-recent-posts-2":{"title":"Latest Posts","count":"5","include_post_thumbnail":"true","include_post_excerpt":"false","truncate_post_title":"","truncate_post_title_type":"char","truncate_post_excerpt":"","truncate_post_excerpt_type":"char","truncate_elipsis":"...","post_thumbnail_width":"50","post_thumbnail_height":"50","widget_output_template":null,"show_expert_options":""},"mts_ad_widget-2":{"title":"Our Sponsors","ad1":"http:\/\/demo.mythemeshop.com\/fortune\/wp-content\/themes\/fortune\/images\/195x125.gif","ad2":"http:\/\/demo.mythemeshop.com\/fortune\/wp-content\/themes\/fortune\/images\/195x125.gif","ad3":"http:\/\/demo.mythemeshop.com\/fortune\/wp-content\/themes\/fortune\/images\/195x125.gif","ad4":"http:\/\/demo.mythemeshop.com\/fortune\/wp-content\/themes\/fortune\/images\/195x125.gif","ad5":"http:\/\/demo.mythemeshop.com\/fortune\/wp-content\/themes\/fortune\/images\/195x125.gif","ad6":"http:\/\/demo.mythemeshop.com\/fortune\/wp-content\/themes\/fortune\/images\/195x125.gif","link1":"http:\/\/mythemeshop.com\/","link2":"http:\/\/mythemeshop.com\/","link3":"http:\/\/mythemeshop.com\/","link4":"http:\/\/mythemeshop.com\/","link5":"http:\/\/mythemeshop.com\/","link6":"http:\/\/mythemeshop.com\/","random":null}},"sidebar_2":{"meta-2":{"title":""}},"sidebar_3":{"categories-2":{"title":"","count":0,"hierarchical":0,"dropdown":0}},"sidebar_4":{"mts_pp-widget-2":{"posts":"3","show_images":true},"tab-2":{"popular_post_num":"5","recent_post_num":"5"},"mts_subscribe_widget-3":{"title":"","desc":""}},"home_banner":{"text-2":{"title":"","text":"<img src=\"http:\/\/demo.mythemeshop.com\/top\/files\/2012\/05\/103642-1335226181.png\">","filter":false}},"hot_banner":{"text-4":{"title":"","text":"<img src=\"http:\/\/demo.mythemeshop.com\/fortune\/files\/2012\/08\/2012-Fall-movein-banner.jpg\">","filter":false}}}