{"magnus":{"last_tab":"main","mts_logo":"","mts_favicon":"","mts_touch_icon":"","mts_metro_icon":"","mts_twitter_username":"","mts_feedburner":"","mts_ajax_search":"0","mts_responsive":"1","mts_shop_products":"9","async_js":"1","remove_ver_params":"1","disable_emojis":"1","prefetching":"0","mts_color_scheme":"#db1028","mts_layout":"cslayout","mts_background":{"color":"#ffffff","use":"pattern","image_pattern":"nobg","image_upload":"","repeat":"repeat","attachment":"scroll","position":"left top","size":"cover","gradient":{"from":"#ffffff","to":"#000000","direction":"0deg"},"parallax":"0"},"mts_lightbox":"0","mts_header_style":"header-layout3","mts_sticky_nav":"0","mts_header_margin":{"top":"0","bottom":"0"},"mts_header_padding":{"top":"11px","bottom":"5px"},"mts_header_border":{"color":"","direction":"all","size":"","style":"none"},"mts_header_social_icons":"1","mts_header_social":[{"group_title":"Facebook","group_sort":"1","mts_header_icon_title":"Facebook","mts_header_icon":"facebook-square","mts_header_icon_link":"#","mts_header_icon_bgcolor":"","mts_header_icon_hover_bgcolor":"","mts_header_icon_color":"#db1028","mts_header_icon_hover_color":"#1c2534","mts_header_icon_margin":{"top":"0","right":"10px","bottom":"0","left":"10px"},"mts_header_icon_padding":{"top":"15px","right":"0","bottom":"15px","left":"0"},"mts_header_icon_border":{"color":"#777","direction":"all","size":"0","style":"solid"},"mts_header_icon_border_radius":"0"},{"group_title":"Twitter","group_sort":"2","mts_header_icon_title":"Twitter","mts_header_icon":"twitter","mts_header_icon_link":"#","mts_header_icon_bgcolor":"","mts_header_icon_hover_bgcolor":"","mts_header_icon_color":"#db1028","mts_header_icon_hover_color":"#1c2534","mts_header_icon_margin":{"top":"0","right":"10px","bottom":"0","left":"10px"},"mts_header_icon_padding":{"top":"15px","right":"0","bottom":"15px","left":"0"},"mts_header_icon_border":{"color":"#777","direction":"all","size":"0","style":"solid"},"mts_header_icon_border_radius":"0"},{"group_title":"Instagram","group_sort":"3","mts_header_icon_title":"Instagram","mts_header_icon":"instagram","mts_header_icon_link":"#","mts_header_icon_bgcolor":"","mts_header_icon_hover_bgcolor":"","mts_header_icon_color":"#db1028","mts_header_icon_hover_color":"#1c2534","mts_header_icon_margin":{"top":"0","right":"10px","bottom":"0","left":"10px"},"mts_header_icon_padding":{"top":"15px","right":"0","bottom":"15px","left":"0"},"mts_header_icon_border":{"color":"#777","direction":"all","size":"0","style":"solid"},"mts_header_icon_border_radius":"0"},{"group_title":"YouTube","group_sort":"4","mts_header_icon_title":"YouTube","mts_header_icon":"youtube-play","mts_header_icon_link":"#","mts_header_icon_bgcolor":"","mts_header_icon_hover_bgcolor":"","mts_header_icon_color":"#db1028","mts_header_icon_hover_color":"#1c2534","mts_header_icon_margin":{"top":"0","right":"10px","bottom":"0","left":"10px"},"mts_header_icon_padding":{"top":"15px","right":"0","bottom":"15px","left":"0"},"mts_header_icon_border":{"color":"#777","direction":"all","size":"0","style":"solid"},"mts_header_icon_border_radius":"0"}],"mts_header_search":"1","header_search_position":"88","mts_header_section2":"1","mts_header_background":{"color":"#ffffff","use":"pattern","image_pattern":"nobg","image_upload":"","repeat":"repeat","attachment":"scroll","position":"left top","size":"cover","gradient":{"from":"#ffffff","to":"#000000","direction":"0deg"},"parallax":"0"},"mts_main_navigation_background":{"color":"#ffffff","use":"pattern","image_pattern":"nobg","image_upload":"","repeat":"repeat","attachment":"scroll","position":"left top","size":"cover","gradient":{"from":"#ffffff","to":"#000000","direction":"0deg"},"parallax":"0"},"main_navigation_dropdown_color":"#3f4770","main_navigation_dropdown_hover_color":"#db1028","mts_show_primary_nav":"0","mts_top_bar_background":{"color":"#ffffff","use":"pattern","image_pattern":"nobg","image_upload":"","repeat":"repeat","attachment":"scroll","position":"left top","size":"cover","gradient":{"from":"#ffffff","to":"#000000","direction":"0deg"},"parallax":"0"},"primary_navigation_font":{"preview-color":"light","font-family":"Rubik","font-backup":"","font-weight":"normal","font-style":"","color":"#777","font-size":"13px","line-height":"","letter-spacing":"","margin-top":"","margin-bottom":"","css-selectors":"#primary-navigation a","additional-css":""},"mts_top_footer":"0","mts_top_footer_num":"3","footer_sections_position":"bottom","mts_copyrights":"Theme by <a href=\"http:\/\/mythemeshop.com\/\" rel=\"nofollow\">MyThemeShop<\/a>","mts_top_footer_margin":{"top":"30px","right":"0","bottom":"0","left":"0"},"mts_top_footer_padding":{"top":"60px","right":"0","bottom":"25px","left":"0"},"mts_footer_background":{"color":"#1c2534","use":"pattern","image_pattern":"nobg","image_upload":"","repeat":"repeat","attachment":"scroll","position":"left top","size":"cover","gradient":{"from":"#ffffff","to":"#000000","direction":"0deg"},"parallax":"0"},"mts_copyrights_background":{"color":"#1c2534","use":"pattern","image_pattern":"nobg","image_upload":"","repeat":"repeat","attachment":"scroll","position":"left top","size":"cover","gradient":{"from":"#ffffff","to":"#000000","direction":"0deg"},"parallax":"0"},"copyrights_border":{"color":"","direction":"all","size":"","style":"none"},"show_top_button":"1","top_button_icon":"angle-up","top_button_text":"Top","top_button_color":"#ffffff","top_button_color_hover":"#ffffff","top_button_background":"#db1028","top_button_background_hover":"#1c2534","top_button_font_size":"32","top_button_padding":{"top":"9px","right":"21px","bottom":"16px","left":"21px"},"top_button_position":{"top":"auto","right":"30px","bottom":"100px","left":"auto"},"top_button_border_radius":"0","top_button_border":{"color":"","direction":"all","size":"","style":"none"},"footer_logo_section":"1","footer_logo":"","footer_logo_social_icons":"1","footer_logo_social":[{"group_title":"Facebook","group_sort":"1","footer_logo_social_title":"Facebook","footer_logo_social_icon":"facebook-square","footer_logo_social_link":"#","footer_logo_social_bgcolor":"","footer_logo_social_hover_bgcolor":"","footer_logo_social_color":"#ffffff","footer_logo_social_hover_color":"#db1028","footer_logo_social_margin":{"top":"0","right":"20px","bottom":"0","left":"0"},"footer_logo_social_padding":{"top":"0","right":"0","bottom":"0","left":"0"},"footer_logo_social_border_radius":"0","footer_logo_social_border_size":"1","footer_logo_social_border_style":"none","footer_logo_social_border_color":"#dddddd"},{"group_title":"Twitter","group_sort":"2","footer_logo_social_title":"Twitter","footer_logo_social_icon":"twitter","footer_logo_social_link":"#","footer_logo_social_bgcolor":"","footer_logo_social_hover_bgcolor":"","footer_logo_social_color":"#ffffff","footer_logo_social_hover_color":"#db1028","footer_logo_social_margin":{"top":"0","right":"20px","bottom":"0","left":"0"},"footer_logo_social_padding":{"top":"0","right":"0","bottom":"0","left":"0"},"footer_logo_social_border_radius":"0","footer_logo_social_border_size":"1","footer_logo_social_border_style":"none","footer_logo_social_border_color":"#dddddd"},{"group_title":"Instagram","group_sort":"3","footer_logo_social_title":"Instagram","footer_logo_social_icon":"instagram","footer_logo_social_link":"#","footer_logo_social_bgcolor":"","footer_logo_social_hover_bgcolor":"","footer_logo_social_color":"#ffffff","footer_logo_social_hover_color":"#db1028","footer_logo_social_margin":{"top":"0","right":"20px","bottom":"0","left":"0"},"footer_logo_social_padding":{"top":"0","right":"0","bottom":"0","left":"0"},"footer_logo_social_border_radius":"0","footer_logo_social_border_size":"1","footer_logo_social_border_style":"none","footer_logo_social_border_color":"#dddddd"},{"group_title":"Youtube","group_sort":"4","footer_logo_social_title":"Youtube","footer_logo_social_icon":"youtube","footer_logo_social_link":"#","footer_logo_social_bgcolor":"","footer_logo_social_hover_bgcolor":"","footer_logo_social_color":"#ffffff","footer_logo_social_hover_color":"#db1028","footer_logo_social_margin":{"top":"0","right":"0","bottom":"0","left":"0"},"footer_logo_social_padding":{"top":"0","right":"0","bottom":"0","left":"0"},"footer_logo_social_border_radius":"0","footer_logo_social_border_size":"1","footer_logo_social_border_style":"none","footer_logo_social_border_color":"#dddddd"}],"footer_logo_social_font_size":"18","footer_nav_section":"1","footer_nav_alignment":"left","footer_nav_margin":{"top":"0","right":"0","bottom":"0","left":"0"},"footer_nav_padding":{"top":"0","right":"0","bottom":"0","left":"0"},"footer_nav_border":{"color":"","direction":"all","size":"","style":"none"},"footer_nav_font":{"preview-color":"dark","font-family":"Rubik","font-backup":"","font-weight":"400","font-style":"","color":"#d7d7d9","font-size":"15px","line-height":"","letter-spacing":"","margin-top":"","margin-bottom":"","css-selectors":".footer-nav li a","additional-css":""},"footer_menu_item_margin":{"right":"19px","left":"0"},"footer_nav_separator":"0","footer_nav_separator_content":"|","footer_nav_separator_color":"#ffffff","footer_nav_separator_margin":{"right":"25px","left":"25px"},"footer_brands_section":"0","footer_brands_alignment":"center","brands_section_title":"Our Brands:","brands_margin":{"top":"0","right":"0","bottom":"0","left":"0"},"brands_padding":{"top":"40px","right":"0","bottom":"27px","left":"0"},"brands_border":{"color":"#008b3e","direction":"top","size":"1","style":"solid"},"social_button_layout":"standard","mts_social_button_position":"top","mts_social_buttons_on_pages":"0","mts_social_buttons":{"enabled":{"facebookshare":"Facebook Share","twitter":"Twitter","pinterest":"Pinterest","gplus":"Google Plus"},"disabled":{"facebook":"Facebook Like","linkedin":"LinkedIn","stumble":"StumbleUpon","reddit":"Reddit"}},"social_styling_margin":{"top":"0","right":"0","bottom":"0","left":"-152px"},"social_styling_box_shadow":"1","social_floating_button_position":{"top":"auto","right":"auto","bottom":"282px","left":"auto"},"social_styling_border":{"color":"","direction":"all","size":"","style":"none"},"social_styling_background":{"color":"","use":"pattern","image_pattern":"nobg","image_upload":"","repeat":"repeat","attachment":"scroll","position":"left top","size":"cover","gradient":{"from":"#ffffff","to":"#000000","direction":"0deg"},"parallax":"0"},"detect_adblocker":"0","detect_adblocker_type":"popup","detect_adblocker_title":"Ad Blocker Detected","detect_adblocker_description":"Our website is made possible by displaying online advertisements to our visitors. Please consider supporting us by disabling your ad blocker.","background_clickable":"0","background_link":"","background_link_new_tab":"1","mts_header_adcode":"","header_adcode_show":"all","header_ad_size":"27","mts_header_adcode_margin":{"top":"20px","bottom":"0"},"navigation_ad":"0","navigation_adcode":"","navigation_ad_size":"26","navigation_ad_background":"#252525","mts_postfooter_adcode":"","mts_postfooter_adcode_time":"0","mts_posttop_adcode":"","mts_posttop_adcode_time":"0","mts_postend_adcode":"","mts_postend_adcode_time":"0","search_content":"all","search_results_per_page":"9","search_position":"above","mts_header_code":"","mts_analytics_code":"","mts_custom_css":"","retina_images":"1","images_responsive":"0","status_opengraph":"1","dynamic_css_compiler":"1","dynamic_css_db_caching":"0","cache_server_ip":""},"magnus_homepage":{"last_tab":"homepage-general","mts_featured_categories":[{"group_title":"","group_sort":"1","mts_featured_title":"Featured","unique_id":"5c0c075059e59","mts_thumb_layout":"layout-1","mts_featured_category":"featured","mts_featured_category_postsnum":"10","mts_featured_category_excerpt":"20"},{"group_title":"","group_sort":"1","mts_featured_title":"Tech","unique_id":"5c0c07ca83f96","mts_thumb_layout":"layout-2","mts_featured_category":"tech","mts_featured_category_postsnum":"3","mts_featured_category_excerpt":"20"},{"group_title":"","group_sort":"2","mts_featured_title":"Business","unique_id":"5c0c07ca83fce","mts_thumb_layout":"layout-3","mts_featured_category":"business","mts_featured_category_postsnum":"4","mts_featured_category_excerpt":""},{"group_title":"","group_sort":"3","mts_featured_title":"Latest","unique_id":"5c0c07ca84004","mts_thumb_layout":"layout-2","mts_featured_category":"latest","mts_featured_category_postsnum":"3","mts_featured_category_excerpt":"20"}],"caption_padding_5c0c075059e59":{"top":"52px","right":"43px","bottom":"40px","left":"43px"},"first_caption_background_5c0c075059e59":"#ffffff","second_caption_background_5c0c075059e59":"#1c2534","first_post_title_font_5c0c075059e59":{"preview-color":"light","font-family":"Rubik","font-backup":"","font-weight":"500","font-style":"","color":"#1c2534","font-size":"36px","line-height":"44px","letter-spacing":"","margin-top":"","margin-bottom":"","css-selectors":".layout-5c0c075059e59 .latestPost:first-child .title a","additional-css":""},"second_post_title_font_5c0c075059e59":{"preview-color":"dark","font-family":"Rubik","font-backup":"","font-weight":"500","font-style":"","color":"#ffffff","font-size":"36px","line-height":"44px","letter-spacing":"","margin-top":"","margin-bottom":"","css-selectors":".layout-5c0c075059e59 .latestPost:nth-child(2) .title a","additional-css":""},"mts_home_headline_meta_info5c0c075059e59":{"enabled":{"author":"Author Name","date":"Date"},"disabled":{"category":"Categories","comment":"Comment Count"}},"mts_meta_info_author_icon_5c0c075059e59":"","mts_meta_info_date_icon_5c0c075059e59":"","mts_meta_info_category_icon_5c0c075059e59":"","mts_meta_info_comment_icon_5c0c075059e59":"","mts_meta_info_margin_5c0c075059e59":{"top":"0","right":"0","bottom":"0","left":"0"},"first_meta_info_font_5c0c075059e59":{"preview-color":"light","font-family":"Rubik","font-backup":"","font-weight":"300","font-style":"","color":"#70747a","font-size":"16px","line-height":"","letter-spacing":"","margin-top":"","margin-bottom":"","css-selectors":".layout-5c0c075059e59 .latestPost:first-child .post-info, .layout-5c0c075059e59 .latestPost:first-child .post-info a","additional-css":""},"second_meta_info_font_5c0c075059e59":{"preview-color":"dark","font-family":"Rubik","font-backup":"","font-weight":"300","font-style":"","color":"#a9acb1","font-size":"16px","line-height":"","letter-spacing":"","margin-top":"","margin-bottom":"","css-selectors":".layout-5c0c075059e59 .latestPost:nth-child(2) .post-info, .layout-5c0c075059e59 .latestPost:nth-child(2) .post-info a","additional-css":""},"mts_featured_category_margin_5c0c075059e59":{"top":"0","bottom":"88px"},"mts_featured_category_padding_5c0c075059e59":{"top":"0","right":"0","bottom":"0","left":"0"},"mts_featured_category_title_5c0c07ca83f96":"0","mts_post_title_alignment_5c0c07ca83f96":"left","mts_featured_category_title_background_5c0c07ca83f96":{"color":"#ffffff","use":"pattern","image_pattern":"nobg","image_upload":"","repeat":"repeat","attachment":"scroll","position":"left top","size":"cover","gradient":{"from":"#ffffff","to":"#000000","direction":"0deg"},"parallax":"0"},"post_title_shadow5c0c07ca83f96":"1","mts_featured_category_title_margin_5c0c07ca83f96":{"top":"-42px","right":"0","bottom":"35px","left":"0"},"mts_featured_category_title_padding_5c0c07ca83f96":{"top":"23px","right":"41px","bottom":"15px","left":"41px"},"post_title_border_5c0c07ca83f96":{"color":"","direction":"all","size":"","style":"none"},"mts_featured_category_title_font_5c0c07ca83f96":{"preview-color":"light","font-family":"Rubik","font-backup":"","font-weight":"500","font-style":"","color":"#1c2534","font-size":"36px","line-height":"","letter-spacing":"","margin-top":"","margin-bottom":"","css-selectors":".title-container.title-id-5c0c07ca83f96 h3.featured-category-title","additional-css":"text-transform: uppercase;"},"mts_home_headline_meta_info5c0c07ca83f96":{"enabled":{"author":"Author Name","date":"Date"},"disabled":{"category":"Categories","comment":"Comment Count"}},"mts_meta_info_author_icon_5c0c07ca83f96":"","mts_meta_info_date_icon_5c0c07ca83f96":"","mts_meta_info_category_icon_5c0c07ca83f96":"","mts_meta_info_comment_icon_5c0c07ca83f96":"","mts_meta_info_margin_5c0c07ca83f96":{"top":"18px","right":"0","bottom":"0","left":"0"},"mts_meta_info_font_5c0c07ca83f96":{"preview-color":"light","font-family":"Rubik","font-backup":"","font-weight":"300","font-style":"","color":"#70747a","font-size":"16px","line-height":"","letter-spacing":"","margin-top":"","margin-bottom":"","css-selectors":".layout-5c0c07ca83f96 .latestPost .post-info, .layout-5c0c07ca83f96 .latestPost .post-info a","additional-css":""},"mts_featured_category_background_5c0c07ca83f96":{"color":"#ffffff","use":"pattern","image_pattern":"nobg","image_upload":"","repeat":"repeat","attachment":"scroll","position":"left top","size":"cover","gradient":{"from":"#ffffff","to":"#000000","direction":"0deg"},"parallax":"0"},"post_border_5c0c07ca83f96":{"color":"","direction":"all","size":"","style":"none"},"mts_featured_category_margin_5c0c07ca83f96":{"top":"55px","bottom":"0"},"mts_featured_category_padding_5c0c07ca83f96":{"top":"0","right":"0","bottom":"0","left":"0"},"mts_featured_category_font_5c0c07ca83f96":{"preview-color":"light","font-family":"Rubik","font-backup":"","font-weight":"400","font-style":"","color":"#1c2534","font-size":"30px","line-height":"34px","letter-spacing":"","margin-top":"","margin-bottom":"","css-selectors":".layout-5c0c07ca83f96 .latestPost .title a","additional-css":""},"mts_featured_category_excerpt_font_5c0c07ca83f96":{"preview-color":"light","font-family":"Rubik","font-backup":"","font-weight":"300","font-style":"","color":"#70747a","font-size":"18px","line-height":"27px","letter-spacing":"","margin-top":"","margin-bottom":"","css-selectors":".layout-5c0c07ca83f96 .latestPost .front-view-content","additional-css":""},"mts_featured_category_title_5c0c07ca83fce":"1","mts_post_title_alignment_5c0c07ca83fce":"left","mts_featured_category_title_background_5c0c07ca83fce":{"color":"#ffffff","use":"pattern","image_pattern":"nobg","image_upload":"","repeat":"repeat","attachment":"scroll","position":"left top","size":"cover","gradient":{"from":"#ffffff","to":"#000000","direction":"0deg"},"parallax":"0"},"post_title_shadow5c0c07ca83fce":"1","mts_featured_category_title_margin_5c0c07ca83fce":{"top":"-53px","right":"0","bottom":"41px","left":"0"},"mts_featured_category_title_padding_5c0c07ca83fce":{"top":"32px","right":"29px","bottom":"32px","left":"30px"},"post_title_border_5c0c07ca83fce":{"color":"","direction":"all","size":"","style":"none"},"mts_featured_category_title_font_5c0c07ca83fce":{"preview-color":"light","font-family":"Rubik","font-backup":"","font-weight":"500","font-style":"","color":"#1c2534","font-size":"36px","line-height":"44px","letter-spacing":"","margin-top":"","margin-bottom":"","css-selectors":".title-container.title-id-5c0c07ca83fce h3.featured-category-title","additional-css":""},"mts_home_headline_meta_info5c0c07ca83fce":{"disabled":{"author":"Author Name","date":"Date","category":"Categories","comment":"Comment Count"}},"mts_meta_info_author_icon_5c0c07ca83fce":"","mts_meta_info_date_icon_5c0c07ca83fce":"","mts_meta_info_category_icon_5c0c07ca83fce":"","mts_meta_info_comment_icon_5c0c07ca83fce":"","mts_meta_info_margin_5c0c07ca83fce":{"top":"0","right":"0","bottom":"20px","left":"0"},"mts_meta_info_font_5c0c07ca83fce":{"preview-color":"light","font-family":"Rubik","font-backup":"","font-weight":"700","font-style":"","color":"#2e4257","font-size":"15px","line-height":"","letter-spacing":"","margin-top":"","margin-bottom":"","css-selectors":".layout-5c0c07ca83fce .latestPost .post-info, .layout-5c0c07ca83fce .latestPost .post-info a","additional-css":"text-transform: uppercase;"},"mts_featured_category_background_5c0c07ca83fce":{"color":"#f6f8fc","use":"pattern","image_pattern":"nobg","image_upload":"","repeat":"repeat","attachment":"scroll","position":"left top","size":"cover","gradient":{"from":"#ffffff","to":"#000000","direction":"0deg"},"parallax":"0"},"layout_backround_position_5c0c07ca83fce":"-64","post_border_5c0c07ca83fce":{"color":"","direction":"all","size":"","style":"none"},"mts_featured_category_margin_5c0c07ca83fce":{"top":"96px","bottom":"35px"},"mts_featured_category_padding_5c0c07ca83fce":{"top":"0","right":"0","bottom":"0","left":"0"},"mts_featured_category_font_5c0c07ca83fce":{"preview-color":"light","font-family":"Rubik","font-backup":"","font-weight":"500","font-style":"","color":"#1c2534","font-size":"20px","line-height":"25px","letter-spacing":"","margin-top":"","margin-bottom":"","css-selectors":".layout-5c0c07ca83fce .latestPost .title a","additional-css":""},"mts_featured_category_excerpt_font_5c0c07ca83fce":{"preview-color":"light","font-family":"Rubik","font-backup":"","font-weight":"300","font-style":"","color":"#70747a","font-size":"16px","line-height":"25px","letter-spacing":"","margin-top":"","margin-bottom":"","css-selectors":".layout-5c0c07ca83fce .latestPost .front-view-content","additional-css":""},"mts_featured_category_title_5c0c07ca84004":"0","mts_post_title_alignment_5c0c07ca84004":"left","mts_featured_category_title_background_5c0c07ca84004":{"color":"#ffffff","use":"pattern","image_pattern":"nobg","image_upload":"","repeat":"repeat","attachment":"scroll","position":"left top","size":"cover","gradient":{"from":"#ffffff","to":"#000000","direction":"0deg"},"parallax":"0"},"post_title_shadow5c0c07ca84004":"1","mts_featured_category_title_margin_5c0c07ca84004":{"top":"-42px","right":"0","bottom":"35px","left":"0"},"mts_featured_category_title_padding_5c0c07ca84004":{"top":"23px","right":"41px","bottom":"15px","left":"41px"},"post_title_border_5c0c07ca84004":{"color":"","direction":"all","size":"","style":"none"},"mts_featured_category_title_font_5c0c07ca84004":{"preview-color":"light","font-family":"Rubik","font-backup":"","font-weight":"500","font-style":"","color":"#1c2534","font-size":"36px","line-height":"","letter-spacing":"","margin-top":"","margin-bottom":"","css-selectors":".title-container.title-id-5c0c07ca84004 h3.featured-category-title","additional-css":"text-transform: uppercase;"},"mts_home_headline_meta_info5c0c07ca84004":{"enabled":{"author":"Author Name","date":"Date"},"disabled":{"category":"Categories","comment":"Comment Count"}},"mts_meta_info_author_icon_5c0c07ca84004":"","mts_meta_info_date_icon_5c0c07ca84004":"","mts_meta_info_category_icon_5c0c07ca84004":"","mts_meta_info_comment_icon_5c0c07ca84004":"","mts_meta_info_margin_5c0c07ca84004":{"top":"18px","right":"0","bottom":"0","left":"0"},"mts_meta_info_font_5c0c07ca84004":{"preview-color":"light","font-family":"Rubik","font-backup":"","font-weight":"300","font-style":"","color":"#70747a","font-size":"16px","line-height":"","letter-spacing":"","margin-top":"","margin-bottom":"","css-selectors":".layout-5c0c07ca84004 .latestPost .post-info, .layout-5c0c07ca84004 .latestPost .post-info a","additional-css":""},"mts_featured_category_background_5c0c07ca84004":{"color":"#ffffff","use":"pattern","image_pattern":"nobg","image_upload":"","repeat":"repeat","attachment":"scroll","position":"left top","size":"cover","gradient":{"from":"#ffffff","to":"#000000","direction":"0deg"},"parallax":"0"},"post_border_5c0c07ca84004":{"color":"","direction":"all","size":"","style":"none"},"mts_featured_category_margin_5c0c07ca84004":{"top":"55px","bottom":"0"},"mts_featured_category_padding_5c0c07ca84004":{"top":"0","right":"0","bottom":"0","left":"0"},"mts_featured_category_font_5c0c07ca84004":{"preview-color":"light","font-family":"Rubik","font-backup":"","font-weight":"400","font-style":"","color":"#1c2534","font-size":"30px","line-height":"34px","letter-spacing":"","margin-top":"","margin-bottom":"","css-selectors":".layout-5c0c07ca84004 .latestPost .title a","additional-css":""},"mts_featured_category_excerpt_font_5c0c07ca84004":{"preview-color":"light","font-family":"Rubik","font-backup":"","font-weight":"300","font-style":"","color":"#70747a","font-size":"18px","line-height":"27px","letter-spacing":"","margin-top":"","margin-bottom":"","css-selectors":".layout-5c0c07ca84004 .latestPost .front-view-content","additional-css":""},"mts_pagenavigation_type":"1","load_more_alignment":"full","mts_pagenavigation_bgcolor":"#ffffff","load_more_bgcolor":"#db1028","mts_pagenavigation_hover_bgcolor":"#ffffff","load_more_hover_bgcolor":"#1c2534","mts_pagenavigation_color":"#d5d7dc","load_more_color":"#ffffff","mts_pagenavigation_hover_color":"#db1028","load_more_hover_color":"#ffffff","mts_pagenavigation_margin":{"top":"0","right":"36px","bottom":"0","left":"0"},"mts_pagenavigation_padding":{"top":"0","right":"0","bottom":"0","left":"0"},"load_more_padding":{"top":"24px","right":"13px","bottom":"22px","left":"13px"},"mts_pagenavigation_border_radius":"0","pagenavigation_border":{"color":"","direction":"all","size":"","style":"none"}},"magnus_sidebars":{"last_tab":"sidebars-general","mts_sidebar_for_home":"mts_defaultsidebar","mts_sidebar_for_post":"mts_defaultsidebar","mts_sidebar_for_page":"mts_defaultsidebar","mts_sidebar_for_archive":"mts_defaultsidebar","mts_sidebar_for_category":"mts_defaultsidebar","mts_sidebar_for_tag":"mts_defaultsidebar","mts_sidebar_for_date":"mts_defaultsidebar","mts_sidebar_for_author":"mts_defaultsidebar","mts_sidebar_for_search":"mts_defaultsidebar","mts_sidebar_for_notfound":"mts_defaultsidebar","mts_sidebar_for_shop":"mts_defaultsidebar","mts_sidebar_for_product":"mts_defaultsidebar","mts_sidebar_title_styling_background":{"color":"#ffffff","use":"pattern","image_pattern":"nobg","image_upload":"","repeat":"repeat","attachment":"scroll","position":"left top","size":"cover","gradient":{"from":"#ffffff","to":"#000000","direction":"0deg"},"parallax":"0"},"mts_sidebar_title_styling_margin":{"top":"0","bottom":"17px"},"mts_sidebar_title_styling_padding":{"top":"0","right":"0","bottom":"0","left":"0"},"widget_title_border":{"color":"","direction":"all","size":"","style":"none"},"mts_sidebar_styling_background":{"color":"#ffffff","use":"pattern","image_pattern":"nobg","image_upload":"","repeat":"repeat","attachment":"scroll","position":"left top","size":"cover","gradient":{"from":"#ffffff","to":"#000000","direction":"0deg"},"parallax":"0"},"mts_sidebar_styling_margin":{"top":"0","right":"0","bottom":"72px","left":"0"},"mts_sidebar_styling_padding":{"top":"0","right":"0","bottom":"0","left":"0"},"sidebar_styling_border":{"color":"","direction":"all","size":"","style":"none"}},"magnus_single":{"last_tab":"single-general","mts_show_featured":"1","featured_image_size":"full","featured_image_margin":{"top":"-35px","right":"0","bottom":"83px","left":"0"},"featured_text_alignment":"left","author_image_on_full":"0","show_prev_next":"0","mts_single_post_layout":{"enabled":{"content":"Post Content","subscribe":"Subscribe Box","author":"Author Box","related":"Related Posts"},"disabled":{"tags":"Tags"}},"related_post_title":"Related Posts","mts_related_posts_taxonomy":"categories","single_meta_info_background":"#ffffff","mts_single_headline_meta_info":{"enabled":{"author":"Author Name","date":"Date"},"disabled":{"category":"Categories","comment":"Comment Count"}},"mts_single_meta_info_author_icon":"","mts_single_meta_info_date_icon":"","mts_single_meta_info_category_icon":"","mts_single_meta_info_comment_icon":"","mts_breadcrumb":"0","breadcrumb_icon":"angle-right","breadcrumb_font":{"preview-color":"light","font-family":"Rubik","font-backup":"","font-weight":"500","font-style":"","color":"#1c2534","font-size":"18px","line-height":"","letter-spacing":"","margin-top":"","margin-bottom":"","css-selectors":".breadcrumb, .rank-math-breadcrumb","additional-css":""},"mts_author_comment":"1","mts_comment_date":"1","single_title_alignment":"left","single_title_background":{"color":"","use":"pattern","image_pattern":"nobg","image_upload":"","repeat":"repeat","attachment":"scroll","position":"left top","size":"cover","gradient":{"from":"#ffffff","to":"#000000","direction":"0deg"},"parallax":"0"},"single_title_padding":{"top":"0","right":"0","bottom":"0","left":"0"},"single_title_border":{"color":"","direction":"all","size":"","style":"none"},"single_page_titles_font":{"preview-color":"light","font-family":"Rubik","font-backup":"","font-weight":"500","font-style":"","color":"#1c2534","font-size":"28px","line-height":"","letter-spacing":"","margin-top":"","margin-bottom":"","css-selectors":"#respond h4, .total-comments","additional-css":""},"single_background":{"color":"","use":"pattern","image_pattern":"nobg","image_upload":"","repeat":"repeat","attachment":"scroll","position":"left top","size":"cover","gradient":{"from":"#ffffff","to":"#000000","direction":"0deg"},"parallax":"0"},"mts_single_styling_margin":{"top":"0","bottom":"35px"},"mts_single_styling_padding":{"top":"0","right":"0","bottom":"0","left":"0"},"single_styling_border":{"color":"","direction":"all","size":"","style":"none"},"mts_single_meta_info_font":{"preview-color":"dark","font-family":"Rubik","font-backup":"","font-weight":"300","font-style":"","color":"#1c2534","font-size":"18px","line-height":"","letter-spacing":"","margin-top":"","margin-bottom":"","css-selectors":".single_post .post-info, .single_post .post-info a, .single-full-header .post-info, .single-full-header .post-info a","additional-css":""},"related_posts_background":{"color":"","use":"pattern","image_pattern":"nobg","image_upload":"","repeat":"repeat","attachment":"scroll","position":"left top","size":"cover","gradient":{"from":"#ffffff","to":"#000000","direction":"0deg"},"parallax":"0"},"related_posts_layouts":"default","related_posts_grid":"grid3","mts_related_postsnum":"3","related_posts_excerpt_length":"15","related_posts_image_position":"95","related_posts_adcode":"","related_posts_position":"default","related_posts_margin":{"top":"0","right":"0","bottom":"0","left":"0"},"related_posts_padding":{"top":"49px","right":"0","bottom":"0","left":"0"},"related_post_title_font":{"preview-color":"light","font-family":"Rubik","font-backup":"","font-weight":"500","font-style":"","color":"#1c2534","font-size":"28px","line-height":"","letter-spacing":"","margin-top":"","margin-bottom":"","css-selectors":".related-posts h4","additional-css":""},"related_big_posts_font":{"preview-color":"light","font-family":"Rubik","font-backup":"","font-weight":"500","font-style":"","color":"#1c2534","font-size":"28px","line-height":"38px","letter-spacing":"","margin-top":"","margin-bottom":"","css-selectors":".related-posts.related4 .latestPost.big .title a","additional-css":""},"related_posts_excerpt_font":{"preview-color":"light","font-family":"Rubik","font-backup":"","font-weight":"300","font-style":"","color":"#70747a","font-size":"16px","line-height":"25px","letter-spacing":"","margin-top":"","margin-bottom":"","css-selectors":".related-posts .front-view-content","additional-css":""},"related_posts_font":{"preview-color":"light","font-family":"Rubik","font-backup":"","font-weight":"500","font-style":"","color":"#1c2534","font-size":"18px","line-height":"25px","letter-spacing":"","margin-top":"","margin-bottom":"","css-selectors":".related-posts .title a","additional-css":""},"related_posts_meta_font":{"preview-color":"light","font-family":"Rubik","font-backup":"","font-weight":"300","font-style":"","color":"#70747a","font-size":"13px","line-height":"","letter-spacing":"","margin-top":"","margin-bottom":"","css-selectors":".related-posts .post-info, .related-posts .post-info a","additional-css":""},"related_article_background":{"color":"","use":"pattern","image_pattern":"nobg","image_upload":"","repeat":"repeat","attachment":"scroll","position":"left top","size":"cover","gradient":{"from":"#ffffff","to":"#000000","direction":"0deg"},"parallax":"0"},"related_article_padding":{"top":"0","right":"0","bottom":"0","left":"0"},"related_article_text_padding":{"top":"0","right":"0","bottom":"0","left":"0"},"single_subscribe_box":"1","single_subscribe_background":{"color":"#ffffff","use":"pattern","image_pattern":"nobg","image_upload":"","repeat":"repeat","attachment":"scroll","position":"left top","size":"cover","gradient":{"from":"#ffffff","to":"#000000","direction":"0deg"},"parallax":"0"},"single_subscribe_margin":{"top":"0","right":"0","bottom":"0","left":"0"},"single_subscribe_padding":{"top":"59px","right":"0","bottom":"24px","left":"0"},"single_subscribe_border_radius":"0","single_subscribe_border":{"color":"#c7c9cd","direction":"top","size":"1","style":"solid"},"single_subscribe_title_font":{"preview-color":"light","font-family":"Rubik","font-backup":"","font-weight":"500","font-style":"","color":"#db1028","font-size":"28px","line-height":"","letter-spacing":"","margin-top":"","margin-bottom":"","css-selectors":".single-subscribe .widget #wp-subscribe .title","additional-css":""},"single_subscribe_text_font":{"preview-color":"light","font-family":"Rubik","font-backup":"","font-weight":"300","font-style":"","color":"#1c2534","font-size":"20px","line-height":"","letter-spacing":"","margin-top":"","margin-bottom":"","css-selectors":".single-subscribe .widget #wp-subscribe p.text, .single-subscribe .widget .wp-subscribe .wps-consent-wrapper label, .single-subscribe .widget .wp-subscribe-wrap .error, .single-subscribe .widget .wp-subscribe-wrap .thanks","additional-css":""},"single_subscribe_input_background":"#ffffff","single_subscribe_input_height":"64","single_subscribe_input_border_radius":"0","single_subscribe_input_border":{"color":"#dddfe1","direction":"all","size":"1","style":"solid"},"single_subscribe_input_font":{"preview-color":"light","font-family":"Rubik","font-backup":"","font-weight":"400","font-style":"","color":"#a7a9ad","font-size":"20px","line-height":"","letter-spacing":"","margin-top":"","margin-bottom":"","css-selectors":".single-subscribe .widget #wp-subscribe input.email-field, .single-subscribe .widget #wp-subscribe input.name-field","additional-css":""},"single_subscribe_submit_backgroud":"#db1028","single_subscribe_submit_border_radius":"0","single_subscribe_submit_border":{"color":"","direction":"all","size":"","style":"none"},"single_subscribe_submit_padding":{"top":"10px","right":"0","bottom":"10px","left":"0"},"single_subscribe_submit_font":{"preview-color":"dark","font-family":"Rubik","font-backup":"","font-weight":"500","font-style":"","color":"#ffffff","font-size":"18px","line-height":"","letter-spacing":"","margin-top":"","margin-bottom":"","css-selectors":".single-subscribe .widget #wp-subscribe input.submit","additional-css":""},"single_subscribe_small_text_font":{"preview-color":"light","font-family":"Rubik","font-backup":"","font-weight":"400","font-style":"","color":"#bec2c7","font-size":"13px","line-height":"20px","letter-spacing":"","margin-top":"","margin-bottom":"","css-selectors":".single-subscribe .widget .wp-subscribe-wrap p.footer-text","additional-css":""},"single_authorbox_background":{"color":"#ffffff","use":"pattern","image_pattern":"nobg","image_upload":"","repeat":"repeat","attachment":"scroll","position":"left top","size":"cover","gradient":{"from":"#ffffff","to":"#000000","direction":"0deg"},"parallax":"0"},"single_authorbox_margin":{"top":"0","right":"0","bottom":"0","left":"0"},"single_authorbox_padding":{"top":"49px","right":"0","bottom":"41px","left":"0"},"single_authorbox_border_radius":"0","single_authorbox_border":{"color":"#c7c9cd","direction":"top","size":"1","style":"solid"},"single_authorbox_title_font":{"preview-color":"light","font-family":"Rubik","font-backup":"","font-weight":"500","font-style":"","color":"#1c2534","font-size":"28px","line-height":"38px","letter-spacing":"","margin-top":"","margin-bottom":"","css-selectors":".postauthor h4","additional-css":""},"single_authorbox_author_name_font":{"preview-color":"light","font-family":"Rubik","font-backup":"","font-weight":"500","font-style":"","color":"#db1028","font-size":"32px","line-height":"41px","letter-spacing":"","margin-top":"","margin-bottom":"","css-selectors":".postauthor h5, .postauthor h5 a","additional-css":""},"single_authorbox_text_font":{"preview-color":"light","font-family":"Rubik","font-backup":"","font-weight":"300","font-style":"","color":"#1c2534","font-size":"21px","line-height":"41px","letter-spacing":"","margin-top":"","margin-bottom":"","css-selectors":".postauthor p","additional-css":""},"single_author_image_margin":{"top":"0","right":"40px","bottom":"0","left":"0"},"single_author_image_border_radius":"150"},"magnus_typography":{"last_tab":"typography-collection","magnus_logo":{"preview-color":"light","font-family":"Rubik","font-backup":"","font-weight":"700","font-style":"","color":"#db1028","font-size":"38px","line-height":"","letter-spacing":"","margin-top":"","margin-bottom":"","css-selectors":"#logo a","additional-css":""},"secondary_navigation_font":{"preview-color":"light","font-family":"Rubik","font-backup":"","font-weight":"normal","font-style":"","color":"#1c2534","font-size":"15px","line-height":"","letter-spacing":"","margin-top":"","margin-bottom":"","css-selectors":"#secondary-navigation a, .header-layout3 .navigation .toggle-caret","additional-css":""},"home_title_font":{"preview-color":"light","font-family":"Rubik","font-backup":"","font-weight":"500","font-style":"","color":"#1c2534","font-size":"40px","line-height":"46px","letter-spacing":"","margin-top":"","margin-bottom":"","css-selectors":".latestPost .title a","additional-css":""},"single_title_font":{"preview-color":"light","font-family":"Rubik","font-backup":"","font-weight":"500","font-style":"","color":"#1c2534","font-size":"36px","line-height":"44px","letter-spacing":"","margin-top":"","margin-bottom":"","css-selectors":".single-title","additional-css":""},"content_font":{"preview-color":"light","font-family":"Rubik","font-backup":"","font-weight":"300","font-style":"","color":"#1c2534","font-size":"20px","line-height":"36px","letter-spacing":"","margin-top":"","margin-bottom":"","css-selectors":"body","additional-css":""},"sidebar_title_font":{"preview-color":"light","font-family":"Rubik","font-backup":"","font-weight":"500","font-style":"","color":"#a7a9ad","font-size":"24px","line-height":"32px","letter-spacing":"","margin-top":"","margin-bottom":"","css-selectors":"#sidebar .widget h3.widget-title, .widget #wp-subscribe .title","additional-css":"text-transform: uppercase;"},"sidebar_url":{"preview-color":"light","font-family":"Rubik","font-backup":"","font-weight":"500","font-style":"","color":"#1c2534","font-size":"18px","line-height":"24px","letter-spacing":"","margin-top":"","margin-bottom":"","css-selectors":"#sidebar .widget a, #sidebar .widget li","additional-css":""},"sidebar_font":{"preview-color":"light","font-family":"Rubik","font-backup":"","font-weight":"300","font-style":"","color":"#70747a","font-size":"16px","line-height":"25px","letter-spacing":"","margin-top":"","margin-bottom":"","css-selectors":"#sidebar .widget p, #sidebar .widget .post-excerpt","additional-css":""},"top_footer_title_font":{"preview-color":"dark","font-family":"Rubik","font-backup":"","font-weight":"500","font-style":"","color":"#ffffff","font-size":"24px","line-height":"","letter-spacing":"","margin-top":"","margin-bottom":"","css-selectors":".footer-widgets h3, #site-footer .widget #wp-subscribe .title, .brands-title","additional-css":""},"top_footer_link_font":{"preview-color":"dark","font-family":"Rubik","font-backup":"","font-weight":"400","font-style":"","color":"#d7d7d9","font-size":"16px","line-height":"","letter-spacing":"","margin-top":"","margin-bottom":"","css-selectors":".f-widget a, footer .wpt_widget_content a, footer .wp_review_tab_widget_content a, footer .wpt_tab_widget_content a, footer .widget .wp_review_tab_widget_content a","additional-css":""},"top_footer_font":{"preview-color":"dark","font-family":"Rubik","font-backup":"","font-weight":"400","font-style":"","color":"#a8aaae","font-size":"16px","line-height":"28px","letter-spacing":"","margin-top":"","margin-bottom":"","css-selectors":".footer-widgets, .f-widget .top-posts .comment_num, footer .meta, footer .twitter_time, footer .widget .wpt_widget_content .wpt-postmeta, footer .widget .wpt_comment_content, footer .widget .wpt_excerpt, footer .wp_review_tab_widget_content .wp-review-tab-postmeta, footer .advanced-recent-posts p, footer .popular-posts p, footer .category-posts p, footer .widget .post-info","additional-css":""},"copyrights_font":{"preview-color":"dark","font-family":"Rubik","font-backup":"","font-weight":"400","font-style":"","color":"#a8aaae","font-size":"15px","line-height":"","letter-spacing":"","margin-top":"","margin-bottom":"","css-selectors":"#copyright-note, #copyright-note a","additional-css":""},"h1_headline":{"preview-color":"light","font-family":"Rubik","font-backup":"","font-weight":"500","font-style":"","color":"#1c2534","font-size":"28px","line-height":"","letter-spacing":"","margin-top":"","margin-bottom":"","css-selectors":"h1","additional-css":""},"h2_headline":{"preview-color":"light","font-family":"Rubik","font-backup":"","font-weight":"500","font-style":"","color":"#1c2534","font-size":"24px","line-height":"","letter-spacing":"","margin-top":"","margin-bottom":"","css-selectors":"h2","additional-css":""},"h3_headline":{"preview-color":"light","font-family":"Rubik","font-backup":"","font-weight":"500","font-style":"","color":"#1c2534","font-size":"22px","line-height":"","letter-spacing":"","margin-top":"","margin-bottom":"","css-selectors":"h3","additional-css":""},"h4_headline":{"preview-color":"light","font-family":"Rubik","font-backup":"","font-weight":"500","font-style":"","color":"#1c2534","font-size":"20px","line-height":"","letter-spacing":"","margin-top":"","margin-bottom":"","css-selectors":"h4","additional-css":""},"h5_headline":{"preview-color":"light","font-family":"Rubik","font-backup":"","font-weight":"500","font-style":"","color":"#1c2534","font-size":"18px","line-height":"","letter-spacing":"","margin-top":"","margin-bottom":"","css-selectors":"h5","additional-css":""},"h6_headline":{"preview-color":"light","font-family":"Rubik","font-backup":"","font-weight":"500","font-style":"","color":"#1c2534","font-size":"16px","line-height":"","letter-spacing":"","margin-top":"","margin-bottom":"","css-selectors":"h6","additional-css":""},"typography-subsets":{"latin":"latin"}},"mts-opts-backup":"1"}
