{"sidebar":{"mts_post_slider_widget-2":{"title":"","cat":null,"slides_num":4,"slider_nav":"arrows","show_title":1},"mts_ad_300_widget-2":{"title":"","ad":"https:\/\/demo.mythemeshop.com\/socialnow-health\/files\/2017\/01\/HHL-BANNER-3.png","link":"http:\/\/demo.mythemeshop.com\/s\/?theme=SocialNow"},"wp_review_tab_widget-2":{"widget_title":"","tabs":{"toprated":"1","recent":"1"},"tab_order":{"toprated":"1","recent":"2","mostvoted":"3","custom":"4"},"tab_titles":{"toprated":"Top Rated","recent":"Recent","mostvoted":"Most Voted","custom":"Editor's choice"},"review_type":"any","allow_pagination":"1","post_num":"3","title_length":"15","thumb_size":"small","show_date":"1","custom_reviews":""},"wpt_widget-2":{"tabs":{"popular":"1","recent":"1"},"tab_order":{"popular":"1","recent":"2","comments":"3","tags":"4"},"allow_pagination":"1","post_num":"3","title_length":"15","comment_num":"5","show_thumb":"1","thumb_size":"small","show_date":"1","show_excerpt":null,"excerpt_length":"15","show_comment_num":null,"show_avatar":"1","show_love":null},"categories-4":{"title":"","count":1,"hierarchical":1,"dropdown":0}}}