{"sidebar":{"mts_aboutme_widget-2":{"title":"","aboutme_image_url":"https:\/\/demo.mythemeshop.com\/lifestyle-beauty\/files\/2017\/10\/about-me.jpg","aboutme_description":"Aenean sagittis, urna et mollis luctus, metus massa eleifend metus, sed commodo enim elit in lacus. Suspendisse mattis sapien a dapibus convallis. Mauris fermentum nulla eget nisl elementum malesuada.","facebook":"#","twitter":"#","instagram":"#","pinterest":"#","gplus":"","linkedin":""},"single_category_posts_widget-2":{"title":"Hottest","cat":5,"title_length":7,"qty":3,"comment_num":1,"date":1,"show_thumb1":1,"box_layout":"vertical-small","show_excerpt":0,"excerpt_length":10},"facebook-like-widget-2":{"title":"Find us on Facebook","page_url":"https:\/\/www.facebook.com\/MyThemeShop\/","width":"300","show_faces":"on","show_stream":null,"show_header":"on"},"tag_cloud-2":{"title":"","count":0,"taxonomy":"post_tag"}}}