{"sidebar":{"wp_subscribe-2":{"title":"Get more stuff","service":"feedburner","aweber_consumer_key":"","aweber_consumer_secret":"","aweber_access_key":"","aweber_access_secret":"","aweber_account_id":"","aweber_list_id":"none","feedburner_id":"","mailchimp_api_key":"","mailchimp_list_id":"none","mailchimp_double_optin":"0","include_name_field":"0","text":"Subscribe to our mailing list and get interesting stuff and updates to your email inbox.","name_placeholder":"Enter your name here","email_placeholder":"Enter your email here","button_text":"Sign Up Now","success_message":"Thank you for subscribing.","error_message":"Something went wrong.","footer_text":"we respect your privacy and take protecting it seriously"},"mts_crypto_price_converter_widget-2":{"title":"","coin":"BTC","currencies":"USD,EUR,CNY,GBP,RUB"},"mts_popular_posts_widget-2":{"title":"Popular Posts","qty":3,"title_length":10,"comment_num":0,"date":0,"days":99999,"show_thumb3":1,"box_layout":"vertical-small","show_excerpt":0,"excerpt_length":10},"mts_crypto_price_chart_widget-2":{"title":"","coin":"BTC","coin_url":"https:\/\/demo.mythemeshop.com\/crypto\/bitcoin-price-index\/","price_against":"USD"},"mts_recent_posts_widget-2":{"title":"Recent Posts","qty":5,"title_length":7,"comment_num":1,"date":1,"show_thumb2":1,"box_layout":"horizontal-small","show_excerpt":0,"excerpt_length":10}},"widget-header":{"mts_ad_728_widget-2":{"title":"","ad":"https:\/\/demo.mythemeshop.com\/crypto\/files\/2018\/02\/header-banner.jpg","link":"https:\/\/mythemeshop.com\/themes\/crypto\/"}},"home-featured":{"wpt_widget-2":{"tabs":{"popular":"1","recent":"1"},"tab_order":{"popular":"1","recent":"2","comments":"3","tags":"4"},"allow_pagination":null,"post_num":"5","title_length":"15","comment_num":"5","show_thumb":"1","thumb_size":"small","show_date":"1","show_excerpt":null,"excerpt_length":"15","show_comment_num":null,"show_avatar":"1","show_love":null}},"footer-first":{"text-2":{"title":"About Us","text":"Aenean vehicula consectetur quam, ut efficitur nisl ornare id. Pellentesque habitant morbi tristique senectus et netus et malesuada fames ac turpis egestas.\r\n\r\nVestibulum nunc tellus, congue vitae suscipit vel, ullamcorper vitae dolor. Vestibulum hendrerit lorem in elit blandit, vitae ornare libero varius. Quisque blandit nibh nec libero consectetur, eget mattis ligula posuere.","filter":true,"visual":true}},"footer-first-2":{"tag_cloud-2":{"title":"","count":0,"taxonomy":"post_tag"}},"footer-first-3":{"social-profile-icons-2":{"title":"Follow Us","facebook":"#","behance":"","flickr":"#","gplus":"#","pinterest":"#","instagram":"#","dribbble":"#","linkedin":"#","soundcloud":"#","twitter":"#","vimeo":"#","stumbleupon":"#","tumblr":"#","github":"#","youtube":"#","foursquare":"#","reddit":"#","dropbox":"#","skype":"#","email":"","rss":"#"}},"shop-sidebar":{"woocommerce_product_search-2":{"title":""},"woocommerce_price_filter-2":{"title":"Filter by price"},"woocommerce_recently_viewed_products-2":{"title":"Recently Viewed Products","number":10},"woocommerce_product_categories-2":{"title":"Product categories","orderby":"name","dropdown":0,"count":0,"hierarchical":1,"show_children_only":0,"hide_empty":0,"max_depth":""}},"product-sidebar":{"woocommerce_product_search-3":{"title":""},"woocommerce_products-2":{"title":"Products","number":5,"show":"","orderby":"date","order":"desc","hide_free":0,"show_hidden":0},"woocommerce_rating_filter-2":{"title":"Average rating"},"woocommerce_recent_reviews-2":{"title":"Recent reviews","number":10}}}